Age,Age_Group,Attriation_Num,Attrition,Attrition Status,Attrition_Flag,BusinessTravel,Current_Role_Tenure_Band,DailyRate,Department,dept,Distance_Band,DistanceFromHome,Education,Education_Label,EducationField,EmpID,Env_Sat_lable,EnvironmentSatisfaction,Experience_Band,Gender,HourlyRate,Income_Band,Job_Involve_lable,Job_Sat_lable,JobInvolvement,JobLevel,JobRole,JobSatisfaction,MaritalStatus,MonthlyIncome,MonthlyRate,NumCompaniesWorked,OverTime,Overtime Custom,OverTime_Flag,PercentSalaryHike,PerformanceRating,Previous_Employers_Band,Promotion Band new,Sum of Promotion Band Sort,Promotion_Gap_Band,Relationship_Sat_lable,RelationshipSatisfaction,Salary_Hike_Band,StockOptionLevel,Tenure_Band,Total Working Experience Band,TrainingTimesLastYear,TotalWorkingYears,W_L_Balance_lable,WorkLifeBalance,YearsAtCompany,YearsInCurrentRole,YearsSinceLastPromotion,YearsWithCurrManager
18,Under 25,0,No,Active,0,Non-Travel,0-2 Years,287,Research & Development,R & D,0-5,5,2,College,Life Sciences,EMP-1012,Medium,2,0-5 Years,Male,73,$0-$3000,High,Very High,3,1,Research Scientist,4,Single,1051,13493,1,No,Standard,0,15,3,1-2,0-1 Years,1,0-2 Years,Very High,4,11-15%,0,0-1 Years,0–5 Years,2,0,High,3,0,0,0,0
18,Under 25,0,No,Active,0,Non-Travel,0-2 Years,1124,Research & Development,R & D,0-5,1,3,Bachelor,Life Sciences,EMP-1368,Very High,4,0-5 Years,Female,97,$0-$3000,High,Very High,3,1,Laboratory Technician,4,Single,1611,19305,1,No,Standard,0,15,3,1-2,0-1 Years,1,0-2 Years,High,3,11-15%,0,0-1 Years,0–5 Years,5,0,Very High,4,0,0,0,0
18,Under 25,0,No,Active,0,Non-Travel,0-2 Years,1431,Research & Development,R & D,11-20,14,3,Bachelor,Medical,EMP-1839,Medium,2,0-5 Years,Female,33,$0-$3000,High,High,3,1,Research Scientist,3,Single,1514,8018,1,No,Standard,0,16,3,1-2,0-1 Years,1,0-2 Years,High,3,16-20%,0,0-1 Years,0–5 Years,4,0,Low,1,0,0,0,0
18,Under 25,0,No,Active,0,Travel_Rarely,0-2 Years,812,Sales,Sales,6-10,10,3,Bachelor,Medical,EMP-411,Very High,4,0-5 Years,Female,69,$0-$3000,Medium,High,2,1,Sales Representative,3,Single,1200,9724,1,No,Standard,0,12,3,1-2,0-1 Years,1,0-2 Years,Low,1,11-15%,0,0-1 Years,0–5 Years,2,0,High,3,0,0,0,0
18,Under 25,1,Yes,Left,1,Non-Travel,0-2 Years,247,Research & Development,R & D,6-10,8,1,Below College,Medical,EMP-1156,High,3,0-5 Years,Male,80,$0-$3000,High,High,3,1,Laboratory Technician,3,Single,1904,13556,1,No,Standard,0,12,3,1-2,0-1 Years,1,0-2 Years,Very High,4,11-15%,0,0-1 Years,0–5 Years,0,0,High,3,0,0,0,0
18,Under 25,1,Yes,Left,1,Travel_Frequently,0-2 Years,544,Sales,Sales,0-5,3,2,College,Medical,EMP-1624,Medium,2,0-5 Years,Female,70,$0-$3000,High,Very High,3,1,Sales Representative,4,Single,1569,18420,1,Yes,Overtime,1,12,3,1-2,0-1 Years,1,0-2 Years,High,3,11-15%,0,0-1 Years,0–5 Years,2,0,Very High,4,0,0,0,0
18,Under 25,1,Yes,Left,1,Travel_Frequently,0-2 Years,1306,Sales,Sales,0-5,5,3,Bachelor,Marketing,EMP-614,Medium,2,0-5 Years,Male,69,$0-$3000,High,Medium,3,1,Sales Representative,2,Single,1878,8059,1,Yes,Overtime,1,14,3,1-2,0-1 Years,1,0-2 Years,Very High,4,11-15%,0,0-1 Years,0–5 Years,3,0,High,3,0,0,0,0
18,Under 25,1,Yes,Left,1,Travel_Rarely,0-2 Years,230,Research & Development,R & D,0-5,3,3,Bachelor,Life Sciences,EMP-405,High,3,0-5 Years,Male,54,$0-$3000,High,High,3,1,Laboratory Technician,3,Single,1420,25233,1,No,Standard,0,13,3,1-2,0-1 Years,1,0-2 Years,High,3,11-15%,0,0-1 Years,0–5 Years,2,0,High,3,0,0,0,0
19,Under 25,0,No,Active,0,Travel_Rarely,0-2 Years,265,Research & Development,R & D,21+,25,3,Bachelor,Life Sciences,EMP-1269,Medium,2,0-5 Years,Female,57,$0-$3000,Very High,Very High,4,1,Research Scientist,4,Single,2994,21221,1,Yes,Overtime,1,12,3,1-2,0-1 Years,1,0-2 Years,Very High,4,11-15%,0,0-1 Years,0–5 Years,2,1,High,3,1,0,0,1
19,Under 25,0,No,Active,0,Travel_Rarely,0-2 Years,645,Research & Development,R & D,6-10,9,2,College,Life Sciences,EMP-1193,High,3,0-5 Years,Male,54,$0-$3000,High,Low,3,1,Research Scientist,1,Single,2552,7172,1,No,Standard,0,25,4,1-2,0-1 Years,1,0-2 Years,High,3,21%+,0,0-1 Years,0–5 Years,4,1,High,3,1,1,0,0
19,Under 25,0,No,Active,0,Travel_Rarely,0-2 Years,1181,Research & Development,R & D,0-5,3,1,Below College,Medical,EMP-201,Medium,2,0-5 Years,Female,79,$0-$3000,High,Medium,3,1,Laboratory Technician,2,Single,1483,16102,1,No,Standard,0,14,3,1-2,0-1 Years,1,0-2 Years,Very High,4,11-15%,0,0-1 Years,0–5 Years,3,1,High,3,1,0,0,0
19,Under 25,1,Yes,Left,1,Non-Travel,0-2 Years,504,Research & Development,R & D,6-10,10,3,Bachelor,Medical,EMP-1248,Low,1,0-5 Years,Female,96,$0-$3000,Medium,Medium,2,1,Research Scientist,2,Single,1859,6148,1,Yes,Overtime,1,25,4,1-2,0-1 Years,1,0-2 Years,Medium,2,21%+,0,0-1 Years,0–5 Years,2,1,Very High,4,1,1,0,0
19,Under 25,1,Yes,Left,1,Travel_Frequently,0-2 Years,602,Sales,Sales,0-5,1,1,Below College,Technical Degree,EMP-235,High,3,0-5 Years,Female,100,$0-$3000,Low,Low,1,1,Sales Representative,1,Single,2325,20989,0,No,Standard,0,21,4,0,0-1 Years,1,0-2 Years,Low,1,21%+,0,0-1 Years,0–5 Years,5,1,Very High,4,0,0,0,0
19,Under 25,1,Yes,Left,1,Travel_Rarely,0-2 Years,303,Research & Development,R & D,0-5,2,3,Bachelor,Life Sciences,EMP-243,Medium,2,0-5 Years,Male,47,$0-$3000,Medium,Very High,2,1,Laboratory Technician,4,Single,1102,9241,1,No,Standard,0,22,4,1-2,0-1 Years,1,0-2 Years,High,3,21%+,0,0-1 Years,0–5 Years,3,1,Medium,2,1,0,1,0
19,Under 25,1,Yes,Left,1,Travel_Rarely,0-2 Years,419,Sales,Sales,21+,21,3,Bachelor,Other,EMP-959,Very High,4,0-5 Years,Male,37,$0-$3000,Medium,Medium,2,1,Sales Representative,2,Single,2121,9947,1,Yes,Overtime,1,13,3,1-2,0-1 Years,1,0-2 Years,Medium,2,11-15%,0,0-1 Years,0–5 Years,3,1,Very High,4,1,0,0,0
19,Under 25,1,Yes,Left,1,Travel_Rarely,0-2 Years,489,Human Resources,HR,0-5,2,2,College,Technical Degree,EMP-566,Low,1,0-5 Years,Male,52,$0-$3000,Medium,Very High,2,1,Human Resources,4,Single,2564,18437,1,No,Standard,0,12,3,1-2,0-1 Years,1,0-2 Years,High,3,11-15%,0,0-1 Years,0–5 Years,3,1,Very High,4,1,0,0,0
19,Under 25,1,Yes,Left,1,Travel_Rarely,0-2 Years,528,Sales,Sales,21+,22,1,Below College,Marketing,EMP-167,Very High,4,0-5 Years,Male,50,$0-$3000,High,High,3,1,Sales Representative,3,Single,1675,26820,1,Yes,Overtime,1,19,3,1-2,0-1 Years,1,0-2 Years,Very High,4,16-20%,0,0-1 Years,0–5 Years,2,0,Medium,2,0,0,0,0
20,Under 25,0,No,Active,0,Travel_Rarely,0-2 Years,654,Sales,Sales,21+,21,3,Bachelor,Marketing,EMP-1226,High,3,0-5 Years,Male,43,$0-$3000,Very High,Very High,4,1,Sales Representative,4,Single,2678,5050,1,No,Standard,0,17,3,1-2,2–3 Years,2,0-2 Years,Very High,4,16-20%,0,2-5 Years,0–5 Years,2,2,High,3,2,1,2,2
20,Under 25,0,No,Active,0,Travel_Rarely,0-2 Years,727,Sales,Sales,6-10,9,1,Below College,Life Sciences,EMP-1680,Very High,4,0-5 Years,Male,54,$0-$3000,High,Low,3,1,Sales Representative,1,Single,2728,21082,1,No,Standard,0,11,3,1-2,0-1 Years,1,0-2 Years,Low,1,11-15%,0,2-5 Years,0–5 Years,3,2,High,3,2,2,0,2
20,Under 25,0,No,Active,0,Travel_Rarely,0-2 Years,805,Research & Development,R & D,0-5,3,3,Bachelor,Life Sciences,EMP-1198,Low,1,0-5 Years,Male,87,$3000-$5000,Medium,High,2,1,Laboratory Technician,3,Single,3033,12828,1,No,Standard,0,12,3,1-2,0-1 Years,1,0-2 Years,Low,1,11-15%,0,2-5 Years,0–5 Years,2,2,Medium,2,2,2,1,2
20,Under 25,0,No,Active,0,Travel_Rarely,0-2 Years,959,Research & Development,R & D,0-5,1,3,Bachelor,Life Sciences,EMP-657,Very High,4,0-5 Years,Female,83,$0-$3000,Medium,Medium,2,1,Research Scientist,2,Single,2836,11757,1,No,Standard,0,13,3,1-2,0-1 Years,1,0-2 Years,Very High,4,11-15%,0,0-1 Years,0–5 Years,0,1,Very High,4,1,0,0,0
20,Under 25,0,No,Active,0,Travel_Rarely,0-2 Years,1141,Sales,Sales,0-5,2,3,Bachelor,Medical,EMP-1657,High,3,0-5 Years,Female,31,$0-$3000,High,High,3,1,Sales Representative,3,Single,2783,13251,1,No,Standard,0,19,3,1-2,2–3 Years,2,0-2 Years,Low,1,16-20%,0,2-5 Years,0–5 Years,3,2,High,3,2,2,2,2
20,Under 25,1,Yes,Left,1,Travel_Frequently,0-2 Years,769,Sales,Sales,6-10,9,3,Bachelor,Marketing,EMP-1077,Very High,4,0-5 Years,Female,54,$0-$3000,High,Very High,3,1,Sales Representative,4,Single,2323,17205,1,Yes,Overtime,1,14,3,1-2,0-1 Years,1,0-2 Years,Medium,2,11-15%,0,2-5 Years,0–5 Years,3,2,High,3,2,2,0,2
20,Under 25,1,Yes,Left,1,Travel_Frequently,0-2 Years,871,Research & Development,R & D,6-10,6,3,Bachelor,Life Sciences,EMP-137,Very High,4,0-5 Years,Female,66,$0-$3000,Medium,Very High,2,1,Laboratory Technician,4,Single,2926,19783,1,Yes,Overtime,1,18,3,1-2,0-1 Years,1,0-2 Years,Medium,2,16-20%,0,0-1 Years,0–5 Years,5,1,High,3,1,0,1,0
20,Under 25,1,Yes,Left,1,Travel_Rarely,0-2 Years,129,Research & Development,R & D,0-5,4,3,Bachelor,Technical Degree,EMP-960,Low,1,0-5 Years,Male,84,$0-$3000,High,Low,3,1,Laboratory Technician,1,Single,2973,13008,1,No,Standard,0,19,3,1-2,0-1 Years,1,0-2 Years,Medium,2,16-20%,0,0-1 Years,0–5 Years,2,1,High,3,1,0,0,0
20,Under 25,1,Yes,Left,1,Travel_Rarely,0-2 Years,500,Sales,Sales,0-5,2,3,Bachelor,Medical,EMP-922,High,3,0-5 Years,Female,49,$0-$3000,Medium,High,2,1,Sales Representative,3,Single,2044,22052,1,No,Standard,0,13,3,1-2,0-1 Years,1,0-2 Years,Very High,4,11-15%,0,2-5 Years,0–5 Years,3,2,Medium,2,2,2,0,2
20,Under 25,1,Yes,Left,1,Travel_Rarely,0-2 Years,1097,Research & Development,R & D,11-20,11,3,Bachelor,Medical,EMP-1016,Very High,4,0-5 Years,Female,98,$0-$3000,Medium,Low,2,1,Research Scientist,1,Single,2600,18275,1,Yes,Overtime,1,15,3,1-2,0-1 Years,1,0-2 Years,Low,1,11-15%,0,0-1 Years,0–5 Years,2,1,High,3,1,0,0,0
20,Under 25,1,Yes,Left,1,Travel_Rarely,0-2 Years,1362,Research & Development,R & D,6-10,10,1,Below College,Medical,EMP-701,Very High,4,0-5 Years,Male,32,$0-$3000,High,High,3,1,Research Scientist,3,Single,1009,26999,1,Yes,Overtime,1,11,3,1-2,0-1 Years,1,0-2 Years,Very High,4,11-15%,0,0-1 Years,0–5 Years,5,1,High,3,1,0,1,1
21,Under 25,0,No,Active,0,Non-Travel,0-2 Years,895,Sales,Sales,6-10,9,2,College,Medical,EMP-484,Low,1,0-5 Years,Male,39,$0-$3000,High,Very High,3,1,Sales Representative,4,Single,2610,2851,1,No,Standard,0,24,4,1-2,2–3 Years,2,0-2 Years,High,3,21%+,0,2-5 Years,0–5 Years,3,3,Medium,2,3,2,2,2
21,Under 25,0,No,Active,0,Travel_Rarely,0-2 Years,391,Research & Development,R & D,11-20,15,2,College,Life Sciences,EMP-30,High,3,0-5 Years,Male,96,$0-$3000,High,Very High,3,1,Research Scientist,4,Single,1232,19281,1,No,Standard,0,14,3,1-2,0-1 Years,1,0-2 Years,Very High,4,11-15%,0,0-1 Years,0–5 Years,6,0,High,3,0,0,0,0
21,Under 25,0,No,Active,0,Travel_Rarely,0-2 Years,501,Sales,Sales,0-5,5,1,Below College,Medical,EMP-2021,High,3,0-5 Years,Male,58,$0-$3000,High,Low,3,1,Sales Representative,1,Single,2380,25479,1,Yes,Overtime,1,11,3,1-2,0-1 Years,1,0-2 Years,Very High,4,11-15%,0,2-5 Years,0–5 Years,6,2,High,3,2,2,1,2
21,Under 25,0,No,Active,0,Travel_Rarely,0-2 Years,546,Research & Development,R & D,0-5,5,1,Below College,Medical,EMP-1623,High,3,0-5 Years,Male,97,$3000-$5000,High,Very High,3,1,Research Scientist,4,Single,3117,26009,1,No,Standard,0,18,3,1-2,2–3 Years,2,0-2 Years,High,3,16-20%,0,2-5 Years,0–5 Years,2,3,High,3,2,2,2,2
21,Under 25,0,No,Active,0,Travel_Rarely,0-2 Years,984,Research & Development,R & D,0-5,1,1,Below College,Technical Degree,EMP-1131,Very High,4,0-5 Years,Female,70,$0-$3000,Medium,Medium,2,1,Research Scientist,2,Single,2070,25326,1,Yes,Overtime,1,11,3,1-2,2–3 Years,2,0-2 Years,High,3,11-15%,0,2-5 Years,0–5 Years,6,2,Very High,4,2,2,2,2
21,Under 25,0,No,Active,0,Travel_Rarely,0-2 Years,996,Research & Development,R & D,0-5,3,2,College,Medical,EMP-379,Very High,4,0-5 Years,Male,100,$3000-$5000,Medium,High,2,1,Research Scientist,3,Single,3230,10531,1,No,Standard,0,17,3,1-2,0-1 Years,1,0-2 Years,Low,1,16-20%,0,2-5 Years,0–5 Years,4,3,Very High,4,3,2,1,0
21,Under 25,0,No,Active,0,Travel_Rarely,0-2 Years,1343,Sales,Sales,21+,22,1,Below College,Technical Degree,EMP-669,High,3,0-5 Years,Male,49,$3000-$5000,High,High,3,1,Sales Representative,3,Single,3447,24444,1,No,Standard,0,11,3,1-2,0-1 Years,1,0-2 Years,High,3,11-15%,0,2-5 Years,0–5 Years,2,3,High,3,3,2,1,2
21,Under 25,1,Yes,Left,1,Travel_Frequently,0-2 Years,251,Research & Development,R & D,6-10,10,2,College,Life Sciences,EMP-1279,Low,1,0-5 Years,Female,45,$0-$3000,Medium,High,2,1,Laboratory Technician,3,Single,2625,25308,1,No,Standard,0,20,4,1-2,2–3 Years,2,0-2 Years,High,3,16-20%,0,2-5 Years,0–5 Years,2,2,Low,1,2,2,2,2
21,Under 25,1,Yes,Left,1,Travel_Frequently,0-2 Years,756,Sales,Sales,0-5,1,1,Below College,Technical Degree,EMP-478,Low,1,0-5 Years,Female,99,$0-$3000,Medium,Medium,2,1,Sales Representative,2,Single,2174,9150,1,Yes,Overtime,1,11,3,1-2,0-1 Years,1,0-2 Years,High,3,11-15%,0,2-5 Years,0–5 Years,3,3,High,3,3,2,1,2
21,Under 25,1,Yes,Left,1,Travel_Rarely,0-2 Years,156,Sales,Sales,11-20,12,3,Bachelor,Life Sciences,EMP-494,High,3,0-5 Years,Female,90,$0-$3000,Very High,Medium,4,1,Sales Representative,2,Single,2716,25422,1,No,Standard,0,15,3,1-2,0-1 Years,1,0-2 Years,Very High,4,11-15%,0,0-1 Years,0–5 Years,0,1,High,3,1,0,0,0
21,Under 25,1,Yes,Left,1,Travel_Rarely,0-2 Years,337,Sales,Sales,6-10,7,1,Below College,Marketing,EMP-1780,Medium,2,0-5 Years,Male,31,$0-$3000,High,Medium,3,1,Sales Representative,2,Single,2679,4567,1,No,Standard,0,13,3,1-2,0-1 Years,1,0-2 Years,Medium,2,11-15%,0,0-1 Years,0–5 Years,3,1,High,3,1,0,1,0
21,Under 25,1,Yes,Left,1,Travel_Rarely,0-2 Years,1334,Research & Development,R & D,6-10,10,3,Bachelor,Life Sciences,EMP-1079,High,3,0-5 Years,Female,36,$0-$3000,Medium,Low,2,1,Laboratory Technician,1,Single,1416,17258,1,No,Standard,0,13,3,1-2,0-1 Years,1,0-2 Years,Low,1,11-15%,0,0-1 Years,0–5 Years,6,1,Medium,2,1,0,1,0
21,Under 25,1,Yes,Left,1,Travel_Rarely,0-2 Years,1427,Research & Development,R & D,11-20,18,1,Below College,Other,EMP-923,Very High,4,0-5 Years,Female,65,$0-$3000,High,Very High,3,1,Research Scientist,4,Single,2693,8870,1,No,Standard,0,19,3,1-2,0-1 Years,1,0-2 Years,Low,1,16-20%,0,0-1 Years,0–5 Years,3,1,Medium,2,1,0,0,0
22,Under 25,0,No,Active,0,Non-Travel,0-2 Years,457,Research & Development,R & D,21+,26,2,College,Other,EMP-1605,Medium,2,0-5 Years,Female,85,$0-$3000,Medium,High,2,1,Research Scientist,3,Married,2814,10293,1,Yes,Overtime,1,14,3,1-2,0-1 Years,1,0-2 Years,Medium,2,11-15%,0,2-5 Years,0–5 Years,2,4,Medium,2,4,2,1,3
22,Under 25,0,No,Active,0,Non-Travel,0-2 Years,1123,Research & Development,R & D,11-20,16,2,College,Medical,EMP-22,Very High,4,0-5 Years,Male,96,$0-$3000,Very High,Very High,4,1,Laboratory Technician,4,Divorced,2935,7324,1,Yes,Overtime,1,13,3,1-2,0-1 Years,1,0-2 Years,Medium,2,11-15%,2,0-1 Years,0–5 Years,2,1,Medium,2,1,0,0,0
22,Under 25,0,No,Active,0,Travel_Rarely,0-2 Years,253,Research & Development,R & D,11-20,11,3,Bachelor,Medical,EMP-511,Low,1,0-5 Years,Female,43,$0-$3000,High,Medium,3,1,Research Scientist,2,Married,2244,24440,1,No,Standard,0,13,3,1-2,0-1 Years,1,0-2 Years,Very High,4,11-15%,1,2-5 Years,0–5 Years,1,2,High,3,2,1,1,2
22,Under 25,0,No,Active,0,Travel_Rarely,0-2 Years,534,Research & Development,R & D,11-20,15,3,Bachelor,Medical,EMP-144,Medium,2,0-5 Years,Female,59,$0-$3000,High,Very High,3,1,Laboratory Technician,4,Single,2871,23785,1,No,Standard,0,15,3,1-2,0-1 Years,1,0-2 Years,High,3,11-15%,0,0-1 Years,0–5 Years,5,1,High,3,0,0,0,0
22,Under 25,0,No,Active,0,Travel_Rarely,0-2 Years,581,Research & Development,R & D,0-5,1,2,College,Life Sciences,EMP-2007,Very High,4,0-5 Years,Male,63,$3000-$5000,High,High,3,1,Research Scientist,3,Single,3375,17624,0,No,Standard,0,12,3,0,0-1 Years,1,0-2 Years,Very High,4,11-15%,0,2-5 Years,0–5 Years,2,4,Very High,4,3,2,1,2
22,Under 25,0,No,Active,0,Travel_Rarely,0-2 Years,594,Research & Development,R & D,0-5,2,1,Below College,Technical Degree,EMP-169,High,3,0-5 Years,Male,100,$0-$3000,High,Very High,3,1,Laboratory Technician,4,Married,2523,19299,0,No,Standard,0,14,3,0,2–3 Years,2,0-2 Years,High,3,11-15%,1,2-5 Years,0–5 Years,2,3,High,3,2,1,2,1
22,Under 25,0,No,Active,0,Travel_Rarely,0-2 Years,604,Research & Development,R & D,6-10,6,1,Below College,Medical,EMP-675,Low,1,0-5 Years,Male,69,$0-$3000,High,High,3,1,Research Scientist,3,Married,2773,12145,0,No,Standard,0,20,4,0,2–3 Years,2,0-2 Years,Very High,4,16-20%,0,2-5 Years,0–5 Years,3,3,High,3,2,2,2,2
22,Under 25,0,No,Active,0,Travel_Rarely,0-2 Years,1136,Research & Development,R & D,0-5,5,3,Bachelor,Life Sciences,EMP-284,Very High,4,0-5 Years,Male,60,$0-$3000,Very High,Medium,4,1,Research Scientist,2,Divorced,2328,12392,1,Yes,Overtime,1,16,3,1-2,2–3 Years,2,0-2 Years,Low,1,16-20%,1,2-5 Years,0–5 Years,2,4,Medium,2,4,2,2,2
22,Under 25,0,No,Active,0,Travel_Rarely,0-2 Years,1230,Research & Development,R & D,0-5,1,2,College,Life Sciences,EMP-872,Very High,4,0-5 Years,Male,33,$3000-$5000,Medium,Very High,2,2,Manufacturing Director,4,Married,4775,19146,6,No,Standard,0,22,4,9+,2–3 Years,2,0-2 Years,Low,1,21%+,2,2-5 Years,0–5 Years,2,4,Low,1,2,2,2,2
22,Under 25,0,No,Active,0,Travel_Rarely,0-2 Years,1256,Research & Development,R & D,11-20,19,1,Below College,Medical,EMP-217,High,3,0-5 Years,Male,80,$0-$3000,High,Very High,3,1,Research Scientist,4,Married,2323,11992,1,No,Standard,0,24,4,1-2,2–3 Years,2,0-2 Years,Low,1,21%+,2,2-5 Years,0–5 Years,6,2,High,3,2,2,2,2
22,Under 25,0,No,Active,0,Travel_Rarely,3-5 Years,217,Research & Development,R & D,6-10,8,1,Below College,Life Sciences,EMP-1019,Medium,2,0-5 Years,Male,94,$0-$3000,Low,Low,1,1,Laboratory Technician,1,Married,2451,6881,1,No,Standard,0,15,3,1-2,0-1 Years,1,0-2 Years,Low,1,11-15%,1,2-5 Years,0–5 Years,3,4,Medium,2,4,3,1,1
22,Under 25,1,Yes,Left,1,Travel_Frequently,0-2 Years,1256,Research & Development,R & D,0-5,3,4,Master,Life Sciences,EMP-1203,High,3,0-5 Years,Male,48,$0-$3000,Medium,Very High,2,1,Research Scientist,4,Married,2853,4223,0,Yes,Overtime,1,11,3,0,0-1 Years,1,0-2 Years,Medium,2,11-15%,1,0-1 Years,0–5 Years,5,1,High,3,0,0,0,0
22,Under 25,1,Yes,Left,1,Travel_Frequently,0-2 Years,1368,Research & Development,R & D,0-5,4,1,Below College,Technical Degree,EMP-593,High,3,0-5 Years,Male,99,$3000-$5000,Medium,High,2,1,Laboratory Technician,3,Single,3894,9129,5,No,Standard,0,16,3,9+,0-1 Years,1,0-2 Years,High,3,16-20%,0,2-5 Years,0–5 Years,3,4,High,3,2,2,1,2
22,Under 25,1,Yes,Left,1,Travel_Rarely,0-2 Years,391,Research & Development,R & D,6-10,7,1,Below College,Life Sciences,EMP-1878,Very High,4,0-5 Years,Male,75,$0-$3000,High,Medium,3,1,Research Scientist,2,Single,2472,26092,1,Yes,Overtime,1,23,4,1-2,0-1 Years,1,0-2 Years,Low,1,21%+,0,0-1 Years,0–5 Years,2,1,High,3,1,0,0,0
22,Under 25,1,Yes,Left,1,Travel_Rarely,0-2 Years,617,Research & Development,R & D,0-5,3,1,Below College,Life Sciences,EMP-926,Medium,2,0-5 Years,Female,34,$3000-$5000,High,High,3,2,Manufacturing Director,3,Married,4171,10022,0,Yes,Overtime,1,19,3,0,0-1 Years,1,0-2 Years,Low,1,16-20%,1,2-5 Years,0–5 Years,3,4,Very High,4,3,2,0,2
22,Under 25,1,Yes,Left,1,Travel_Rarely,0-2 Years,1294,Research & Development,R & D,6-10,8,1,Below College,Medical,EMP-1783,High,3,0-5 Years,Female,79,$0-$3000,High,Low,3,1,Laboratory Technician,1,Married,2398,15999,1,Yes,Overtime,1,17,3,1-2,0-1 Years,1,0-2 Years,High,3,16-20%,0,0-1 Years,0–5 Years,6,1,High,3,1,0,0,0
23,Under 25,0,No,Active,0,Travel_Rarely,0-2 Years,160,Research & Development,R & D,0-5,4,1,Below College,Medical,EMP-1735,High,3,0-5 Years,Female,51,$3000-$5000,High,Medium,3,1,Laboratory Technician,2,Single,3295,12862,1,No,Standard,0,13,3,1-2,0-1 Years,1,0-2 Years,High,3,11-15%,0,2-5 Years,0–5 Years,3,3,Low,1,3,2,1,2
23,Under 25,0,No,Active,0,Travel_Rarely,0-2 Years,310,Research & Development,R & D,6-10,10,1,Below College,Medical,EMP-784,Low,1,0-5 Years,Male,79,$3000-$5000,Very High,High,4,1,Research Scientist,3,Single,3505,19630,1,No,Standard,0,18,3,1-2,0-1 Years,1,0-2 Years,Very High,4,16-20%,0,2-5 Years,0–5 Years,3,2,High,3,2,2,0,2
23,Under 25,0,No,Active,0,Travel_Rarely,0-2 Years,373,Research & Development,R & D,0-5,1,2,College,Life Sciences,EMP-1270,Very High,4,0-5 Years,Male,47,$0-$3000,High,High,3,1,Research Scientist,3,Married,1223,16901,1,No,Standard,0,22,4,1-2,0-1 Years,1,0-2 Years,Very High,4,21%+,1,0-1 Years,0–5 Years,2,1,High,3,1,0,0,1
23,Under 25,0,No,Active,0,Travel_Rarely,0-2 Years,541,Sales,Sales,0-5,2,1,Below College,Technical Degree,EMP-113,High,3,0-5 Years,Male,62,$0-$3000,High,Low,3,1,Sales Representative,1,Divorced,2322,9518,3,No,Standard,0,13,3,9+,0-1 Years,1,0-2 Years,High,3,11-15%,1,0-1 Years,0–5 Years,3,3,High,3,0,0,0,0
23,Under 25,0,No,Active,0,Travel_Rarely,0-2 Years,571,Research & Development,R & D,11-20,12,2,College,Other,EMP-1982,Very High,4,0-5 Years,Male,78,$0-$3000,High,Very High,3,1,Laboratory Technician,4,Single,2647,13672,1,No,Standard,0,13,3,1-2,0-1 Years,1,0-2 Years,High,3,11-15%,0,2-5 Years,0–5 Years,6,5,Very High,4,5,2,1,4
23,Under 25,0,No,Active,0,Travel_Rarely,0-2 Years,885,Research & Development,R & D,0-5,4,3,Bachelor,Medical,EMP-705,Low,1,0-5 Years,Male,58,$0-$3000,Very High,Low,4,1,Research Scientist,1,Married,2819,8544,2,No,Standard,0,16,3,1-2,0-1 Years,1,0-2 Years,Low,1,16-20%,1,2-5 Years,0–5 Years,3,5,Very High,4,3,2,0,2
23,Under 25,0,No,Active,0,Travel_Rarely,0-2 Years,977,Research & Development,R & D,6-10,10,3,Bachelor,Technical Degree,EMP-1592,Very High,4,0-5 Years,Male,45,$0-$3000,Very High,High,4,1,Research Scientist,3,Married,2073,12826,2,No,Standard,0,16,3,1-2,2–3 Years,2,0-2 Years,Very High,4,16-20%,1,2-5 Years,0–5 Years,2,4,High,3,2,2,2,2
23,Under 25,0,No,Active,0,Travel_Rarely,0-2 Years,1309,Research & Development,R & D,21+,26,1,Below College,Life Sciences,EMP-465,High,3,0-5 Years,Male,83,$0-$3000,High,Very High,3,1,Research Scientist,4,Divorced,2904,16092,1,No,Standard,0,12,3,1-2,0-1 Years,1,0-2 Years,High,3,11-15%,2,2-5 Years,0–5 Years,2,4,Medium,2,4,2,0,2
23,Under 25,0,No,Active,0,Travel_Rarely,3-5 Years,507,Research & Development,R & D,11-20,20,1,Below College,Life Sciences,EMP-1533,Low,1,0-5 Years,Male,97,$0-$3000,High,High,3,2,Laboratory Technician,3,Single,2272,24812,0,No,Standard,0,14,3,0,0-1 Years,1,0-2 Years,Medium,2,11-15%,0,2-5 Years,0–5 Years,2,5,High,3,4,3,1,2
23,Under 25,0,No,Active,0,Travel_Rarely,3-5 Years,650,Research & Development,R & D,6-10,9,1,Below College,Medical,EMP-758,Medium,2,0-5 Years,Male,37,$0-$3000,High,Low,3,1,Laboratory Technician,1,Married,2500,4344,1,No,Standard,0,14,3,1-2,0-1 Years,1,0-2 Years,Very High,4,11-15%,1,2-5 Years,0–5 Years,2,5,Very High,4,4,3,0,2
23,Under 25,1,Yes,Left,1,Travel_Frequently,0-2 Years,638,Sales,Sales,6-10,9,3,Bachelor,Marketing,EMP-2023,Very High,4,0-5 Years,Male,33,$0-$3000,High,Low,3,1,Sales Representative,1,Married,1790,26956,1,No,Standard,0,19,3,1-2,0-1 Years,1,0-2 Years,Low,1,16-20%,1,0-1 Years,0–5 Years,3,1,Medium,2,1,0,1,0
23,Under 25,1,Yes,Left,1,Travel_Rarely,0-2 Years,427,Sales,Sales,6-10,7,3,Bachelor,Life Sciences,EMP-1702,High,3,0-5 Years,Male,99,$0-$3000,High,Very High,3,1,Sales Representative,4,Divorced,2275,25103,1,Yes,Overtime,1,21,4,1-2,0-1 Years,1,0-2 Years,Medium,2,21%+,1,2-5 Years,0–5 Years,2,3,High,3,3,2,0,2
23,Under 25,1,Yes,Left,1,Travel_Rarely,0-2 Years,1243,Research & Development,R & D,6-10,6,3,Bachelor,Life Sciences,EMP-811,High,3,0-5 Years,Male,63,$0-$3000,Very High,Low,4,1,Laboratory Technician,1,Married,1601,3445,1,Yes,Overtime,1,21,4,1-2,0-1 Years,1,0-2 Years,High,3,21%+,2,0-1 Years,0–5 Years,2,1,High,3,0,0,0,0
23,Under 25,1,Yes,Left,1,Travel_Rarely,3-5 Years,1320,Research & Development,R & D,6-10,8,1,Below College,Medical,EMP-1684,Very High,4,0-5 Years,Male,93,$3000-$5000,Medium,High,2,1,Laboratory Technician,3,Single,3989,20586,1,Yes,Overtime,1,11,3,1-2,0-1 Years,1,0-2 Years,Low,1,11-15%,0,2-5 Years,0–5 Years,2,5,High,3,5,4,1,2
24,Under 25,0,No,Active,0,Non-Travel,0-2 Years,673,Research & Development,R & D,11-20,11,2,College,Other,EMP-26,Low,1,0-5 Years,Female,96,$3000-$5000,Very High,High,4,2,Manufacturing Director,3,Divorced,4011,8232,0,No,Standard,0,18,3,0,0-1 Years,1,0-2 Years,Very High,4,16-20%,1,2-5 Years,0–5 Years,5,5,Medium,2,4,2,1,3
24,Under 25,0,No,Active,0,Non-Travel,0-2 Years,830,Sales,Sales,11-20,13,2,College,Life Sciences,EMP-1495,Very High,4,0-5 Years,Female,78,$0-$3000,High,Medium,3,1,Sales Representative,2,Married,2033,7103,1,No,Standard,0,13,3,1-2,0-1 Years,1,0-2 Years,High,3,11-15%,1,0-1 Years,0–5 Years,2,1,High,3,1,0,0,0
24,Under 25,0,No,Active,0,Non-Travel,0-2 Years,1092,Research & Development,R & D,6-10,9,3,Bachelor,Life Sciences,EMP-812,High,3,0-5 Years,Male,60,$0-$3000,Medium,Medium,2,1,Laboratory Technician,2,Divorced,2694,26551,1,No,Standard,0,11,3,1-2,0-1 Years,1,0-2 Years,High,3,11-15%,3,0-1 Years,0–5 Years,4,1,High,3,1,0,0,0
24,Under 25,0,No,Active,0,Non-Travel,0-2 Years,1269,Research & Development,R & D,0-5,4,1,Below College,Life Sciences,EMP-888,Low,1,6-10 Years,Male,46,$3000-$5000,Medium,Very High,2,1,Laboratory Technician,4,Married,3162,10778,0,No,Standard,0,17,3,0,2–3 Years,2,3-5 Years,Very High,4,16-20%,0,2-5 Years,6–10 Years,2,6,Medium,2,5,2,3,4
24,Under 25,0,No,Active,0,Travel_Frequently,0-2 Years,535,Sales,Sales,21+,24,3,Bachelor,Medical,EMP-632,Very High,4,0-5 Years,Male,38,$0-$3000,High,Very High,3,1,Sales Representative,4,Married,2400,5530,0,No,Standard,0,13,3,0,2–3 Years,2,0-2 Years,High,3,11-15%,2,2-5 Years,0–5 Years,3,3,High,3,2,2,2,1
24,Under 25,0,No,Active,0,Travel_Frequently,0-2 Years,897,Human Resources,HR,6-10,10,3,Bachelor,Medical,EMP-1746,Low,1,0-5 Years,Male,59,$0-$3000,High,Very High,3,1,Human Resources,4,Married,2145,2097,0,No,Standard,0,14,3,0,2–3 Years,2,0-2 Years,Very High,4,11-15%,1,2-5 Years,0–5 Years,2,3,High,3,2,2,2,1
24,Under 25,0,No,Active,0,Travel_Frequently,3-5 Years,567,Research & Development,R & D,0-5,2,1,Below College,Technical Degree,EMP-1646,Low,1,6-10 Years,Female,32,$3000-$5000,High,Very High,3,1,Research Scientist,4,Single,3760,17218,1,Yes,Overtime,1,13,3,1-2,0-1 Years,1,0-2 Years,High,3,11-15%,0,6-10 Years,6–10 Years,2,6,High,3,6,3,1,3
24,Under 25,0,No,Active,0,Travel_Rarely,0-2 Years,350,Research & Development,R & D,21+,21,2,College,Technical Degree,EMP-1551,High,3,0-5 Years,Male,57,$0-$3000,Medium,Low,2,1,Laboratory Technician,1,Divorced,2296,10036,0,No,Standard,0,14,3,0,0-1 Years,1,0-2 Years,Medium,2,11-15%,3,0-1 Years,0–5 Years,3,2,High,3,1,1,0,0
24,Under 25,0,No,Active,0,Travel_Rarely,0-2 Years,506,Research & Development,R & D,21+,29,1,Below College,Medical,EMP-1725,Medium,2,6-10 Years,Male,91,$3000-$5000,High,Low,3,1,Laboratory Technician,1,Divorced,3907,3622,1,No,Standard,0,13,3,1-2,0-1 Years,1,0-2 Years,Medium,2,11-15%,3,6-10 Years,6–10 Years,2,6,Very High,4,6,2,1,2
24,Under 25,0,No,Active,0,Travel_Rarely,0-2 Years,823,Research & Development,R & D,11-20,17,2,College,Other,EMP-643,Very High,4,0-5 Years,Male,94,$0-$3000,Medium,Medium,2,1,Laboratory Technician,2,Married,2127,9100,1,No,Standard,0,21,4,1-2,0-1 Years,1,0-2 Years,Very High,4,21%+,1,0-1 Years,0–5 Years,2,1,High,3,1,0,0,0
24,Under 25,0,No,Active,0,Travel_Rarely,0-2 Years,1206,Research & Development,R & D,11-20,17,1,Below College,Medical,EMP-1009,Very High,4,0-5 Years,Female,41,$3000-$5000,Medium,High,2,2,Manufacturing Director,3,Divorced,4377,24117,1,No,Standard,0,15,3,1-2,2–3 Years,2,3-5 Years,Medium,2,11-15%,2,2-5 Years,0–5 Years,6,5,High,3,4,2,3,2
24,Under 25,0,No,Active,0,Travel_Rarely,0-2 Years,1353,Sales,Sales,0-5,3,2,College,Other,EMP-128,Low,1,0-5 Years,Female,33,$3000-$5000,High,High,3,2,Sales Executive,3,Married,4999,17519,0,No,Standard,0,21,4,0,0-1 Years,1,0-2 Years,Low,1,21%+,1,2-5 Years,0–5 Years,2,4,Medium,2,3,2,0,2
24,Under 25,0,No,Active,0,Travel_Rarely,0-2 Years,1371,Sales,Sales,6-10,10,4,Master,Marketing,EMP-507,Very High,4,0-5 Years,Female,77,$3000-$5000,High,High,3,2,Sales Executive,3,Divorced,4260,5915,1,Yes,Overtime,1,12,3,1-2,0-1 Years,1,0-2 Years,Very High,4,11-15%,1,2-5 Years,0–5 Years,2,5,Very High,4,5,2,0,3
24,Under 25,0,No,Active,0,Travel_Rarely,3-5 Years,477,Research & Development,R & D,21+,24,3,Bachelor,Medical,EMP-1173,Very High,4,6-10 Years,Male,49,$3000-$5000,High,Medium,3,1,Laboratory Technician,2,Single,3597,6409,8,No,Standard,0,22,4,9+,0-1 Years,1,0-2 Years,Very High,4,21%+,0,2-5 Years,6–10 Years,2,6,High,3,4,3,1,2
24,Under 25,0,No,Active,0,Travel_Rarely,3-5 Years,581,Research & Development,R & D,6-10,9,3,Bachelor,Medical,EMP-1707,High,3,0-5 Years,Male,62,$3000-$5000,Very High,High,4,1,Research Scientist,3,Married,4401,17616,1,No,Standard,0,16,3,1-2,0-1 Years,1,0-2 Years,Very High,4,16-20%,1,2-5 Years,0–5 Years,1,5,High,3,5,3,0,4
24,Under 25,0,No,Active,0,Travel_Rarely,3-5 Years,691,Research & Development,R & D,21+,23,3,Bachelor,Medical,EMP-639,Medium,2,6-10 Years,Male,89,$0-$3000,Very High,Very High,4,1,Research Scientist,4,Married,2725,21630,1,Yes,Overtime,1,11,3,1-2,0-1 Years,1,0-2 Years,Medium,2,11-15%,2,6-10 Years,6–10 Years,3,6,High,3,6,5,1,4
24,Under 25,0,No,Active,0,Travel_Rarely,3-5 Years,771,Research & Development,R & D,0-5,1,2,College,Life Sciences,EMP-1981,Medium,2,0-5 Years,Male,45,$3000-$5000,Medium,High,2,2,Healthcare Representative,3,Single,4617,14120,1,No,Standard,0,12,3,1-2,0-1 Years,1,0-2 Years,Medium,2,11-15%,0,2-5 Years,0–5 Years,2,4,Medium,2,4,3,1,2
24,Under 25,0,No,Active,0,Travel_Rarely,3-5 Years,1127,Research & Development,R & D,11-20,18,1,Below College,Life Sciences,EMP-150,Medium,2,6-10 Years,Male,52,$0-$3000,High,High,3,1,Laboratory Technician,3,Married,2774,13257,0,No,Standard,0,12,3,0,0-1 Years,1,0-2 Years,High,3,11-15%,1,2-5 Years,6–10 Years,2,6,High,3,5,3,1,2
24,Under 25,0,No,Active,0,Travel_Rarely,3-5 Years,1476,Sales,Sales,0-5,4,1,Below College,Medical,EMP-1445,Very High,4,0-5 Years,Female,42,$3000-$5000,High,High,3,2,Sales Executive,3,Married,4162,15211,1,Yes,Overtime,1,12,3,1-2,0-1 Years,1,0-2 Years,High,3,11-15%,2,2-5 Years,0–5 Years,3,5,High,3,5,4,0,3
24,Under 25,1,Yes,Left,1,Travel_Frequently,0-2 Years,381,Research & Development,R & D,6-10,9,3,Bachelor,Medical,EMP-1494,Medium,2,0-5 Years,Male,89,$3000-$5000,High,Low,3,1,Laboratory Technician,1,Single,3172,16998,2,Yes,Overtime,1,11,3,1-2,0-1 Years,1,0-2 Years,High,3,11-15%,0,0-1 Years,0–5 Years,2,4,Medium,2,0,0,0,0
24,Under 25,1,Yes,Left,1,Travel_Frequently,3-5 Years,1287,Research & Development,R & D,6-10,7,3,Bachelor,Life Sciences,EMP-647,Low,1,6-10 Years,Female,55,$0-$3000,High,High,3,1,Laboratory Technician,3,Married,2886,14168,1,Yes,Overtime,1,16,3,1-2,0-1 Years,1,0-2 Years,Very High,4,16-20%,1,6-10 Years,6–10 Years,4,6,High,3,6,3,1,2
24,Under 25,1,Yes,Left,1,Travel_Rarely,0-2 Years,240,Human Resources,HR,21+,22,1,Below College,Human Resources,EMP-1714,Very High,4,0-5 Years,Male,58,$0-$3000,Low,High,1,1,Human Resources,3,Married,1555,11585,1,No,Standard,0,11,3,1-2,0-1 Years,1,0-2 Years,High,3,11-15%,1,0-1 Years,0–5 Years,2,1,High,3,1,0,0,0
24,Under 25,1,Yes,Left,1,Travel_Rarely,0-2 Years,693,Sales,Sales,0-5,3,2,College,Life Sciences,EMP-720,Low,1,0-5 Years,Female,65,$3000-$5000,High,High,3,2,Sales Executive,3,Single,4577,24785,9,No,Standard,0,14,3,9+,2–3 Years,2,0-2 Years,Low,1,11-15%,0,2-5 Years,0–5 Years,3,4,High,3,2,2,2,0
24,Under 25,1,Yes,Left,1,Travel_Rarely,0-2 Years,813,Research & Development,R & D,0-5,1,3,Bachelor,Medical,EMP-45,Medium,2,6-10 Years,Male,61,$0-$3000,High,Very High,3,1,Research Scientist,4,Married,2293,3020,2,Yes,Overtime,1,16,3,1-2,2–3 Years,2,0-2 Years,Low,1,16-20%,1,2-5 Years,6–10 Years,2,6,Medium,2,2,0,2,0
24,Under 25,1,Yes,Left,1,Travel_Rarely,0-2 Years,984,Research & Development,R & D,11-20,17,2,College,Life Sciences,EMP-1219,Very High,4,0-5 Years,Female,97,$0-$3000,High,Medium,3,1,Laboratory Technician,2,Married,2210,3372,1,No,Standard,0,13,3,1-2,0-1 Years,1,0-2 Years,Low,1,11-15%,1,0-1 Years,0–5 Years,3,1,Low,1,1,0,0,0
24,Under 25,1,Yes,Left,1,Travel_Rarely,3-5 Years,1448,Sales,Sales,0-5,1,1,Below College,Technical Degree,EMP-554,Low,1,6-10 Years,Female,62,$3000-$5000,High,Medium,3,1,Sales Representative,2,Single,3202,21972,1,Yes,Overtime,1,16,3,1-2,0-1 Years,1,0-2 Years,Medium,2,16-20%,0,2-5 Years,6–10 Years,4,6,High,3,5,3,1,4
25,25-34,0,No,Active,0,Non-Travel,3-5 Years,675,Research & Development,R & D,0-5,5,2,College,Life Sciences,EMP-369,Medium,2,6-10 Years,Male,85,$3000-$5000,Very High,Low,4,2,Healthcare Representative,1,Divorced,4000,18384,1,No,Standard,0,12,3,1-2,0-1 Years,1,0-2 Years,Very High,4,11-15%,2,6-10 Years,6–10 Years,2,6,High,3,6,3,1,5
25,25-34,0,No,Active,0,Travel_Frequently,6-10 Years,772,Research & Development,R & D,0-5,2,1,Below College,Life Sciences,EMP-1653,Very High,4,6-10 Years,Male,77,$5000-$7000,Very High,High,4,2,Manufacturing Director,3,Divorced,5206,4973,1,No,Standard,0,17,3,1-2,0-1 Years,1,0-2 Years,High,3,16-20%,2,6-10 Years,6–10 Years,6,7,High,3,7,7,0,7
25,25-34,0,No,Active,0,Travel_Rarely,0-2 Years,266,Research & Development,R & D,0-5,1,3,Bachelor,Medical,EMP-1303,Very High,4,0-5 Years,Female,40,$0-$3000,High,Medium,3,1,Research Scientist,2,Single,2096,18830,1,No,Standard,0,18,3,1-2,2–3 Years,2,0-2 Years,Very High,4,16-20%,0,2-5 Years,0–5 Years,3,2,Medium,2,2,2,2,1
25,25-34,0,No,Active,0,Travel_Rarely,0-2 Years,309,Human Resources,HR,0-5,2,3,Bachelor,Human Resources,EMP-1987,High,3,6-10 Years,Female,82,$0-$3000,High,Medium,3,1,Human Resources,2,Married,2187,19655,4,No,Standard,0,14,3,9+,0-1 Years,1,0-2 Years,High,3,11-15%,0,2-5 Years,6–10 Years,3,6,High,3,2,0,1,2
25,25-34,0,No,Active,0,Travel_Rarely,0-2 Years,583,Sales,Sales,0-5,4,1,Below College,Marketing,EMP-885,High,3,0-5 Years,Male,87,$3000-$5000,Medium,Low,2,2,Sales Executive,1,Married,4256,18154,1,No,Standard,0,12,3,1-2,0-1 Years,1,0-2 Years,Low,1,11-15%,0,2-5 Years,0–5 Years,1,5,Very High,4,5,2,0,3
25,25-34,0,No,Active,0,Travel_Rarely,0-2 Years,685,Research & Development,R & D,0-5,1,3,Bachelor,Life Sciences,EMP-350,Low,1,0-5 Years,Female,62,$3000-$5000,High,High,3,2,Manufacturing Director,3,Married,4898,7505,0,No,Standard,0,12,3,0,0-1 Years,1,0-2 Years,Very High,4,11-15%,2,2-5 Years,0–5 Years,3,5,High,3,4,2,1,2
25,25-34,0,No,Active,0,Travel_Rarely,0-2 Years,810,Sales,Sales,6-10,8,3,Bachelor,Life Sciences,EMP-707,Very High,4,0-5 Years,Male,57,$3000-$5000,Very High,Medium,4,2,Sales Executive,2,Married,4851,15678,0,No,Standard,0,22,4,0,0-1 Years,1,0-2 Years,High,3,21%+,1,2-5 Years,0–5 Years,4,4,High,3,3,2,1,2
25,25-34,0,No,Active,0,Travel_Rarely,0-2 Years,882,Research & Development,R & D,11-20,19,1,Below College,Medical,EMP-1358,Very High,4,6-10 Years,Male,67,$3000-$5000,High,Very High,3,1,Laboratory Technician,4,Married,3669,9075,3,No,Standard,0,11,3,9+,0-1 Years,1,0-2 Years,High,3,11-15%,3,2-5 Years,6–10 Years,6,7,Medium,2,3,2,1,2
25,25-34,0,No,Active,0,Travel_Rarely,0-2 Years,949,Research & Development,R & D,0-5,1,3,Bachelor,Technical Degree,EMP-1415,Low,1,6-10 Years,Male,81,$3000-$5000,High,Very High,3,1,Laboratory Technician,4,Married,3229,4910,4,No,Standard,0,11,3,9+,0-1 Years,1,0-2 Years,Medium,2,11-15%,1,2-5 Years,6–10 Years,2,7,Medium,2,3,2,0,2
25,25-34,0,No,Active,0,Travel_Rarely,0-2 Years,959,Sales,Sales,21+,28,3,Bachelor,Life Sciences,EMP-183,Low,1,6-10 Years,Male,41,$7000-$10000,Medium,High,2,2,Sales Executive,3,Married,8639,24835,2,No,Standard,0,18,3,1-2,2–3 Years,2,0-2 Years,Very High,4,16-20%,0,2-5 Years,6–10 Years,3,6,High,3,2,2,2,2
25,25-34,0,No,Active,0,Travel_Rarely,0-2 Years,977,Research & Development,R & D,0-5,2,1,Below College,Other,EMP-1992,Very High,4,6-10 Years,Male,57,$3000-$5000,High,High,3,1,Laboratory Technician,3,Divorced,3977,7298,6,Yes,Overtime,1,19,3,9+,0-1 Years,1,0-2 Years,High,3,16-20%,1,2-5 Years,6–10 Years,2,7,Medium,2,2,2,0,2
25,25-34,0,No,Active,0,Travel_Rarely,0-2 Years,1280,Research & Development,R & D,6-10,7,1,Below College,Medical,EMP-143,Very High,4,0-5 Years,Male,64,$0-$3000,Medium,Very High,2,1,Research Scientist,4,Married,2889,26897,1,No,Standard,0,11,3,1-2,2–3 Years,2,0-2 Years,High,3,11-15%,2,2-5 Years,0–5 Years,2,2,High,3,2,2,2,1
25,25-34,0,No,Active,0,Travel_Rarely,0-2 Years,1372,Sales,Sales,11-20,18,1,Below College,Life Sciences,EMP-1399,Low,1,6-10 Years,Male,93,$5000-$7000,Very High,High,4,2,Sales Executive,3,Married,6232,12477,2,No,Standard,0,11,3,1-2,0-1 Years,1,0-2 Years,Medium,2,11-15%,0,2-5 Years,6–10 Years,3,6,Medium,2,3,2,1,2
25,25-34,0,No,Active,0,Travel_Rarely,3-5 Years,141,Sales,Sales,0-5,3,1,Below College,Other,EMP-879,High,3,0-5 Years,Male,98,$3000-$5000,High,Low,3,2,Sales Executive,1,Married,4194,14363,1,Yes,Overtime,1,18,3,1-2,0-1 Years,1,0-2 Years,Very High,4,16-20%,0,2-5 Years,0–5 Years,3,5,High,3,5,3,0,3
25,25-34,0,No,Active,0,Travel_Rarely,3-5 Years,180,Research & Development,R & D,0-5,2,1,Below College,Medical,EMP-854,Low,1,6-10 Years,Male,65,$3000-$5000,Very High,Low,4,1,Research Scientist,1,Single,3424,21632,7,No,Standard,0,13,3,9+,0-1 Years,1,0-2 Years,High,3,11-15%,0,2-5 Years,6–10 Years,3,6,Medium,2,4,3,0,1
25,25-34,0,No,Active,0,Travel_Rarely,3-5 Years,622,Sales,Sales,11-20,13,1,Below College,Medical,EMP-645,Medium,2,6-10 Years,Male,40,$0-$3000,High,High,3,1,Sales Representative,3,Married,2096,26376,1,No,Standard,0,11,3,1-2,0-1 Years,1,0-2 Years,High,3,11-15%,0,6-10 Years,6–10 Years,1,7,High,3,7,4,0,6
25,25-34,0,No,Active,0,Travel_Rarely,3-5 Years,883,Sales,Sales,21+,26,1,Below College,Medical,EMP-781,High,3,6-10 Years,Female,32,$5000-$7000,High,Very High,3,2,Sales Executive,4,Single,6180,22807,1,No,Standard,0,23,4,1-2,0-1 Years,1,0-2 Years,Medium,2,21%+,0,6-10 Years,6–10 Years,5,6,Medium,2,6,5,1,4
25,25-34,0,No,Active,0,Travel_Rarely,3-5 Years,891,Sales,Sales,0-5,4,2,College,Life Sciences,EMP-527,Medium,2,0-5 Years,Female,99,$3000-$5000,Medium,Very High,2,2,Sales Executive,4,Single,4487,12090,1,Yes,Overtime,1,11,3,1-2,0-1 Years,1,0-2 Years,Medium,2,11-15%,0,2-5 Years,0–5 Years,3,5,High,3,5,4,1,3
25,25-34,0,No,Active,0,Travel_Rarely,3-5 Years,1356,Sales,Sales,6-10,10,4,Master,Life Sciences,EMP-1240,High,3,0-5 Years,Male,57,$3000-$5000,High,Very High,3,2,Sales Executive,4,Single,4950,20623,0,No,Standard,0,14,3,0,0-1 Years,1,0-2 Years,Medium,2,11-15%,0,2-5 Years,0–5 Years,4,5,High,3,4,3,1,1
25,25-34,0,No,Active,0,Travel_Rarely,3-5 Years,1382,Sales,Sales,6-10,8,2,College,Other,EMP-2018,Low,1,6-10 Years,Female,85,$3000-$5000,High,High,3,2,Sales Executive,3,Divorced,4907,13684,0,Yes,Overtime,1,22,4,0,0-1 Years,1,0-2 Years,Medium,2,21%+,1,2-5 Years,6–10 Years,3,6,Medium,2,5,3,0,4
25,25-34,1,Yes,Left,1,Travel_Frequently,0-2 Years,599,Sales,Sales,21+,24,1,Below College,Life Sciences,EMP-1273,High,3,0-5 Years,Male,73,$0-$3000,Low,Very High,1,1,Sales Representative,4,Single,1118,8040,1,Yes,Overtime,1,14,3,1-2,0-1 Years,1,0-2 Years,Very High,4,11-15%,0,0-1 Years,0–5 Years,4,1,High,3,1,0,1,0
25,25-34,1,Yes,Left,1,Travel_Rarely,0-2 Years,383,Sales,Sales,6-10,9,2,College,Life Sciences,EMP-1439,Low,1,6-10 Years,Male,68,$3000-$5000,Medium,Low,2,1,Sales Representative,1,Married,4400,15182,3,No,Standard,0,12,3,9+,2–3 Years,2,0-2 Years,Low,1,11-15%,0,2-5 Years,6–10 Years,2,6,High,3,3,2,2,2
25,25-34,1,Yes,Left,1,Travel_Rarely,0-2 Years,688,Research & Development,R & D,0-5,3,3,Bachelor,Medical,EMP-538,Low,1,6-10 Years,Male,91,$3000-$5000,High,Low,3,1,Laboratory Technician,1,Married,4031,9396,5,No,Standard,0,13,3,9+,0-1 Years,1,0-2 Years,High,3,11-15%,1,2-5 Years,6–10 Years,5,6,High,3,2,2,0,2
25,25-34,1,Yes,Left,1,Travel_Rarely,0-2 Years,867,Sales,Sales,11-20,19,2,College,Marketing,EMP-952,High,3,0-5 Years,Male,36,$0-$3000,Medium,Medium,2,1,Sales Representative,2,Married,2413,18798,1,Yes,Overtime,1,18,3,1-2,0-1 Years,1,0-2 Years,High,3,16-20%,3,0-1 Years,0–5 Years,2,1,High,3,1,0,0,0
25,25-34,1,Yes,Left,1,Travel_Rarely,3-5 Years,240,Sales,Sales,0-5,5,3,Bachelor,Marketing,EMP-142,High,3,6-10 Years,Male,46,$5000-$7000,Medium,High,2,2,Sales Executive,3,Single,5744,26959,1,Yes,Overtime,1,11,3,1-2,0-1 Years,1,0-2 Years,Very High,4,11-15%,0,6-10 Years,6–10 Years,1,6,High,3,6,4,0,3
25,25-34,1,Yes,Left,1,Travel_Rarely,6-10 Years,1219,Research & Development,R & D,0-5,4,1,Below College,Technical Degree,EMP-1106,Very High,4,6-10 Years,Male,32,$3000-$5000,High,Very High,3,1,Laboratory Technician,4,Married,3691,4605,1,Yes,Overtime,1,15,3,1-2,4–5 Years,3,3-5 Years,Medium,2,11-15%,1,6-10 Years,6–10 Years,3,7,Very High,4,7,7,5,6
26,25-34,0,No,Active,0,Non-Travel,6-10 Years,786,Research & Development,R & D,6-10,7,3,Bachelor,Medical,EMP-1693,Very High,4,6-10 Years,Male,76,$0-$3000,High,Very High,3,1,Laboratory Technician,4,Single,2570,11925,1,No,Standard,0,20,4,1-2,4–5 Years,3,3-5 Years,High,3,16-20%,0,6-10 Years,6–10 Years,5,7,High,3,7,7,5,7
26,25-34,0,No,Active,0,Travel_Frequently,0-2 Years,575,Research & Development,R & D,0-5,1,2,College,Life Sciences,EMP-792,Low,1,0-5 Years,Female,71,$3000-$5000,Low,Very High,1,1,Laboratory Technician,4,Divorced,4364,5288,3,No,Standard,0,14,3,9+,2–3 Years,2,0-2 Years,Low,1,11-15%,1,2-5 Years,0–5 Years,2,5,High,3,2,2,2,0
26,25-34,0,No,Active,0,Travel_Frequently,3-5 Years,496,Research & Development,R & D,11-20,11,2,College,Medical,EMP-390,Low,1,0-5 Years,Male,60,$3000-$5000,High,Low,3,2,Healthcare Representative,1,Married,4741,22722,1,Yes,Overtime,1,13,3,1-2,2–3 Years,2,3-5 Years,High,3,11-15%,1,2-5 Years,0–5 Years,3,5,High,3,5,3,3,3
26,25-34,0,No,Active,0,Travel_Frequently,3-5 Years,921,Research & Development,R & D,0-5,1,1,Below College,Medical,EMP-1068,Low,1,0-5 Years,Female,66,$0-$3000,Medium,High,2,1,Research Scientist,3,Divorced,2007,25265,1,No,Standard,0,13,3,1-2,0-1 Years,1,0-2 Years,High,3,11-15%,2,2-5 Years,0–5 Years,5,5,High,3,5,3,1,3
26,25-34,0,No,Active,0,Travel_Frequently,3-5 Years,1479,Research & Development,R & D,0-5,1,3,Bachelor,Life Sciences,EMP-384,High,3,6-10 Years,Female,84,$5000-$7000,High,Medium,3,2,Manufacturing Director,2,Divorced,6397,26767,1,No,Standard,0,20,4,1-2,0-1 Years,1,0-2 Years,Low,1,16-20%,1,6-10 Years,6–10 Years,6,6,Low,1,6,5,1,4
26,25-34,0,No,Active,0,Travel_Frequently,6-10 Years,1096,Research & Development,R & D,6-10,6,3,Bachelor,Other,EMP-1918,High,3,6-10 Years,Male,61,$0-$3000,Very High,Very High,4,1,Laboratory Technician,4,Married,2544,7102,0,No,Standard,0,18,3,0,6+ Years,4,6+ Years,Low,1,16-20%,1,6-10 Years,6–10 Years,3,8,High,3,7,7,7,7
26,25-34,0,No,Active,0,Travel_Frequently,6-10 Years,1283,Sales,Sales,0-5,1,3,Bachelor,Medical,EMP-956,High,3,6-10 Years,Male,52,$3000-$5000,Medium,Low,2,2,Sales Executive,1,Single,4294,11148,1,No,Standard,0,12,3,1-2,0-1 Years,1,0-2 Years,Medium,2,11-15%,0,6-10 Years,6–10 Years,2,7,High,3,7,7,0,7
26,25-34,0,No,Active,0,Travel_Rarely,0-2 Years,390,Research & Development,R & D,11-20,17,4,Master,Medical,EMP-1718,Very High,4,0-5 Years,Male,62,$0-$3000,Low,High,1,1,Laboratory Technician,3,Married,2305,6217,1,No,Standard,0,15,3,1-2,0-1 Years,1,0-2 Years,High,3,11-15%,3,2-5 Years,0–5 Years,3,3,Very High,4,3,2,0,2
26,25-34,0,No,Active,0,Travel_Rarely,0-2 Years,474,Research & Development,R & D,0-5,3,3,Bachelor,Life Sciences,EMP-1581,Low,1,0-5 Years,Female,89,$0-$3000,High,Very High,3,1,Research Scientist,4,Married,2061,11133,1,No,Standard,0,21,4,1-2,0-1 Years,1,0-2 Years,Low,1,21%+,0,0-1 Years,0–5 Years,5,1,High,3,1,0,0,0
26,25-34,0,No,Active,0,Travel_Rarely,0-2 Years,482,Research & Development,R & D,0-5,1,2,College,Life Sciences,EMP-1893,Medium,2,0-5 Years,Female,90,$0-$3000,Medium,High,2,1,Research Scientist,3,Married,2933,14908,1,Yes,Overtime,1,13,3,1-2,0-1 Years,1,0-2 Years,High,3,11-15%,1,0-1 Years,0–5 Years,3,1,Medium,2,1,0,1,0
26,25-34,0,No,Active,0,Travel_Rarely,0-2 Years,775,Sales,Sales,21+,29,2,College,Medical,EMP-618,Low,1,6-10 Years,Male,45,$3000-$5000,High,High,3,2,Sales Executive,3,Divorced,4306,4267,5,No,Standard,0,12,3,9+,0-1 Years,1,0-2 Years,Low,1,11-15%,2,0-1 Years,6–10 Years,5,8,High,3,0,0,0,0
26,25-34,0,No,Active,0,Travel_Rarely,0-2 Years,991,Research & Development,R & D,6-10,6,3,Bachelor,Life Sciences,EMP-686,High,3,0-5 Years,Female,71,$0-$3000,High,Very High,3,1,Laboratory Technician,4,Married,2659,17759,1,Yes,Overtime,1,13,3,1-2,0-1 Years,1,0-2 Years,High,3,11-15%,1,2-5 Years,0–5 Years,2,3,High,3,3,2,0,2
26,25-34,0,No,Active,0,Travel_Rarely,0-2 Years,1167,Sales,Sales,0-5,5,3,Bachelor,Other,EMP-2060,Very High,4,0-5 Years,Female,30,$0-$3000,Medium,High,2,1,Sales Representative,3,Single,2966,21378,0,No,Standard,0,18,3,0,0-1 Years,1,0-2 Years,Very High,4,16-20%,0,2-5 Years,0–5 Years,2,5,High,3,4,2,0,0
26,25-34,0,No,Active,0,Travel_Rarely,0-2 Years,1349,Research & Development,R & D,21+,23,3,Bachelor,Life Sciences,EMP-560,Low,1,0-5 Years,Female,90,$0-$3000,High,Very High,3,1,Research Scientist,4,Divorced,2886,3032,1,No,Standard,0,22,4,1-2,0-1 Years,1,0-2 Years,Medium,2,21%+,2,2-5 Years,0–5 Years,3,3,Low,1,3,2,0,2
26,25-34,0,No,Active,0,Travel_Rarely,0-2 Years,1443,Sales,Sales,21+,23,3,Bachelor,Marketing,EMP-72,High,3,0-5 Years,Female,47,$3000-$5000,Medium,Very High,2,2,Sales Executive,4,Married,4157,21436,7,Yes,Overtime,1,19,3,9+,0-1 Years,1,0-2 Years,High,3,16-20%,1,2-5 Years,0–5 Years,2,5,Medium,2,2,2,0,0
26,25-34,0,No,Active,0,Travel_Rarely,3-5 Years,192,Research & Development,R & D,0-5,1,2,College,Medical,EMP-1083,Low,1,6-10 Years,Male,59,$3000-$5000,Medium,Low,2,1,Laboratory Technician,1,Married,3955,11141,1,No,Standard,0,16,3,1-2,0-1 Years,1,0-2 Years,Low,1,16-20%,2,2-5 Years,6–10 Years,2,6,High,3,5,3,1,3
26,25-34,0,No,Active,0,Travel_Rarely,3-5 Years,572,Sales,Sales,6-10,10,3,Bachelor,Medical,EMP-1836,High,3,0-5 Years,Male,46,$3000-$5000,High,Very High,3,2,Sales Executive,4,Single,4684,9125,1,No,Standard,0,13,3,1-2,0-1 Years,1,0-2 Years,Low,1,11-15%,0,2-5 Years,0–5 Years,4,5,High,3,5,3,1,2
26,25-34,0,No,Active,0,Travel_Rarely,3-5 Years,583,Research & Development,R & D,0-5,4,2,College,Life Sciences,EMP-1275,High,3,6-10 Years,Male,53,$0-$3000,High,Very High,3,1,Research Scientist,4,Single,2875,9973,1,Yes,Overtime,1,20,4,1-2,2–3 Years,2,0-2 Years,Medium,2,16-20%,0,6-10 Years,6–10 Years,2,8,Medium,2,8,5,2,2
26,25-34,0,No,Active,0,Travel_Rarely,3-5 Years,683,Research & Development,R & D,0-5,2,1,Below College,Medical,EMP-1407,Low,1,0-5 Years,Male,36,$3000-$5000,Medium,Very High,2,1,Research Scientist,4,Single,3904,4050,0,No,Standard,0,12,3,0,0-1 Years,1,0-2 Years,Very High,4,11-15%,0,2-5 Years,0–5 Years,2,5,High,3,4,3,1,1
26,25-34,0,No,Active,0,Travel_Rarely,3-5 Years,703,Sales,Sales,21+,28,2,College,Marketing,EMP-641,Low,1,6-10 Years,Male,66,$5000-$7000,High,Medium,3,2,Sales Executive,2,Married,6272,7428,1,No,Standard,0,20,4,1-2,0-1 Years,1,0-2 Years,Very High,4,16-20%,2,2-5 Years,6–10 Years,5,6,Very High,4,5,3,1,4
26,25-34,0,No,Active,0,Travel_Rarely,3-5 Years,841,Research & Development,R & D,6-10,6,3,Bachelor,Other,EMP-164,High,3,0-5 Years,Female,46,$0-$3000,Medium,Medium,2,1,Research Scientist,2,Married,2368,23300,1,No,Standard,0,19,3,1-2,4–5 Years,3,3-5 Years,High,3,16-20%,0,2-5 Years,0–5 Years,3,5,Medium,2,5,4,4,3
26,25-34,0,No,Active,0,Travel_Rarely,6-10 Years,157,Research & Development,R & D,0-5,1,3,Bachelor,Medical,EMP-1952,High,3,6-10 Years,Male,95,$0-$3000,High,Low,3,1,Laboratory Technician,1,Single,2867,20006,0,No,Standard,0,13,3,0,6+ Years,4,6+ Years,Very High,4,11-15%,0,6-10 Years,6–10 Years,6,8,Medium,2,7,7,7,6
26,25-34,0,No,Active,0,Travel_Rarely,6-10 Years,652,Research & Development,R & D,6-10,7,3,Bachelor,Other,EMP-1417,High,3,6-10 Years,Male,100,$3000-$5000,Very High,Low,4,1,Laboratory Technician,1,Single,3578,23577,0,No,Standard,0,12,3,0,0-1 Years,1,0-2 Years,Very High,4,11-15%,0,6-10 Years,6–10 Years,2,8,High,3,7,7,0,7
26,25-34,0,No,Active,0,Travel_Rarely,6-10 Years,933,Sales,Sales,0-5,1,3,Bachelor,Life Sciences,EMP-476,High,3,6-10 Years,Male,57,$5000-$7000,High,High,3,2,Sales Executive,3,Married,5296,20156,1,No,Standard,0,17,3,1-2,6+ Years,4,6+ Years,Medium,2,16-20%,1,6-10 Years,6–10 Years,3,8,High,3,8,7,7,7
26,25-34,0,No,Active,0,Travel_Rarely,6-10 Years,1066,Research & Development,R & D,0-5,2,2,College,Medical,EMP-1018,Very High,4,6-10 Years,Male,32,$5000-$7000,Very High,Very High,4,2,Manufacturing Director,4,Married,5472,3334,1,No,Standard,0,12,3,1-2,0-1 Years,1,0-2 Years,Medium,2,11-15%,0,6-10 Years,6–10 Years,2,8,High,3,8,7,1,3
26,25-34,0,No,Active,0,Travel_Rarely,6-10 Years,1355,Human Resources,HR,21+,25,1,Below College,Life Sciences,EMP-177,High,3,6-10 Years,Female,61,$0-$3000,High,High,3,1,Human Resources,3,Married,2942,8916,1,No,Standard,0,23,4,1-2,4–5 Years,3,3-5 Years,Very High,4,21%+,1,6-10 Years,6–10 Years,3,8,High,3,8,7,5,7
26,25-34,0,No,Active,0,Travel_Rarely,6-10 Years,1384,Research & Development,R & D,0-5,3,4,Master,Medical,EMP-1177,Low,1,6-10 Years,Male,82,$3000-$5000,Very High,Very High,4,1,Laboratory Technician,4,Married,4420,13421,1,No,Standard,0,22,4,1-2,0-1 Years,1,0-2 Years,Medium,2,21%+,1,6-10 Years,6–10 Years,2,8,High,3,8,7,0,7
26,25-34,1,Yes,Left,1,Non-Travel,0-2 Years,265,Sales,Sales,21+,29,2,College,Medical,EMP-1037,Medium,2,6-10 Years,Male,79,$3000-$5000,Low,Low,1,2,Sales Executive,1,Single,4969,21813,8,No,Standard,0,18,3,9+,2–3 Years,2,0-2 Years,Very High,4,16-20%,0,2-5 Years,6–10 Years,6,7,High,3,2,2,2,2
26,25-34,1,Yes,Left,1,Travel_Frequently,0-2 Years,342,Research & Development,R & D,0-5,2,3,Bachelor,Life Sciences,EMP-1053,Low,1,6-10 Years,Male,57,$0-$3000,High,Low,3,1,Research Scientist,1,Married,2042,15346,6,Yes,Overtime,1,14,3,9+,0-1 Years,1,0-2 Years,Medium,2,11-15%,1,2-5 Years,6–10 Years,2,6,High,3,3,2,1,2
26,25-34,1,Yes,Left,1,Travel_Frequently,3-5 Years,575,Research & Development,R & D,0-5,3,1,Below College,Technical Degree,EMP-510,High,3,6-10 Years,Male,73,$3000-$5000,High,Low,3,1,Research Scientist,1,Single,3102,6582,0,No,Standard,0,22,4,0,0-1 Years,1,0-2 Years,High,3,21%+,0,6-10 Years,6–10 Years,2,7,High,3,6,4,0,4
26,25-34,1,Yes,Left,1,Travel_Frequently,6-10 Years,426,Human Resources,HR,11-20,17,4,Master,Life Sciences,EMP-608,Medium,2,6-10 Years,Female,58,$0-$3000,High,High,3,1,Human Resources,3,Divorced,2741,22808,0,Yes,Overtime,1,11,3,0,0-1 Years,1,0-2 Years,Medium,2,11-15%,1,6-10 Years,6–10 Years,2,8,Medium,2,7,7,1,0
26,25-34,1,Yes,Left,1,Travel_Frequently,6-10 Years,887,Research & Development,R & D,0-5,5,2,College,Medical,EMP-848,High,3,6-10 Years,Female,88,$0-$3000,Medium,High,2,1,Research Scientist,3,Married,2366,20898,1,Yes,Overtime,1,14,3,1-2,0-1 Years,1,0-2 Years,Low,1,11-15%,1,6-10 Years,6–10 Years,2,8,High,3,8,7,1,7
26,25-34,1,Yes,Left,1,Travel_Rarely,0-2 Years,471,Research & Development,R & D,21+,24,3,Bachelor,Technical Degree,EMP-622,High,3,0-5 Years,Male,66,$0-$3000,Low,Very High,1,1,Laboratory Technician,4,Single,2340,23213,1,Yes,Overtime,1,18,3,1-2,0-1 Years,1,0-2 Years,Medium,2,16-20%,0,0-1 Years,0–5 Years,3,1,Low,1,1,0,0,0
26,25-34,1,Yes,Left,1,Travel_Rarely,0-2 Years,920,Human Resources,HR,11-20,20,2,College,Medical,EMP-1818,Very High,4,6-10 Years,Female,69,$0-$3000,High,Medium,3,1,Human Resources,2,Married,2148,6889,0,Yes,Overtime,1,11,3,0,0-1 Years,1,0-2 Years,High,3,11-15%,0,2-5 Years,6–10 Years,3,6,High,3,5,1,1,4
26,25-34,1,Yes,Left,1,Travel_Rarely,0-2 Years,1330,Research & Development,R & D,21+,21,3,Bachelor,Medical,EMP-1107,Low,1,0-5 Years,Male,37,$0-$3000,High,High,3,1,Laboratory Technician,3,Divorced,2377,19373,1,No,Standard,0,20,4,1-2,0-1 Years,1,0-2 Years,High,3,16-20%,1,0-1 Years,0–5 Years,0,1,Medium,2,1,1,0,0
26,25-34,1,Yes,Left,1,Travel_Rarely,0-2 Years,1357,Research & Development,R & D,21+,25,3,Bachelor,Life Sciences,EMP-55,Low,1,0-5 Years,Male,48,$0-$3000,Low,High,1,1,Laboratory Technician,3,Single,2293,10558,1,No,Standard,0,12,3,1-2,0-1 Years,1,0-2 Years,High,3,11-15%,0,0-1 Years,0–5 Years,2,1,Medium,2,1,0,0,1
26,25-34,1,Yes,Left,1,Travel_Rarely,0-2 Years,1449,Research & Development,R & D,11-20,16,4,Master,Medical,EMP-394,Low,1,0-5 Years,Male,45,$0-$3000,High,Medium,3,1,Laboratory Technician,2,Divorced,2373,14180,2,Yes,Overtime,1,13,3,1-2,0-1 Years,1,0-2 Years,Very High,4,11-15%,1,2-5 Years,0–5 Years,2,5,High,3,3,2,0,2
26,25-34,1,Yes,Left,1,Travel_Rarely,3-5 Years,1146,Sales,Sales,6-10,8,3,Bachelor,Technical Degree,EMP-796,Very High,4,6-10 Years,Male,38,$5000-$7000,Medium,Low,2,2,Sales Executive,1,Single,5326,3064,6,No,Standard,0,17,3,9+,0-1 Years,1,0-2 Years,High,3,16-20%,0,2-5 Years,6–10 Years,2,6,Medium,2,4,3,1,2
26,25-34,1,Yes,Left,1,Travel_Rarely,6-10 Years,950,Sales,Sales,0-5,4,4,Master,Marketing,EMP-401,Very High,4,6-10 Years,Male,48,$5000-$7000,Medium,Very High,2,2,Sales Executive,4,Single,5828,8450,1,Yes,Overtime,1,12,3,1-2,6+ Years,4,6+ Years,Medium,2,11-15%,0,6-10 Years,6–10 Years,0,8,High,3,8,7,7,4
27,25-34,0,No,Active,0,Non-Travel,0-2 Years,443,Research & Development,R & D,0-5,3,3,Bachelor,Medical,EMP-850,Very High,4,0-5 Years,Male,50,$0-$3000,High,Very High,3,1,Research Scientist,4,Married,1706,16571,1,No,Standard,0,11,3,1-2,0-1 Years,1,0-2 Years,High,3,11-15%,3,0-1 Years,0–5 Years,6,0,Medium,2,0,0,0,0
27,25-34,0,No,Active,0,Non-Travel,0-2 Years,691,Research & Development,R & D,6-10,9,3,Bachelor,Medical,EMP-218,Very High,4,6-10 Years,Male,57,$0-$3000,High,Medium,3,1,Research Scientist,2,Divorced,2024,5970,6,No,Standard,0,18,3,9+,2–3 Years,2,0-2 Years,Very High,4,16-20%,1,2-5 Years,6–10 Years,1,6,Low,1,2,2,2,2
27,25-34,0,No,Active,0,Non-Travel,0-2 Years,1277,Research & Development,R & D,6-10,8,5,Doctor,Life Sciences,EMP-1094,Low,1,0-5 Years,Male,87,$3000-$5000,Low,High,1,1,Laboratory Technician,3,Married,4621,5869,1,No,Standard,0,19,3,1-2,0-1 Years,1,0-2 Years,Very High,4,16-20%,3,2-5 Years,0–5 Years,4,3,High,3,3,2,1,2
27,25-34,0,No,Active,0,Non-Travel,0-2 Years,1450,Research & Development,R & D,0-5,3,3,Bachelor,Medical,EMP-224,High,3,0-5 Years,Male,79,$0-$3000,Medium,High,2,1,Research Scientist,3,Divorced,2566,25326,1,Yes,Overtime,1,15,3,1-2,0-1 Years,1,0-2 Years,Very High,4,11-15%,1,0-1 Years,0–5 Years,2,1,Medium,2,1,1,0,1
27,25-34,0,No,Active,0,Non-Travel,3-5 Years,210,Sales,Sales,0-5,1,1,Below College,Marketing,EMP-449,High,3,6-10 Years,Male,73,$5000-$7000,High,Medium,3,2,Sales Executive,2,Married,6349,22107,0,Yes,Overtime,1,13,3,0,0-1 Years,1,0-2 Years,Very High,4,11-15%,1,2-5 Years,6–10 Years,0,6,High,3,5,4,1,4
27,25-34,0,No,Active,0,Travel_Frequently,0-2 Years,472,Research & Development,R & D,0-5,1,1,Below College,Technical Degree,EMP-274,High,3,6-10 Years,Male,60,$3000-$5000,Medium,Low,2,2,Manufacturing Director,1,Married,4298,9679,5,No,Standard,0,19,3,9+,2–3 Years,2,0-2 Years,High,3,16-20%,1,2-5 Years,6–10 Years,1,6,High,3,2,2,2,0
27,25-34,0,No,Active,0,Travel_Frequently,0-2 Years,591,Research & Development,R & D,0-5,2,3,Bachelor,Medical,EMP-1648,Very High,4,6-10 Years,Male,87,$0-$3000,High,Very High,3,1,Research Scientist,4,Single,2580,6297,2,No,Standard,0,13,3,1-2,0-1 Years,1,0-2 Years,High,3,11-15%,0,2-5 Years,6–10 Years,0,6,Medium,2,4,2,1,2
27,25-34,0,No,Active,0,Travel_Frequently,0-2 Years,793,Sales,Sales,0-5,2,1,Below College,Life Sciences,EMP-1371,Very High,4,6-10 Years,Male,43,$5000-$7000,Low,Very High,1,2,Sales Executive,4,Single,5071,20392,3,No,Standard,0,20,4,9+,0-1 Years,1,0-2 Years,Medium,2,16-20%,0,6-10 Years,6–10 Years,3,8,High,3,6,2,0,0
27,25-34,0,No,Active,0,Travel_Frequently,0-2 Years,829,Sales,Sales,6-10,8,1,Below College,Marketing,EMP-800,High,3,0-5 Years,Male,84,$3000-$5000,High,Very High,3,2,Sales Executive,4,Married,4342,24008,0,No,Standard,0,19,3,0,0-1 Years,1,0-2 Years,Medium,2,16-20%,1,2-5 Years,0–5 Years,3,5,High,3,4,2,1,1
27,25-34,0,No,Active,0,Travel_Frequently,3-5 Years,1297,Research & Development,R & D,0-5,5,2,College,Life Sciences,EMP-1850,Very High,4,6-10 Years,Female,53,$0-$3000,High,Very High,3,1,Laboratory Technician,4,Single,2379,19826,0,Yes,Overtime,1,14,3,0,0-1 Years,1,0-2 Years,High,3,11-15%,0,2-5 Years,6–10 Years,3,6,Medium,2,5,4,0,2
27,25-34,0,No,Active,0,Travel_Frequently,3-5 Years,1410,Sales,Sales,0-5,3,1,Below College,Medical,EMP-714,Very High,4,6-10 Years,Female,71,$3000-$5000,Very High,Very High,4,2,Sales Executive,4,Divorced,4647,16673,1,Yes,Overtime,1,20,4,1-2,0-1 Years,1,0-2 Years,Medium,2,16-20%,2,6-10 Years,6–10 Years,3,6,High,3,6,5,0,4
27,25-34,0,No,Active,0,Travel_Frequently,6-10 Years,294,Research & Development,R & D,6-10,10,2,College,Life Sciences,EMP-733,Very High,4,6-10 Years,Male,32,$7000-$10000,High,Low,3,3,Manufacturing Director,1,Divorced,8793,4809,1,No,Standard,0,21,4,1-2,0-1 Years,1,0-2 Years,High,3,21%+,2,6-10 Years,6–10 Years,4,9,Medium,2,9,7,1,7
27,25-34,0,No,Active,0,Travel_Frequently,6-10 Years,994,Sales,Sales,6-10,8,3,Bachelor,Life Sciences,EMP-56,Very High,4,6-10 Years,Male,37,$7000-$10000,High,High,3,3,Sales Executive,3,Single,8726,2975,1,No,Standard,0,15,3,1-2,0-1 Years,1,0-2 Years,Very High,4,11-15%,0,6-10 Years,6–10 Years,0,9,High,3,9,8,1,7
27,25-34,0,No,Active,0,Travel_Frequently,6-10 Years,1131,Research & Development,R & D,11-20,15,3,Bachelor,Life Sciences,EMP-1870,Very High,4,6-10 Years,Female,77,$3000-$5000,Medium,Low,2,1,Research Scientist,1,Married,4774,23844,0,No,Standard,0,19,3,0,6+ Years,4,6+ Years,Very High,4,16-20%,1,6-10 Years,6–10 Years,2,8,Medium,2,7,6,7,3
27,25-34,0,No,Active,0,Travel_Frequently,6-10 Years,1242,Sales,Sales,11-20,20,3,Bachelor,Life Sciences,EMP-293,Very High,4,6-10 Years,Female,90,$7000-$10000,High,High,3,2,Sales Executive,3,Single,9981,12916,1,No,Standard,0,14,3,1-2,0-1 Years,1,0-2 Years,Very High,4,11-15%,0,6-10 Years,6–10 Years,2,7,High,3,7,7,0,7
27,25-34,0,No,Active,0,Travel_Rarely,0-2 Years,155,Research & Development,R & D,0-5,4,3,Bachelor,Life Sciences,EMP-2064,Medium,2,6-10 Years,Male,87,$5000-$7000,Very High,Medium,4,2,Manufacturing Director,2,Married,6142,5174,1,Yes,Overtime,1,20,4,1-2,0-1 Years,1,0-2 Years,Medium,2,16-20%,1,6-10 Years,6–10 Years,0,6,High,3,6,2,0,3
27,25-34,0,No,Active,0,Travel_Rarely,0-2 Years,199,Research & Development,R & D,6-10,6,3,Bachelor,Life Sciences,EMP-1162,Very High,4,0-5 Years,Male,55,$0-$3000,Medium,High,2,1,Research Scientist,3,Married,2539,7950,1,No,Standard,0,13,3,1-2,2–3 Years,2,0-2 Years,High,3,11-15%,1,2-5 Years,0–5 Years,0,4,High,3,4,2,2,2
27,25-34,0,No,Active,0,Travel_Rarely,0-2 Years,205,Sales,Sales,6-10,10,3,Bachelor,Marketing,EMP-1403,Very High,4,6-10 Years,Female,98,$5000-$7000,Medium,Very High,2,2,Sales Executive,4,Married,5769,7100,1,Yes,Overtime,1,11,3,1-2,4–5 Years,3,3-5 Years,Very High,4,11-15%,0,6-10 Years,6–10 Years,3,6,High,3,6,2,4,4
27,25-34,0,No,Active,0,Travel_Rarely,0-2 Years,486,Research & Development,R & D,6-10,8,3,Bachelor,Medical,EMP-1647,Medium,2,0-5 Years,Female,86,$3000-$5000,Very High,High,4,1,Research Scientist,3,Married,3517,22490,7,No,Standard,0,17,3,9+,0-1 Years,1,0-2 Years,Low,1,16-20%,0,2-5 Years,0–5 Years,0,5,High,3,3,2,0,2
27,25-34,0,No,Active,0,Travel_Rarely,0-2 Years,591,Research & Development,R & D,0-5,2,1,Below College,Medical,EMP-7,Low,1,6-10 Years,Male,40,$3000-$5000,High,Medium,3,1,Laboratory Technician,2,Married,3468,16632,9,No,Standard,0,12,3,9+,2–3 Years,2,0-2 Years,Very High,4,11-15%,1,2-5 Years,6–10 Years,3,6,High,3,2,2,2,2
27,25-34,0,No,Active,0,Travel_Rarely,0-2 Years,618,Research & Development,R & D,0-5,4,3,Bachelor,Life Sciences,EMP-933,Medium,2,0-5 Years,Female,76,$0-$3000,High,High,3,1,Research Scientist,3,Single,2318,17808,1,No,Standard,0,19,3,1-2,0-1 Years,1,0-2 Years,High,3,16-20%,0,0-1 Years,0–5 Years,2,1,High,3,1,1,0,0
27,25-34,0,No,Active,0,Travel_Rarely,0-2 Years,1054,Research & Development,R & D,6-10,8,3,Bachelor,Medical,EMP-1751,High,3,6-10 Years,Female,67,$3000-$5000,High,Very High,3,1,Research Scientist,4,Single,3445,6152,1,No,Standard,0,11,3,1-2,0-1 Years,1,0-2 Years,High,3,11-15%,0,6-10 Years,6–10 Years,5,6,Medium,2,6,2,1,4
27,25-34,0,No,Active,0,Travel_Rarely,0-2 Years,1055,Research & Development,R & D,0-5,2,4,Master,Life Sciences,EMP-1027,Low,1,0-5 Years,Female,47,$3000-$5000,High,Very High,3,2,Manufacturing Director,4,Married,4227,4658,0,No,Standard,0,18,3,0,2–3 Years,2,0-2 Years,Medium,2,16-20%,1,2-5 Years,0–5 Years,2,4,High,3,3,2,2,2
27,25-34,0,No,Active,0,Travel_Rarely,0-2 Years,1115,Research & Development,R & D,0-5,3,4,Master,Medical,EMP-700,Low,1,0-5 Years,Male,54,$0-$3000,Medium,Very High,2,1,Research Scientist,4,Single,2045,15174,0,No,Standard,0,13,3,0,0-1 Years,1,0-2 Years,Very High,4,11-15%,0,2-5 Years,0–5 Years,0,5,High,3,4,2,1,1
27,25-34,0,No,Active,0,Travel_Rarely,0-2 Years,1134,Research & Development,R & D,11-20,16,4,Master,Technical Degree,EMP-1001,High,3,0-5 Years,Female,37,$0-$3000,High,Medium,3,1,Laboratory Technician,2,Married,2811,12086,9,No,Standard,0,14,3,9+,2–3 Years,2,0-2 Years,Medium,2,11-15%,1,2-5 Years,0–5 Years,2,4,High,3,2,2,2,2
27,25-34,0,No,Active,0,Travel_Rarely,0-2 Years,1157,Research & Development,R & D,11-20,17,3,Bachelor,Technical Degree,EMP-233,High,3,6-10 Years,Male,51,$3000-$5000,High,Medium,3,1,Research Scientist,2,Married,3058,13364,0,Yes,Overtime,1,16,3,0,0-1 Years,1,0-2 Years,Very High,4,16-20%,1,2-5 Years,6–10 Years,3,6,Medium,2,5,2,1,1
27,25-34,0,No,Active,0,Travel_Rarely,0-2 Years,1240,Research & Development,R & D,0-5,2,4,Master,Life Sciences,EMP-54,Very High,4,0-5 Years,Female,33,$0-$3000,High,Low,3,1,Laboratory Technician,1,Divorced,2341,19715,1,No,Standard,0,13,3,1-2,0-1 Years,1,0-2 Years,Very High,4,11-15%,1,0-1 Years,0–5 Years,6,1,High,3,1,0,0,0
27,25-34,0,No,Active,0,Travel_Rarely,0-2 Years,1291,Sales,Sales,11-20,11,3,Bachelor,Medical,EMP-1364,High,3,0-5 Years,Female,98,$0-$3000,Very High,Very High,4,1,Sales Representative,4,Married,2534,6527,8,No,Standard,0,14,3,9+,0-1 Years,1,0-2 Years,Medium,2,11-15%,1,0-1 Years,0–5 Years,4,5,High,3,1,0,0,0
27,25-34,0,No,Active,0,Travel_Rarely,0-2 Years,1377,Research & Development,R & D,11-20,11,1,Below College,Life Sciences,EMP-1434,Medium,2,6-10 Years,Male,91,$0-$3000,High,Low,3,1,Laboratory Technician,1,Married,2099,7679,0,No,Standard,0,14,3,0,0-1 Years,1,0-2 Years,Medium,2,11-15%,0,2-5 Years,6–10 Years,3,6,Very High,4,5,0,1,4
27,25-34,0,No,Active,0,Travel_Rarely,0-2 Years,1469,Research & Development,R & D,0-5,1,2,College,Medical,EMP-497,Very High,4,0-5 Years,Male,82,$3000-$5000,High,Medium,3,1,Laboratory Technician,2,Divorced,3816,17881,1,No,Standard,0,11,3,1-2,0-1 Years,1,0-2 Years,Medium,2,11-15%,1,2-5 Years,0–5 Years,2,5,High,3,5,2,0,4
27,25-34,0,No,Active,0,Travel_Rarely,3-5 Years,798,Research & Development,R & D,6-10,6,4,Master,Medical,EMP-655,Low,1,6-10 Years,Female,66,$0-$3000,Medium,High,2,1,Research Scientist,3,Divorced,2187,5013,0,No,Standard,0,12,3,0,0-1 Years,1,0-2 Years,High,3,11-15%,2,2-5 Years,6–10 Years,5,6,Medium,2,5,3,0,3
27,25-34,0,No,Active,0,Travel_Rarely,3-5 Years,1167,Research & Development,R & D,0-5,4,2,College,Life Sciences,EMP-1259,Low,1,0-5 Years,Male,76,$0-$3000,High,High,3,1,Research Scientist,3,Divorced,2517,3208,1,No,Standard,0,11,3,1-2,0-1 Years,1,0-2 Years,Medium,2,11-15%,3,2-5 Years,0–5 Years,2,5,High,3,5,3,0,3
27,25-34,0,No,Active,0,Travel_Rarely,3-5 Years,1220,Research & Development,R & D,0-5,5,3,Bachelor,Life Sciences,EMP-434,High,3,0-5 Years,Female,85,$0-$3000,High,Medium,3,1,Research Scientist,2,Single,2478,20938,1,Yes,Overtime,1,12,3,1-2,0-1 Years,1,0-2 Years,Medium,2,11-15%,0,2-5 Years,0–5 Years,2,4,Medium,2,4,3,1,2
27,25-34,0,No,Active,0,Travel_Rarely,3-5 Years,1354,Research & Development,R & D,0-5,2,4,Master,Technical Degree,EMP-1931,Medium,2,6-10 Years,Male,41,$0-$3000,High,Medium,3,1,Research Scientist,2,Married,2226,6073,1,No,Standard,0,11,3,1-2,0-1 Years,1,0-2 Years,High,3,11-15%,1,2-5 Years,6–10 Years,3,6,Medium,2,5,3,1,2
27,25-34,0,No,Active,0,Travel_Rarely,3-5 Years,1377,Sales,Sales,0-5,2,3,Bachelor,Life Sciences,EMP-437,Very High,4,0-5 Years,Male,74,$3000-$5000,High,High,3,2,Sales Executive,3,Single,4478,5242,1,Yes,Overtime,1,11,3,1-2,0-1 Years,1,0-2 Years,Low,1,11-15%,0,2-5 Years,0–5 Years,3,5,High,3,5,4,0,4
27,25-34,0,No,Active,0,Travel_Rarely,6-10 Years,269,Research & Development,R & D,0-5,5,1,Below College,Technical Degree,EMP-844,High,3,6-10 Years,Male,42,$10000-$15000,Medium,Very High,2,3,Research Director,4,Divorced,12808,8842,1,Yes,Overtime,1,16,3,1-2,0-1 Years,1,0-2 Years,Medium,2,16-20%,1,6-10 Years,6–10 Years,3,9,High,3,9,8,0,8
27,25-34,0,No,Active,0,Travel_Rarely,6-10 Years,511,Sales,Sales,0-5,2,2,College,Medical,EMP-1898,Low,1,6-10 Years,Female,89,$5000-$7000,Very High,High,4,2,Sales Executive,3,Single,6500,26997,0,No,Standard,0,14,3,0,0-1 Years,1,0-2 Years,Medium,2,11-15%,0,6-10 Years,6–10 Years,5,9,Medium,2,8,7,0,7
27,25-34,0,No,Active,0,Travel_Rarely,6-10 Years,608,Research & Development,R & D,0-5,1,2,College,Life Sciences,EMP-725,High,3,6-10 Years,Female,68,$7000-$10000,High,Low,3,3,Manufacturing Director,1,Married,7412,6009,1,No,Standard,0,11,3,1-2,0-1 Years,1,0-2 Years,Very High,4,11-15%,0,6-10 Years,6–10 Years,3,9,High,3,9,7,0,7
27,25-34,0,No,Active,0,Travel_Rarely,6-10 Years,728,Sales,Sales,21+,23,1,Below College,Medical,EMP-1864,Medium,2,6-10 Years,Female,36,$3000-$5000,Medium,High,2,2,Sales Representative,3,Married,3540,7018,1,No,Standard,0,21,4,1-2,4–5 Years,3,3-5 Years,Very High,4,21%+,1,6-10 Years,6–10 Years,5,9,High,3,9,8,5,8
27,25-34,0,No,Active,0,Travel_Rarely,6-10 Years,894,Research & Development,R & D,6-10,9,3,Bachelor,Medical,EMP-260,Very High,4,6-10 Years,Female,99,$0-$3000,High,Medium,3,1,Research Scientist,2,Single,2279,11781,1,No,Standard,0,16,3,1-2,0-1 Years,1,0-2 Years,Very High,4,16-20%,0,6-10 Years,6–10 Years,2,7,Medium,2,7,7,0,3
27,25-34,0,No,Active,0,Travel_Rarely,6-10 Years,954,Sales,Sales,6-10,9,3,Bachelor,Marketing,EMP-1965,Very High,4,6-10 Years,Male,44,$3000-$5000,High,Very High,3,2,Sales Executive,4,Single,4105,5099,1,No,Standard,0,14,3,1-2,0-1 Years,1,0-2 Years,Low,1,11-15%,0,6-10 Years,6–10 Years,5,7,High,3,7,7,0,7
27,25-34,0,No,Active,0,Travel_Rarely,6-10 Years,975,Research & Development,R & D,6-10,7,3,Bachelor,Medical,EMP-764,Very High,4,6-10 Years,Female,55,$5000-$7000,Medium,Low,2,2,Healthcare Representative,1,Single,6811,23398,8,No,Standard,0,19,3,9+,0-1 Years,1,0-2 Years,Low,1,16-20%,0,6-10 Years,6–10 Years,2,9,Low,1,7,6,0,7
27,25-34,0,No,Active,0,Travel_Rarely,6-10 Years,1103,Research & Development,R & D,11-20,14,3,Bachelor,Life Sciences,EMP-1244,Low,1,6-10 Years,Male,42,$0-$3000,High,Low,3,1,Research Scientist,1,Married,2235,14377,1,Yes,Overtime,1,14,3,1-2,6+ Years,4,6+ Years,Very High,4,11-15%,2,6-10 Years,6–10 Years,3,9,Medium,2,9,7,6,8
27,25-34,0,No,Active,0,Travel_Rarely,6-10 Years,1130,Sales,Sales,6-10,8,4,Master,Marketing,EMP-458,Medium,2,6-10 Years,Female,56,$5000-$7000,High,Medium,3,2,Sales Executive,2,Married,6214,3415,1,No,Standard,0,18,3,1-2,0-1 Years,1,0-2 Years,Low,1,16-20%,1,6-10 Years,6–10 Years,3,8,High,3,8,7,0,7
27,25-34,0,No,Active,0,Travel_Rarely,6-10 Years,1302,Research & Development,R & D,11-20,19,3,Bachelor,Other,EMP-1619,Very High,4,6-10 Years,Male,67,$3000-$5000,Medium,Low,2,1,Laboratory Technician,1,Divorced,4066,16290,1,No,Standard,0,11,3,1-2,0-1 Years,1,0-2 Years,Low,1,11-15%,2,6-10 Years,6–10 Years,3,7,High,3,7,7,0,7
27,25-34,1,Yes,Left,1,Travel_Frequently,0-2 Years,1337,Human Resources,HR,21+,22,3,Bachelor,Human Resources,EMP-1944,Low,1,0-5 Years,Female,58,$0-$3000,Medium,Medium,2,1,Human Resources,2,Married,2863,19555,1,No,Standard,0,12,3,1-2,0-1 Years,1,0-2 Years,Low,1,11-15%,0,0-1 Years,0–5 Years,2,1,High,3,1,0,0,0
27,25-34,1,Yes,Left,1,Travel_Rarely,0-2 Years,135,Research & Development,R & D,11-20,17,4,Master,Life Sciences,EMP-1405,Very High,4,6-10 Years,Female,51,$0-$3000,High,High,3,1,Research Scientist,3,Single,2394,25681,1,Yes,Overtime,1,13,3,1-2,6+ Years,4,6+ Years,Very High,4,11-15%,0,6-10 Years,6–10 Years,2,8,High,3,8,2,7,7
27,25-34,1,Yes,Left,1,Travel_Rarely,3-5 Years,1420,Sales,Sales,0-5,2,1,Below College,Marketing,EMP-667,High,3,0-5 Years,Male,85,$3000-$5000,High,Low,3,1,Sales Representative,1,Divorced,3041,16346,0,No,Standard,0,11,3,0,0-1 Years,1,0-2 Years,Medium,2,11-15%,1,2-5 Years,0–5 Years,3,5,High,3,4,3,0,2
28,25-34,0,No,Active,0,Non-Travel,0-2 Years,280,Human Resources,HR,0-5,1,2,College,Life Sciences,EMP-1858,High,3,0-5 Years,Male,43,$0-$3000,High,Very High,3,1,Human Resources,4,Divorced,2706,10494,1,No,Standard,0,15,3,1-2,2–3 Years,2,0-2 Years,Medium,2,11-15%,1,2-5 Years,0–5 Years,2,3,High,3,3,2,2,2
28,25-34,0,No,Active,0,Non-Travel,3-5 Years,120,Sales,Sales,0-5,4,3,Bachelor,Medical,EMP-129,Medium,2,0-5 Years,Male,43,$3000-$5000,High,High,3,2,Sales Executive,3,Married,4221,8863,1,No,Standard,0,15,3,1-2,0-1 Years,1,0-2 Years,Medium,2,11-15%,0,2-5 Years,0–5 Years,3,5,Very High,4,5,4,0,4
28,25-34,0,No,Active,0,Non-Travel,3-5 Years,1103,Research & Development,R & D,11-20,16,3,Bachelor,Medical,EMP-1947,High,3,0-5 Years,Male,49,$0-$3000,High,High,3,1,Research Scientist,3,Single,2144,2122,1,No,Standard,0,14,3,1-2,0-1 Years,1,0-2 Years,High,3,11-15%,0,2-5 Years,0–5 Years,3,5,Medium,2,5,3,1,4
28,25-34,0,No,Active,0,Non-Travel,6-10 Years,1476,Research & Development,R & D,0-5,1,3,Bachelor,Life Sciences,EMP-1315,High,3,6-10 Years,Female,55,$5000-$7000,Low,Very High,1,2,Laboratory Technician,4,Married,6674,16392,0,No,Standard,0,11,3,0,6+ Years,4,6+ Years,Low,1,11-15%,3,6-10 Years,6–10 Years,6,10,High,3,9,8,7,5
28,25-34,0,No,Active,0,Travel_Frequently,0-2 Years,193,Research & Development,R & D,0-5,2,3,Bachelor,Life Sciences,EMP-1296,Very High,4,0-5 Years,Male,52,$3000-$5000,Medium,Very High,2,1,Laboratory Technician,4,Married,3867,14222,1,Yes,Overtime,1,12,3,1-2,2–3 Years,2,0-2 Years,Medium,2,11-15%,1,2-5 Years,0–5 Years,2,2,High,3,2,2,2,2
28,25-34,0,No,Active,0,Travel_Frequently,0-2 Years,467,Sales,Sales,6-10,7,3,Bachelor,Life Sciences,EMP-1507,High,3,0-5 Years,Male,55,$3000-$5000,High,Low,3,2,Sales Executive,1,Single,4898,11827,0,No,Standard,0,14,3,0,0-1 Years,1,0-2 Years,Very High,4,11-15%,0,2-5 Years,0–5 Years,5,5,High,3,4,2,1,3
28,25-34,0,No,Active,0,Travel_Frequently,0-2 Years,773,Research & Development,R & D,6-10,6,3,Bachelor,Life Sciences,EMP-1154,High,3,0-5 Years,Male,39,$0-$3000,Medium,High,2,1,Research Scientist,3,Divorced,2703,22088,1,Yes,Overtime,1,14,3,1-2,0-1 Years,1,0-2 Years,Very High,4,11-15%,1,2-5 Years,0–5 Years,2,3,High,3,3,1,0,2
28,25-34,0,No,Active,0,Travel_Frequently,0-2 Years,791,Research & Development,R & D,0-5,1,4,Master,Medical,EMP-1286,Very High,4,0-5 Years,Male,44,$0-$3000,High,High,3,1,Laboratory Technician,3,Single,2154,6842,0,Yes,Overtime,1,11,3,0,0-1 Years,1,0-2 Years,High,3,11-15%,0,2-5 Years,0–5 Years,2,5,Medium,2,4,2,0,2
28,25-34,0,No,Active,0,Travel_Frequently,6-10 Years,783,Sales,Sales,0-5,1,2,College,Life Sciences,EMP-1927,High,3,6-10 Years,Male,42,$5000-$7000,Medium,Very High,2,2,Sales Executive,4,Married,6834,19255,1,Yes,Overtime,1,12,3,1-2,0-1 Years,1,0-2 Years,High,3,11-15%,1,6-10 Years,6–10 Years,2,7,High,3,7,7,0,7
28,25-34,0,No,Active,0,Travel_Rarely,0-2 Years,440,Research & Development,R & D,21+,21,3,Bachelor,Medical,EMP-221,High,3,0-5 Years,Male,42,$0-$3000,High,Very High,3,1,Research Scientist,4,Married,2713,6672,1,No,Standard,0,11,3,1-2,0-1 Years,1,0-2 Years,High,3,11-15%,1,2-5 Years,0–5 Years,2,5,Low,1,5,2,0,2
28,25-34,0,No,Active,0,Travel_Rarely,0-2 Years,640,Research & Development,R & D,0-5,1,3,Bachelor,Technical Degree,EMP-1301,Very High,4,0-5 Years,Male,84,$0-$3000,High,Low,3,1,Research Scientist,1,Single,2080,4732,2,No,Standard,0,11,3,1-2,0-1 Years,1,0-2 Years,Medium,2,11-15%,0,2-5 Years,0–5 Years,2,5,Medium,2,3,2,1,2
28,25-34,0,No,Active,0,Travel_Rarely,0-2 Years,821,Sales,Sales,0-5,5,4,Master,Medical,EMP-916,Low,1,0-5 Years,Male,98,$3000-$5000,High,Very High,3,2,Sales Executive,4,Single,4908,24252,1,No,Standard,0,14,3,1-2,0-1 Years,1,0-2 Years,Medium,2,11-15%,0,2-5 Years,0–5 Years,3,4,High,3,4,2,0,2
28,25-34,0,No,Active,0,Travel_Rarely,0-2 Years,895,Research & Development,R & D,11-20,15,2,College,Life Sciences,EMP-1102,Low,1,0-5 Years,Male,50,$0-$3000,High,High,3,1,Laboratory Technician,3,Divorced,2207,22482,1,No,Standard,0,16,3,1-2,2–3 Years,2,0-2 Years,Very High,4,16-20%,1,2-5 Years,0–5 Years,5,4,Medium,2,4,2,2,2
28,25-34,0,No,Active,0,Travel_Rarely,0-2 Years,995,Research & Development,R & D,6-10,9,3,Bachelor,Medical,EMP-930,High,3,6-10 Years,Female,77,$0-$3000,High,High,3,1,Research Scientist,3,Divorced,2377,9834,5,No,Standard,0,18,3,9+,2–3 Years,2,0-2 Years,Medium,2,16-20%,1,2-5 Years,6–10 Years,2,6,High,3,2,2,2,2
28,25-34,0,No,Active,0,Travel_Rarely,0-2 Years,1144,Sales,Sales,6-10,10,1,Below College,Medical,EMP-1056,Very High,4,0-5 Years,Male,74,$0-$3000,High,Medium,3,1,Sales Representative,2,Married,1052,23384,1,No,Standard,0,22,4,1-2,0-1 Years,1,0-2 Years,Medium,2,21%+,0,0-1 Years,0–5 Years,5,1,High,3,1,0,0,0
28,25-34,0,No,Active,0,Travel_Rarely,0-2 Years,1158,Research & Development,R & D,6-10,9,3,Bachelor,Medical,EMP-377,Very High,4,0-5 Years,Male,94,$0-$3000,High,Very High,3,1,Research Scientist,4,Married,2070,2613,1,No,Standard,0,23,4,1-2,0-1 Years,1,0-2 Years,Very High,4,21%+,1,2-5 Years,0–5 Years,3,5,Medium,2,5,2,0,4
28,25-34,0,No,Active,0,Travel_Rarely,0-2 Years,1169,Human Resources,HR,6-10,8,2,College,Medical,EMP-869,Medium,2,6-10 Years,Male,63,$3000-$5000,Medium,Very High,2,1,Human Resources,4,Divorced,4936,23965,1,No,Standard,0,13,3,1-2,0-1 Years,1,0-2 Years,Very High,4,11-15%,1,2-5 Years,6–10 Years,6,6,High,3,5,1,0,4
28,25-34,0,No,Active,0,Travel_Rarely,0-2 Years,1172,Sales,Sales,0-5,3,3,Bachelor,Medical,EMP-1875,Medium,2,0-5 Years,Female,78,$0-$3000,High,Medium,3,1,Sales Representative,2,Married,2856,3692,1,No,Standard,0,19,3,1-2,0-1 Years,1,0-2 Years,Very High,4,16-20%,1,0-1 Years,0–5 Years,3,1,High,3,1,0,0,0
28,25-34,0,No,Active,0,Travel_Rarely,0-2 Years,1217,Research & Development,R & D,0-5,1,3,Bachelor,Medical,EMP-1834,High,3,0-5 Years,Female,67,$3000-$5000,High,Low,3,1,Research Scientist,1,Married,3591,12719,1,No,Standard,0,25,4,1-2,0-1 Years,1,0-2 Years,High,3,21%+,1,2-5 Years,0–5 Years,3,3,High,3,3,2,1,2
28,25-34,0,No,Active,0,Travel_Rarely,0-2 Years,1300,Research & Development,R & D,11-20,17,2,College,Medical,EMP-536,High,3,6-10 Years,Male,79,$3000-$5000,High,Low,3,2,Laboratory Technician,1,Divorced,4558,13535,1,No,Standard,0,12,3,1-2,0-1 Years,1,0-2 Years,Very High,4,11-15%,1,6-10 Years,6–10 Years,2,10,High,3,10,0,1,8
28,25-34,0,No,Active,0,Travel_Rarely,0-2 Years,1423,Research & Development,R & D,0-5,1,3,Bachelor,Life Sciences,EMP-1506,Low,1,0-5 Years,Male,72,$0-$3000,Medium,High,2,1,Research Scientist,3,Divorced,1563,12530,1,No,Standard,0,14,3,1-2,0-1 Years,1,0-2 Years,Very High,4,11-15%,1,0-1 Years,0–5 Years,2,1,Low,1,1,0,0,0
28,25-34,0,No,Active,0,Travel_Rarely,3-5 Years,304,Sales,Sales,6-10,9,4,Master,Life Sciences,EMP-498,Medium,2,6-10 Years,Male,92,$5000-$7000,High,Very High,3,2,Sales Executive,4,Single,5253,20750,1,No,Standard,0,16,3,1-2,0-1 Years,1,0-2 Years,Very High,4,16-20%,0,6-10 Years,6–10 Years,1,7,High,3,7,5,0,7
28,25-34,0,No,Active,0,Travel_Rarely,3-5 Years,580,Research & Development,R & D,21+,27,3,Bachelor,Medical,EMP-1622,Medium,2,6-10 Years,Female,39,$3000-$5000,Low,Low,1,2,Manufacturing Director,1,Divorced,4877,20460,0,No,Standard,0,21,4,0,0-1 Years,1,0-2 Years,Medium,2,21%+,1,2-5 Years,6–10 Years,5,6,Medium,2,5,3,0,0
28,25-34,0,No,Active,0,Travel_Rarely,3-5 Years,736,Sales,Sales,21+,26,3,Bachelor,Life Sciences,EMP-1387,High,3,0-5 Years,Male,48,$3000-$5000,Medium,Low,2,2,Sales Executive,1,Married,4724,24232,1,No,Standard,0,11,3,1-2,0-1 Years,1,0-2 Years,High,3,11-15%,1,2-5 Years,0–5 Years,0,5,High,3,5,3,0,4
28,25-34,0,No,Active,0,Travel_Rarely,3-5 Years,866,Sales,Sales,0-5,5,3,Bachelor,Medical,EMP-1469,Very High,4,6-10 Years,Male,84,$7000-$10000,High,Low,3,2,Sales Executive,1,Single,8463,23490,0,No,Standard,0,18,3,0,0-1 Years,1,0-2 Years,Very High,4,16-20%,0,2-5 Years,6–10 Years,4,6,High,3,5,4,1,3
28,25-34,0,No,Active,0,Travel_Rarely,3-5 Years,1117,Research & Development,R & D,6-10,8,2,College,Life Sciences,EMP-395,Very High,4,0-5 Years,Female,66,$3000-$5000,High,Very High,3,1,Research Scientist,4,Single,3310,4488,1,No,Standard,0,21,4,1-2,0-1 Years,1,0-2 Years,Very High,4,21%+,0,2-5 Years,0–5 Years,3,5,High,3,5,3,0,2
28,25-34,0,No,Active,0,Travel_Rarely,3-5 Years,1179,Research & Development,R & D,11-20,19,4,Master,Medical,EMP-1216,Very High,4,6-10 Years,Male,78,$3000-$5000,Medium,Low,2,1,Laboratory Technician,1,Married,3196,12449,1,No,Standard,0,12,3,1-2,2–3 Years,2,3-5 Years,High,3,11-15%,3,6-10 Years,6–10 Years,2,6,High,3,6,5,3,3
28,25-34,0,No,Active,0,Travel_Rarely,3-5 Years,1181,Research & Development,R & D,0-5,1,3,Bachelor,Life Sciences,EMP-1799,High,3,0-5 Years,Male,82,$0-$3000,High,Very High,3,1,Research Scientist,4,Married,2044,5531,1,No,Standard,0,11,3,1-2,0-1 Years,1,0-2 Years,High,3,11-15%,1,2-5 Years,0–5 Years,6,5,Very High,4,5,3,0,3
28,25-34,0,No,Active,0,Travel_Rarely,3-5 Years,1451,Research & Development,R & D,0-5,2,1,Below College,Life Sciences,EMP-1136,Low,1,6-10 Years,Male,67,$3000-$5000,Medium,Medium,2,1,Research Scientist,2,Married,3201,19911,0,No,Standard,0,17,3,0,0-1 Years,1,0-2 Years,Low,1,16-20%,0,2-5 Years,6–10 Years,2,6,Low,1,5,3,0,4
28,25-34,0,No,Active,0,Travel_Rarely,3-5 Years,1476,Research & Development,R & D,11-20,16,2,College,Medical,EMP-412,Medium,2,6-10 Years,Male,68,$5000-$7000,Very High,Low,4,2,Healthcare Representative,1,Single,5661,4824,0,No,Standard,0,19,3,0,0-1 Years,1,0-2 Years,High,3,16-20%,0,6-10 Years,6–10 Years,2,9,High,3,8,3,0,7
28,25-34,0,No,Active,0,Travel_Rarely,6-10 Years,760,Sales,Sales,0-5,2,4,Master,Marketing,EMP-846,Medium,2,6-10 Years,Female,81,$3000-$5000,High,Medium,3,2,Sales Executive,2,Married,4779,3698,1,Yes,Overtime,1,20,4,1-2,6+ Years,4,6+ Years,Low,1,16-20%,0,6-10 Years,6–10 Years,2,8,High,3,8,7,7,5
28,25-34,0,No,Active,0,Travel_Rarely,6-10 Years,857,Research & Development,R & D,6-10,10,3,Bachelor,Other,EMP-1097,High,3,6-10 Years,Female,59,$3000-$5000,High,High,3,2,Research Scientist,3,Single,3660,7909,3,No,Standard,0,13,3,9+,0-1 Years,1,0-2 Years,Very High,4,11-15%,0,6-10 Years,6–10 Years,4,10,Very High,4,8,7,1,7
28,25-34,0,No,Active,0,Travel_Rarely,6-10 Years,950,Research & Development,R & D,0-5,3,3,Bachelor,Medical,EMP-1121,Very High,4,6-10 Years,Female,93,$7000-$10000,High,Medium,3,3,Manufacturing Director,2,Divorced,7655,8039,0,No,Standard,0,17,3,0,0-1 Years,1,0-2 Years,Medium,2,16-20%,3,6-10 Years,6–10 Years,3,10,Medium,2,9,7,1,7
28,25-34,0,No,Active,0,Travel_Rarely,6-10 Years,1083,Research & Development,R & D,21+,29,1,Below College,Life Sciences,EMP-1514,High,3,6-10 Years,Male,96,$5000-$7000,Low,Medium,1,2,Manufacturing Director,2,Married,6549,3173,1,No,Standard,0,14,3,1-2,0-1 Years,1,0-2 Years,Medium,2,11-15%,2,6-10 Years,6–10 Years,2,8,Medium,2,8,6,1,7
28,25-34,1,Yes,Left,1,Non-Travel,6-10 Years,1366,Research & Development,R & D,21+,24,2,College,Technical Degree,EMP-1082,Medium,2,6-10 Years,Male,72,$7000-$10000,Medium,Low,2,3,Healthcare Representative,1,Single,8722,12355,1,No,Standard,0,12,3,1-2,0-1 Years,1,0-2 Years,Low,1,11-15%,0,6-10 Years,6–10 Years,2,10,Medium,2,10,7,1,9
28,25-34,1,Yes,Left,1,Travel_Frequently,0-2 Years,289,Research & Development,R & D,0-5,2,2,College,Medical,EMP-1504,High,3,6-10 Years,Male,38,$0-$3000,Medium,Low,2,1,Laboratory Technician,1,Single,2561,5355,7,No,Standard,0,11,3,9+,0-1 Years,1,0-2 Years,High,3,11-15%,0,0-1 Years,6–10 Years,2,8,Medium,2,0,0,0,0
28,25-34,1,Yes,Left,1,Travel_Frequently,0-2 Years,1009,Research & Development,R & D,0-5,1,3,Bachelor,Medical,EMP-1111,Low,1,0-5 Years,Male,45,$0-$3000,Medium,Medium,2,1,Laboratory Technician,2,Divorced,2596,7160,1,No,Standard,0,15,3,1-2,0-1 Years,1,0-2 Years,Low,1,11-15%,2,0-1 Years,0–5 Years,2,1,High,3,1,0,0,0
28,25-34,1,Yes,Left,1,Travel_Frequently,0-2 Years,1496,Sales,Sales,0-5,1,3,Bachelor,Technical Degree,EMP-1486,Low,1,0-5 Years,Male,92,$0-$3000,High,High,3,1,Sales Representative,3,Married,2909,15747,3,No,Standard,0,15,3,9+,0-1 Years,1,0-2 Years,Very High,4,11-15%,1,2-5 Years,0–5 Years,3,5,Very High,4,3,2,1,2
28,25-34,1,Yes,Left,1,Travel_Rarely,0-2 Years,103,Research & Development,R & D,21+,24,3,Bachelor,Life Sciences,EMP-19,High,3,6-10 Years,Male,50,$0-$3000,Medium,High,2,1,Laboratory Technician,3,Single,2028,12947,5,Yes,Overtime,1,14,3,9+,0-1 Years,1,0-2 Years,Medium,2,11-15%,0,2-5 Years,6–10 Years,4,6,High,3,4,2,0,3
28,25-34,1,Yes,Left,1,Travel_Rarely,0-2 Years,329,Research & Development,R & D,21+,24,3,Bachelor,Medical,EMP-1604,High,3,0-5 Years,Male,51,$0-$3000,High,Medium,3,1,Laboratory Technician,2,Married,2408,7324,1,Yes,Overtime,1,17,3,1-2,0-1 Years,1,0-2 Years,High,3,16-20%,3,0-1 Years,0–5 Years,3,1,High,3,1,1,0,0
28,25-34,1,Yes,Left,1,Travel_Rarely,0-2 Years,529,Research & Development,R & D,0-5,2,4,Master,Life Sciences,EMP-364,Low,1,0-5 Years,Male,79,$3000-$5000,High,High,3,1,Laboratory Technician,3,Single,3485,14935,2,No,Standard,0,11,3,1-2,0-1 Years,1,0-2 Years,High,3,11-15%,0,0-1 Years,0–5 Years,5,5,Low,1,0,0,0,0
28,25-34,1,Yes,Left,1,Travel_Rarely,0-2 Years,890,Research & Development,R & D,0-5,2,4,Master,Medical,EMP-828,High,3,0-5 Years,Male,46,$3000-$5000,High,High,3,1,Research Scientist,3,Single,4382,16374,6,No,Standard,0,17,3,9+,2–3 Years,2,0-2 Years,Very High,4,16-20%,0,2-5 Years,0–5 Years,3,5,Medium,2,2,2,2,1
28,25-34,1,Yes,Left,1,Travel_Rarely,0-2 Years,1157,Research & Development,R & D,0-5,2,4,Master,Medical,EMP-440,Low,1,0-5 Years,Male,84,$3000-$5000,Low,Very High,1,1,Research Scientist,4,Married,3464,24737,5,Yes,Overtime,1,13,3,9+,2–3 Years,2,0-2 Years,Very High,4,11-15%,0,2-5 Years,0–5 Years,4,5,Medium,2,3,2,2,2
28,25-34,1,Yes,Left,1,Travel_Rarely,0-2 Years,1404,Research & Development,R & D,11-20,17,3,Bachelor,Technical Degree,EMP-1960,High,3,6-10 Years,Male,32,$0-$3000,Medium,Very High,2,1,Laboratory Technician,4,Divorced,2367,18779,5,No,Standard,0,12,3,9+,0-1 Years,1,0-2 Years,Low,1,11-15%,1,2-5 Years,6–10 Years,2,6,Medium,2,4,1,0,3
28,25-34,1,Yes,Left,1,Travel_Rarely,0-2 Years,1434,Research & Development,R & D,0-5,5,4,Master,Technical Degree,EMP-65,High,3,0-5 Years,Male,50,$3000-$5000,High,High,3,1,Laboratory Technician,3,Single,3441,11179,1,Yes,Overtime,1,13,3,1-2,2–3 Years,2,0-2 Years,High,3,11-15%,0,2-5 Years,0–5 Years,3,2,Medium,2,2,2,2,2
28,25-34,1,Yes,Left,1,Travel_Rarely,0-2 Years,1475,Sales,Sales,11-20,13,2,College,Marketing,EMP-1933,Very High,4,6-10 Years,Female,84,$7000-$10000,High,High,3,2,Sales Executive,3,Single,9854,23352,3,Yes,Overtime,1,11,3,9+,2–3 Years,2,0-2 Years,Very High,4,11-15%,0,2-5 Years,6–10 Years,0,6,High,3,2,0,2,2
28,25-34,1,Yes,Left,1,Travel_Rarely,0-2 Years,1485,Research & Development,R & D,11-20,12,1,Below College,Life Sciences,EMP-1175,High,3,0-5 Years,Female,79,$0-$3000,High,Very High,3,1,Laboratory Technician,4,Married,2515,22955,1,Yes,Overtime,1,11,3,1-2,0-1 Years,1,0-2 Years,Very High,4,11-15%,0,0-1 Years,0–5 Years,4,1,Medium,2,1,1,0,0
28,25-34,1,Yes,Left,1,Travel_Rarely,6-10 Years,654,Research & Development,R & D,0-5,1,2,College,Life Sciences,EMP-741,Low,1,6-10 Years,Female,67,$0-$3000,Low,Medium,1,1,Research Scientist,2,Single,2216,3872,7,Yes,Overtime,1,13,3,9+,2–3 Years,2,3-5 Years,Very High,4,11-15%,0,6-10 Years,6–10 Years,4,10,High,3,7,7,3,7
29,25-34,0,No,Active,0,Non-Travel,3-5 Years,746,Sales,Sales,0-5,2,3,Bachelor,Life Sciences,EMP-469,Very High,4,0-5 Years,Male,61,$3000-$5000,High,High,3,2,Sales Executive,3,Married,4649,16928,1,No,Standard,0,14,3,1-2,0-1 Years,1,0-2 Years,Low,1,11-15%,1,2-5 Years,0–5 Years,3,4,Medium,2,4,3,0,2
29,25-34,0,No,Active,0,Non-Travel,6-10 Years,1496,Research & Development,R & D,0-5,1,1,Below College,Technical Degree,EMP-208,Very High,4,6-10 Years,Male,41,$3000-$5000,High,High,3,2,Manufacturing Director,3,Married,4319,26283,1,No,Standard,0,13,3,1-2,0-1 Years,1,0-2 Years,Low,1,11-15%,1,6-10 Years,6–10 Years,1,10,High,3,10,7,0,9
29,25-34,0,No,Active,0,Travel_Frequently,0-2 Years,410,Research & Development,R & D,0-5,2,1,Below College,Life Sciences,EMP-1513,Very High,4,0-5 Years,Female,97,$3000-$5000,High,Medium,3,1,Laboratory Technician,2,Married,3180,4668,0,No,Standard,0,13,3,0,0-1 Years,1,0-2 Years,High,3,11-15%,3,2-5 Years,0–5 Years,3,4,High,3,3,2,0,2
29,25-34,0,No,Active,0,Travel_Frequently,0-2 Years,461,Research & Development,R & D,0-5,1,3,Bachelor,Life Sciences,EMP-1753,Very High,4,6-10 Years,Male,70,$5000-$7000,Very High,High,4,2,Healthcare Representative,3,Single,6294,23060,8,Yes,Overtime,1,12,3,9+,0-1 Years,1,0-2 Years,Very High,4,11-15%,0,2-5 Years,6–10 Years,5,10,Very High,4,3,2,0,2
29,25-34,0,No,Active,0,Travel_Frequently,0-2 Years,1404,Sales,Sales,11-20,20,3,Bachelor,Technical Degree,EMP-974,High,3,0-5 Years,Female,84,$0-$3000,High,Very High,3,1,Sales Representative,4,Married,2157,18203,1,No,Standard,0,15,3,1-2,0-1 Years,1,0-2 Years,Medium,2,11-15%,1,2-5 Years,0–5 Years,5,3,High,3,3,1,0,2
29,25-34,0,No,Active,0,Travel_Frequently,3-5 Years,490,Research & Development,R & D,6-10,10,3,Bachelor,Life Sciences,EMP-1143,Very High,4,6-10 Years,Female,61,$3000-$5000,High,Medium,3,1,Research Scientist,2,Divorced,3291,17940,0,No,Standard,0,14,3,0,0-1 Years,1,0-2 Years,Very High,4,11-15%,2,6-10 Years,6–10 Years,2,8,Medium,2,7,5,1,1
29,25-34,0,No,Active,0,Travel_Frequently,3-5 Years,995,Research & Development,R & D,0-5,2,1,Below College,Life Sciences,EMP-1590,Low,1,6-10 Years,Male,87,$7000-$10000,High,Very High,3,2,Healthcare Representative,4,Divorced,8853,24483,1,No,Standard,0,19,3,1-2,0-1 Years,1,0-2 Years,Very High,4,16-20%,1,6-10 Years,6–10 Years,0,6,Very High,4,6,4,1,3
29,25-34,0,No,Active,0,Travel_Frequently,6-10 Years,442,Sales,Sales,0-5,2,2,College,Life Sciences,EMP-388,Medium,2,6-10 Years,Male,44,$3000-$5000,High,Very High,3,2,Sales Executive,4,Single,4554,20260,1,No,Standard,0,18,3,1-2,0-1 Years,1,0-2 Years,Low,1,16-20%,0,6-10 Years,6–10 Years,3,10,Medium,2,10,7,0,9
29,25-34,0,No,Active,0,Travel_Frequently,6-10 Years,574,Research & Development,R & D,11-20,20,1,Below College,Medical,EMP-1852,Very High,4,11-20 Years,Male,40,$3000-$5000,High,Very High,3,1,Laboratory Technician,4,Married,3812,7003,1,No,Standard,0,13,3,1-2,2–3 Years,2,3-5 Years,Medium,2,11-15%,0,11+ Years,11–15 Years,3,11,Very High,4,11,8,3,10
29,25-34,0,No,Active,0,Travel_Frequently,6-10 Years,806,Research & Development,R & D,0-5,1,4,Master,Life Sciences,EMP-710,Medium,2,6-10 Years,Male,76,$0-$3000,Low,Very High,1,1,Research Scientist,4,Divorced,2720,18959,1,No,Standard,0,18,3,1-2,2–3 Years,2,0-2 Years,Very High,4,16-20%,1,6-10 Years,6–10 Years,5,10,High,3,10,7,2,8
29,25-34,0,No,Active,0,Travel_Frequently,6-10 Years,1413,Sales,Sales,0-5,1,1,Below College,Medical,EMP-312,Medium,2,11-20 Years,Female,42,$7000-$10000,High,Very High,3,3,Sales Executive,4,Married,7918,6599,1,No,Standard,0,14,3,1-2,4–5 Years,3,3-5 Years,Very High,4,11-15%,1,11+ Years,11–15 Years,5,11,High,3,11,10,4,1
29,25-34,0,No,Active,0,Travel_Rarely,0-2 Years,232,Research & Development,R & D,11-20,19,3,Bachelor,Technical Degree,EMP-611,Very High,4,6-10 Years,Male,34,$3000-$5000,High,Very High,3,2,Manufacturing Director,4,Divorced,4262,22645,4,No,Standard,0,12,3,9+,0-1 Years,1,0-2 Years,Medium,2,11-15%,2,2-5 Years,6–10 Years,2,8,Very High,4,3,2,1,2
29,25-34,0,No,Active,0,Travel_Rarely,0-2 Years,352,Human Resources,HR,6-10,6,1,Below College,Medical,EMP-1865,Very High,4,0-5 Years,Male,87,$0-$3000,Medium,Medium,2,1,Human Resources,2,Married,2804,15434,1,No,Standard,0,11,3,1-2,0-1 Years,1,0-2 Years,Very High,4,11-15%,0,0-1 Years,0–5 Years,3,1,High,3,1,0,0,0
29,25-34,0,No,Active,0,Travel_Rarely,0-2 Years,469,Sales,Sales,6-10,10,3,Bachelor,Medical,EMP-1650,High,3,6-10 Years,Male,42,$5000-$7000,Medium,High,2,2,Sales Executive,3,Single,5869,23413,9,No,Standard,0,11,3,9+,0-1 Years,1,0-2 Years,High,3,11-15%,0,2-5 Years,6–10 Years,2,8,High,3,5,2,1,4
29,25-34,0,No,Active,0,Travel_Rarely,0-2 Years,590,Research & Development,R & D,0-5,4,3,Bachelor,Technical Degree,EMP-1762,Very High,4,0-5 Years,Female,91,$0-$3000,Medium,Low,2,1,Research Scientist,1,Divorced,2109,10007,1,No,Standard,0,13,3,1-2,0-1 Years,1,0-2 Years,High,3,11-15%,1,0-1 Years,0–5 Years,2,1,High,3,1,0,0,0
29,25-34,0,No,Active,0,Travel_Rarely,0-2 Years,592,Research & Development,R & D,6-10,7,3,Bachelor,Life Sciences,EMP-1883,Very High,4,11-20 Years,Male,59,$0-$3000,High,Low,3,1,Laboratory Technician,1,Single,2062,19384,3,No,Standard,0,14,3,9+,0-1 Years,1,0-2 Years,Medium,2,11-15%,0,2-5 Years,11–15 Years,2,11,High,3,3,2,1,2
29,25-34,0,No,Active,0,Travel_Rarely,0-2 Years,598,Research & Development,R & D,6-10,9,3,Bachelor,Life Sciences,EMP-1558,High,3,0-5 Years,Male,91,$0-$3000,Very High,High,4,1,Research Scientist,3,Married,2451,22376,6,No,Standard,0,18,3,9+,0-1 Years,1,0-2 Years,Low,1,16-20%,2,0-1 Years,0–5 Years,2,5,Medium,2,1,0,0,0
29,25-34,0,No,Active,0,Travel_Rarely,0-2 Years,726,Research & Development,R & D,21+,29,1,Below College,Life Sciences,EMP-1859,Very High,4,11-20 Years,Male,93,$5000-$7000,Low,High,1,2,Healthcare Representative,3,Divorced,6384,21143,8,No,Standard,0,17,3,9+,0-1 Years,1,0-2 Years,Very High,4,16-20%,2,6-10 Years,11–15 Years,3,11,High,3,7,0,1,6
29,25-34,0,No,Active,0,Travel_Rarely,0-2 Years,738,Research & Development,R & D,6-10,9,5,Doctor,Other,EMP-455,Medium,2,0-5 Years,Male,30,$3000-$5000,Medium,Very High,2,1,Laboratory Technician,4,Single,3983,7621,0,No,Standard,0,17,3,0,2–3 Years,2,0-2 Years,High,3,16-20%,0,2-5 Years,0–5 Years,2,4,High,3,3,2,2,2
29,25-34,0,No,Active,0,Travel_Rarely,0-2 Years,986,Research & Development,R & D,0-5,3,4,Master,Medical,EMP-564,Medium,2,6-10 Years,Male,93,$10000-$15000,Medium,High,2,3,Research Director,3,Married,11935,21526,1,No,Standard,0,18,3,1-2,0-1 Years,1,0-2 Years,High,3,16-20%,0,6-10 Years,6–10 Years,2,10,High,3,10,2,0,7
29,25-34,0,No,Active,0,Travel_Rarely,0-2 Years,991,Sales,Sales,0-5,5,3,Bachelor,Medical,EMP-1669,Low,1,6-10 Years,Male,43,$3000-$5000,Medium,Medium,2,2,Sales Executive,2,Divorced,4187,3356,1,Yes,Overtime,1,13,3,1-2,0-1 Years,1,0-2 Years,Medium,2,11-15%,1,6-10 Years,6–10 Years,3,10,Medium,2,10,0,0,9
29,25-34,0,No,Active,0,Travel_Rarely,0-2 Years,1010,Research & Development,R & D,0-5,1,3,Bachelor,Life Sciences,EMP-1249,Low,1,0-5 Years,Female,97,$3000-$5000,High,Very High,3,1,Research Scientist,4,Divorced,3760,5598,1,No,Standard,0,15,3,1-2,0-1 Years,1,0-2 Years,Low,1,11-15%,3,2-5 Years,0–5 Years,5,3,High,3,3,2,1,2
29,25-34,0,No,Active,0,Travel_Rarely,0-2 Years,1090,Sales,Sales,6-10,10,3,Bachelor,Marketing,EMP-766,Very High,4,0-5 Years,Male,83,$0-$3000,High,Medium,3,1,Sales Representative,2,Divorced,2297,17967,1,No,Standard,0,14,3,1-2,2–3 Years,2,0-2 Years,Very High,4,11-15%,2,2-5 Years,0–5 Years,2,2,High,3,2,2,2,2
29,25-34,0,No,Active,0,Travel_Rarely,0-2 Years,1176,Sales,Sales,0-5,3,2,College,Medical,EMP-690,Medium,2,6-10 Years,Female,62,$5000-$7000,High,High,3,2,Sales Executive,3,Married,5561,3487,1,No,Standard,0,14,3,1-2,0-1 Years,1,0-2 Years,Low,1,11-15%,1,6-10 Years,6–10 Years,5,6,Medium,2,6,0,1,2
29,25-34,0,No,Active,0,Travel_Rarely,0-2 Years,1210,Sales,Sales,0-5,2,3,Bachelor,Medical,EMP-366,Low,1,6-10 Years,Male,78,$5000-$7000,Medium,Medium,2,2,Sales Executive,2,Married,6644,3687,2,No,Standard,0,19,3,1-2,0-1 Years,1,0-2 Years,Medium,2,16-20%,2,0-1 Years,6–10 Years,2,10,High,3,0,0,0,0
29,25-34,0,No,Active,0,Travel_Rarely,0-2 Years,1247,Sales,Sales,11-20,20,2,College,Marketing,EMP-349,Very High,4,6-10 Years,Male,45,$5000-$7000,High,Very High,3,2,Sales Executive,4,Divorced,6931,10732,2,No,Standard,0,14,3,1-2,0-1 Years,1,0-2 Years,Very High,4,11-15%,1,2-5 Years,6–10 Years,2,10,High,3,3,2,0,2
29,25-34,0,No,Active,0,Travel_Rarely,0-2 Years,1283,Research & Development,R & D,21+,23,3,Bachelor,Life Sciences,EMP-495,Very High,4,6-10 Years,Male,54,$0-$3000,High,Very High,3,1,Research Scientist,4,Single,2201,18168,9,No,Standard,0,16,3,9+,0-1 Years,1,0-2 Years,Very High,4,16-20%,0,2-5 Years,6–10 Years,4,6,High,3,3,2,1,2
29,25-34,0,No,Active,0,Travel_Rarely,0-2 Years,1329,Research & Development,R & D,6-10,7,3,Bachelor,Life Sciences,EMP-1260,High,3,6-10 Years,Male,82,$5000-$7000,High,Very High,3,2,Healthcare Representative,4,Divorced,6623,4204,1,Yes,Overtime,1,11,3,1-2,0-1 Years,1,0-2 Years,Medium,2,11-15%,2,6-10 Years,6–10 Years,2,6,High,3,6,0,1,0
29,25-34,0,No,Active,0,Travel_Rarely,0-2 Years,1396,Sales,Sales,6-10,10,3,Bachelor,Life Sciences,EMP-749,High,3,0-5 Years,Male,99,$0-$3000,High,High,3,1,Sales Representative,3,Single,2642,2755,1,No,Standard,0,11,3,1-2,0-1 Years,1,0-2 Years,High,3,11-15%,0,0-1 Years,0–5 Years,6,1,High,3,1,0,0,0
29,25-34,0,No,Active,0,Travel_Rarely,3-5 Years,136,Research & Development,R & D,0-5,1,3,Bachelor,Life Sciences,EMP-1954,Low,1,6-10 Years,Male,89,$5000-$7000,High,Low,3,2,Healthcare Representative,1,Married,5373,6225,0,No,Standard,0,12,3,0,0-1 Years,1,0-2 Years,Low,1,11-15%,1,2-5 Years,6–10 Years,5,6,Medium,2,5,3,0,2
29,25-34,0,No,Active,0,Travel_Rarely,3-5 Years,153,Research & Development,R & D,11-20,15,2,College,Life Sciences,EMP-15,Very High,4,6-10 Years,Female,49,$3000-$5000,Medium,High,2,2,Laboratory Technician,3,Single,4193,12682,0,Yes,Overtime,1,12,3,0,0-1 Years,1,0-2 Years,Very High,4,11-15%,0,6-10 Years,6–10 Years,3,10,High,3,9,5,0,8
29,25-34,0,No,Active,0,Travel_Rarely,3-5 Years,468,Research & Development,R & D,21+,28,4,Master,Medical,EMP-2054,Very High,4,0-5 Years,Female,73,$3000-$5000,Medium,Low,2,1,Research Scientist,1,Single,3785,8489,1,No,Standard,0,14,3,1-2,0-1 Years,1,0-2 Years,Medium,2,11-15%,0,2-5 Years,0–5 Years,3,5,Low,1,5,4,0,4
29,25-34,0,No,Active,0,Travel_Rarely,3-5 Years,665,Research & Development,R & D,11-20,15,3,Bachelor,Life Sciences,EMP-346,High,3,6-10 Years,Male,60,$0-$3000,High,Very High,3,1,Research Scientist,4,Single,2340,22673,1,No,Standard,0,19,3,1-2,0-1 Years,1,0-2 Years,Low,1,16-20%,0,6-10 Years,6–10 Years,1,6,High,3,6,5,1,5
29,25-34,0,No,Active,0,Travel_Rarely,3-5 Years,942,Research & Development,R & D,11-20,15,1,Below College,Life Sciences,EMP-1202,Medium,2,6-10 Years,Female,69,$0-$3000,Low,Very High,1,1,Research Scientist,4,Married,2168,26933,0,Yes,Overtime,1,18,3,0,0-1 Years,1,0-2 Years,Low,1,16-20%,1,2-5 Years,6–10 Years,2,6,Medium,2,5,4,1,3
29,25-34,0,No,Active,0,Travel_Rarely,3-5 Years,1082,Research & Development,R & D,6-10,9,4,Master,Medical,EMP-1709,Very High,4,6-10 Years,Female,43,$0-$3000,High,High,3,1,Laboratory Technician,3,Married,2974,25412,9,No,Standard,0,17,3,9+,0-1 Years,1,0-2 Years,High,3,16-20%,1,2-5 Years,6–10 Years,2,9,High,3,5,3,1,2
29,25-34,0,No,Active,0,Travel_Rarely,3-5 Years,1086,Research & Development,R & D,6-10,7,1,Below College,Medical,EMP-912,Low,1,6-10 Years,Female,62,$0-$3000,Medium,Very High,2,1,Laboratory Technician,4,Divorced,2532,6054,6,No,Standard,0,14,3,9+,0-1 Years,1,0-2 Years,High,3,11-15%,3,2-5 Years,6–10 Years,5,8,High,3,4,3,0,3
29,25-34,0,No,Active,0,Travel_Rarely,3-5 Years,1107,Research & Development,R & D,21+,28,4,Master,Life Sciences,EMP-1120,High,3,11-20 Years,Female,93,$0-$3000,High,Very High,3,1,Research Scientist,4,Divorced,2514,26968,4,No,Standard,0,22,4,9+,0-1 Years,1,0-2 Years,Low,1,21%+,1,6-10 Years,11–15 Years,1,11,High,3,7,5,1,7
29,25-34,0,No,Active,0,Travel_Rarely,3-5 Years,1328,Research & Development,R & D,0-5,2,3,Bachelor,Life Sciences,EMP-94,High,3,6-10 Years,Male,76,$0-$3000,High,Medium,3,1,Research Scientist,2,Married,2703,4956,0,No,Standard,0,23,4,0,0-1 Years,1,0-2 Years,Very High,4,21%+,1,2-5 Years,6–10 Years,3,6,High,3,5,4,0,4
29,25-34,0,No,Active,0,Travel_Rarely,3-5 Years,1378,Research & Development,R & D,11-20,13,2,College,Other,EMP-2053,Very High,4,6-10 Years,Male,46,$3000-$5000,Medium,Medium,2,2,Laboratory Technician,2,Married,4025,23679,4,Yes,Overtime,1,13,3,9+,0-1 Years,1,0-2 Years,Low,1,11-15%,1,2-5 Years,6–10 Years,2,10,High,3,4,3,0,3
29,25-34,0,No,Active,0,Travel_Rarely,6-10 Years,144,Sales,Sales,6-10,10,1,Below College,Marketing,EMP-463,Very High,4,6-10 Years,Female,39,$7000-$10000,Medium,Medium,2,2,Sales Executive,2,Divorced,8268,11866,1,Yes,Overtime,1,14,3,1-2,0-1 Years,1,0-2 Years,Low,1,11-15%,2,6-10 Years,6–10 Years,2,7,High,3,7,7,1,7
29,25-34,0,No,Active,0,Travel_Rarely,6-10 Years,332,Human Resources,HR,11-20,17,3,Bachelor,Other,EMP-1419,Medium,2,6-10 Years,Male,51,$7000-$10000,Medium,Low,2,3,Human Resources,1,Single,7988,9769,1,No,Standard,0,13,3,1-2,0-1 Years,1,0-2 Years,Low,1,11-15%,0,6-10 Years,6–10 Years,3,10,Medium,2,10,9,0,9
29,25-34,0,No,Active,0,Travel_Rarely,6-10 Years,441,Research & Development,R & D,6-10,8,1,Below College,Other,EMP-1544,High,3,6-10 Years,Female,39,$7000-$10000,Low,Low,1,2,Healthcare Representative,1,Married,9715,7288,3,No,Standard,0,13,3,9+,0-1 Years,1,0-2 Years,High,3,11-15%,1,6-10 Years,6–10 Years,3,9,High,3,7,7,0,7
29,25-34,0,No,Active,0,Travel_Rarely,6-10 Years,657,Research & Development,R & D,21+,27,3,Bachelor,Medical,EMP-793,Medium,2,11-20 Years,Female,66,$3000-$5000,High,High,3,2,Healthcare Representative,3,Married,4335,25549,4,No,Standard,0,12,3,9+,0-1 Years,1,0-2 Years,Low,1,11-15%,1,6-10 Years,11–15 Years,3,11,Medium,2,8,7,1,1
29,25-34,0,No,Active,0,Travel_Rarely,6-10 Years,694,Research & Development,R & D,0-5,1,3,Bachelor,Life Sciences,EMP-1264,Very High,4,6-10 Years,Female,87,$15000+,Medium,Very High,2,4,Research Director,4,Divorced,16124,3423,3,No,Standard,0,14,3,9+,0-1 Years,1,0-2 Years,Medium,2,11-15%,2,6-10 Years,6–10 Years,2,9,Medium,2,7,7,1,7
29,25-34,0,No,Active,0,Travel_Rarely,6-10 Years,718,Research & Development,R & D,6-10,8,1,Below College,Medical,EMP-1150,Medium,2,6-10 Years,Male,79,$5000-$7000,Medium,Very High,2,2,Manufacturing Director,4,Married,5056,17689,1,Yes,Overtime,1,15,3,1-2,0-1 Years,1,0-2 Years,High,3,11-15%,1,6-10 Years,6–10 Years,2,10,Medium,2,10,7,1,2
29,25-34,0,No,Active,0,Travel_Rarely,6-10 Years,1246,Sales,Sales,11-20,19,3,Bachelor,Life Sciences,EMP-1497,High,3,6-10 Years,Male,77,$7000-$10000,Medium,High,2,2,Sales Executive,3,Divorced,8620,23757,1,No,Standard,0,14,3,1-2,0-1 Years,1,0-2 Years,High,3,11-15%,2,6-10 Years,6–10 Years,3,10,High,3,10,7,0,4
29,25-34,0,No,Active,0,Travel_Rarely,6-10 Years,1252,Research & Development,R & D,21+,23,2,College,Life Sciences,EMP-824,High,3,6-10 Years,Male,81,$0-$3000,Very High,High,4,1,Research Scientist,3,Married,2700,23779,1,No,Standard,0,24,4,1-2,0-1 Years,1,0-2 Years,High,3,21%+,1,6-10 Years,6–10 Years,3,10,High,3,10,7,0,7
29,25-34,0,No,Active,0,Travel_Rarely,6-10 Years,1370,Research & Development,R & D,0-5,3,1,Below College,Medical,EMP-1586,Medium,2,6-10 Years,Male,87,$3000-$5000,High,Low,3,1,Laboratory Technician,1,Single,4723,16213,1,Yes,Overtime,1,18,3,1-2,0-1 Years,1,0-2 Years,Very High,4,16-20%,0,6-10 Years,6–10 Years,3,10,High,3,10,9,1,5
29,25-34,0,No,Active,0,Travel_Rarely,6-10 Years,1389,Research & Development,R & D,21+,21,4,Master,Life Sciences,EMP-20,Medium,2,6-10 Years,Female,51,$7000-$10000,Very High,Low,4,3,Manufacturing Director,1,Divorced,9980,10195,1,No,Standard,0,11,3,1-2,6+ Years,4,6+ Years,High,3,11-15%,1,6-10 Years,6–10 Years,1,10,High,3,10,9,8,8
29,25-34,0,No,Active,0,Travel_Rarely,6-10 Years,1401,Research & Development,R & D,6-10,6,1,Below College,Medical,EMP-1192,Medium,2,6-10 Years,Female,54,$3000-$5000,High,Very High,3,1,Laboratory Technician,4,Married,3131,26342,1,No,Standard,0,13,3,1-2,0-1 Years,1,0-2 Years,Low,1,11-15%,1,6-10 Years,6–10 Years,5,10,High,3,10,8,0,8
29,25-34,1,Yes,Left,1,Travel_Frequently,0-2 Years,459,Research & Development,R & D,21+,24,2,College,Life Sciences,EMP-1868,Very High,4,0-5 Years,Male,73,$0-$3000,Medium,Very High,2,1,Research Scientist,4,Single,2439,14753,1,Yes,Overtime,1,24,4,1-2,0-1 Years,1,0-2 Years,Medium,2,21%+,0,0-1 Years,0–5 Years,3,1,Medium,2,1,0,1,0
29,25-34,1,Yes,Left,1,Travel_Frequently,0-2 Years,746,Sales,Sales,21+,24,3,Bachelor,Technical Degree,EMP-1928,High,3,0-5 Years,Male,45,$0-$3000,Very High,Low,4,1,Sales Representative,1,Single,1091,10642,1,No,Standard,0,17,3,1-2,0-1 Years,1,0-2 Years,Very High,4,16-20%,0,0-1 Years,0–5 Years,3,1,High,3,1,0,0,0
29,25-34,1,Yes,Left,1,Travel_Frequently,3-5 Years,115,Sales,Sales,11-20,13,3,Bachelor,Technical Degree,EMP-1487,Low,1,6-10 Years,Female,51,$5000-$7000,High,Medium,3,2,Sales Executive,2,Single,5765,17485,5,No,Standard,0,11,3,9+,0-1 Years,1,0-2 Years,Low,1,11-15%,0,2-5 Years,6–10 Years,4,7,Low,1,5,3,0,0
29,25-34,1,Yes,Left,1,Travel_Frequently,6-10 Years,337,Research & Development,R & D,11-20,14,1,Below College,Other,EMP-1421,High,3,6-10 Years,Female,84,$7000-$10000,High,Very High,3,3,Healthcare Representative,4,Single,7553,22930,0,Yes,Overtime,1,12,3,0,6+ Years,4,6+ Years,Low,1,11-15%,0,6-10 Years,6–10 Years,1,9,High,3,8,7,7,7
29,25-34,1,Yes,Left,1,Travel_Rarely,0-2 Years,341,Sales,Sales,0-5,1,3,Bachelor,Medical,EMP-896,Medium,2,0-5 Years,Female,48,$0-$3000,Medium,High,2,1,Sales Representative,3,Divorced,2800,23522,6,Yes,Overtime,1,19,3,9+,0-1 Years,1,0-2 Years,High,3,16-20%,3,2-5 Years,0–5 Years,3,5,High,3,3,2,0,2
29,25-34,1,Yes,Left,1,Travel_Rarely,0-2 Years,350,Human Resources,HR,11-20,13,3,Bachelor,Human Resources,EMP-1844,Low,1,0-5 Years,Male,56,$0-$3000,Medium,Low,2,1,Human Resources,1,Divorced,2335,3157,4,Yes,Overtime,1,15,3,9+,2–3 Years,2,0-2 Years,Very High,4,11-15%,3,2-5 Years,0–5 Years,3,4,High,3,2,2,2,0
29,25-34,1,Yes,Left,1,Travel_Rarely,0-2 Years,408,Research & Development,R & D,21+,25,5,Doctor,Technical Degree,EMP-565,High,3,6-10 Years,Female,71,$0-$3000,Medium,Medium,2,1,Research Scientist,2,Married,2546,18300,5,No,Standard,0,16,3,9+,0-1 Years,1,0-2 Years,Medium,2,16-20%,0,2-5 Years,6–10 Years,2,6,Very High,4,2,2,1,1
29,25-34,1,Yes,Left,1,Travel_Rarely,0-2 Years,428,Sales,Sales,6-10,9,3,Bachelor,Marketing,EMP-1752,Medium,2,0-5 Years,Female,52,$0-$3000,Low,Medium,1,1,Sales Representative,2,Single,2760,14630,1,No,Standard,0,13,3,1-2,2–3 Years,2,0-2 Years,High,3,11-15%,0,2-5 Years,0–5 Years,3,2,High,3,2,2,2,2
29,25-34,1,Yes,Left,1,Travel_Rarely,0-2 Years,805,Research & Development,R & D,0-5,1,2,College,Life Sciences,EMP-816,Medium,2,0-5 Years,Female,36,$0-$3000,Medium,Low,2,1,Laboratory Technician,1,Married,2319,6689,1,Yes,Overtime,1,11,3,1-2,0-1 Years,1,0-2 Years,Very High,4,11-15%,1,0-1 Years,0–5 Years,1,1,High,3,1,0,0,0
29,25-34,1,Yes,Left,1,Travel_Rarely,0-2 Years,906,Research & Development,R & D,6-10,10,3,Bachelor,Life Sciences,EMP-994,Very High,4,0-5 Years,Female,92,$0-$3000,Medium,Low,2,1,Research Scientist,1,Single,2404,11479,6,Yes,Overtime,1,20,4,9+,0-1 Years,1,0-2 Years,High,3,16-20%,0,0-1 Years,0–5 Years,5,3,High,3,0,0,0,0
29,25-34,1,Yes,Left,1,Travel_Rarely,0-2 Years,992,Research & Development,R & D,0-5,1,3,Bachelor,Technical Degree,EMP-300,High,3,6-10 Years,Male,85,$0-$3000,High,High,3,1,Research Scientist,3,Single,2058,19757,0,No,Standard,0,14,3,0,0-1 Years,1,0-2 Years,Very High,4,11-15%,0,6-10 Years,6–10 Years,1,7,Medium,2,6,2,1,5
29,25-34,1,Yes,Left,1,Travel_Rarely,0-2 Years,1092,Research & Development,R & D,0-5,1,4,Master,Medical,EMP-2027,Low,1,0-5 Years,Male,36,$3000-$5000,High,Very High,3,1,Research Scientist,4,Married,4787,26124,9,Yes,Overtime,1,14,3,9+,2–3 Years,2,0-2 Years,Medium,2,11-15%,3,2-5 Years,0–5 Years,3,4,Very High,4,2,2,2,2
29,25-34,1,Yes,Left,1,Travel_Rarely,3-5 Years,121,Sales,Sales,21+,27,3,Bachelor,Marketing,EMP-283,Medium,2,6-10 Years,Female,35,$7000-$10000,High,Very High,3,3,Sales Executive,4,Married,7639,24525,1,No,Standard,0,22,4,1-2,0-1 Years,1,0-2 Years,Very High,4,21%+,3,6-10 Years,6–10 Years,3,10,Medium,2,10,4,1,9
29,25-34,1,Yes,Left,1,Travel_Rarely,3-5 Years,896,Research & Development,R & D,11-20,18,1,Below College,Medical,EMP-315,High,3,0-5 Years,Male,86,$0-$3000,Medium,Very High,2,1,Research Scientist,4,Single,2389,14961,1,Yes,Overtime,1,13,3,1-2,0-1 Years,1,0-2 Years,High,3,11-15%,0,2-5 Years,0–5 Years,3,4,Medium,2,4,3,0,1
29,25-34,1,Yes,Left,1,Travel_Rarely,6-10 Years,224,Research & Development,R & D,0-5,1,4,Master,Technical Degree,EMP-1522,Low,1,11-20 Years,Male,100,$0-$3000,Medium,Low,2,1,Research Scientist,1,Single,2362,7568,6,No,Standard,0,13,3,9+,0-1 Years,1,0-2 Years,High,3,11-15%,0,6-10 Years,11–15 Years,2,11,Low,1,9,7,0,7
29,25-34,1,Yes,Left,1,Travel_Rarely,6-10 Years,318,Research & Development,R & D,6-10,8,4,Master,Other,EMP-454,Medium,2,6-10 Years,Male,77,$0-$3000,Low,Low,1,1,Laboratory Technician,1,Married,2119,4759,1,Yes,Overtime,1,11,3,1-2,0-1 Years,1,0-2 Years,Very High,4,11-15%,0,6-10 Years,6–10 Years,4,7,Medium,2,7,7,0,7
29,25-34,1,Yes,Left,1,Travel_Rarely,6-10 Years,408,Sales,Sales,21+,23,1,Below College,Life Sciences,EMP-1165,Very High,4,11-20 Years,Female,45,$7000-$10000,Medium,Low,2,3,Sales Executive,1,Married,7336,11162,1,No,Standard,0,13,3,1-2,2–3 Years,2,3-5 Years,Low,1,11-15%,1,11+ Years,11–15 Years,3,11,Low,1,11,8,3,10
29,25-34,1,Yes,Left,1,Travel_Rarely,6-10 Years,806,Research & Development,R & D,6-10,7,3,Bachelor,Technical Degree,EMP-1299,Medium,2,6-10 Years,Female,39,$3000-$5000,High,High,3,1,Laboratory Technician,3,Divorced,3339,17285,3,Yes,Overtime,1,13,3,9+,6+ Years,4,6+ Years,Low,1,11-15%,2,6-10 Years,6–10 Years,2,10,High,3,7,7,7,7
30,25-34,0,No,Active,0,Non-Travel,0-2 Years,641,Sales,Sales,21+,25,2,College,Technical Degree,EMP-475,Very High,4,0-5 Years,Female,85,$3000-$5000,High,High,3,2,Sales Executive,3,Married,4736,6069,7,Yes,Overtime,1,12,3,9+,2–3 Years,2,0-2 Years,Medium,2,11-15%,1,2-5 Years,0–5 Years,2,4,Very High,4,2,2,2,2
30,25-34,0,No,Active,0,Non-Travel,0-2 Years,990,Research & Development,R & D,6-10,7,3,Bachelor,Technical Degree,EMP-1482,High,3,0-5 Years,Male,64,$0-$3000,High,High,3,1,Research Scientist,3,Divorced,1274,7152,1,No,Standard,0,13,3,1-2,0-1 Years,1,0-2 Years,Medium,2,11-15%,2,0-1 Years,0–5 Years,2,1,Medium,2,1,0,0,0
30,25-34,0,No,Active,0,Non-Travel,3-5 Years,879,Research & Development,R & D,6-10,9,2,College,Medical,EMP-1298,High,3,6-10 Years,Female,72,$3000-$5000,High,High,3,2,Manufacturing Director,3,Single,4695,12858,7,Yes,Overtime,1,18,3,9+,0-1 Years,1,0-2 Years,High,3,16-20%,0,6-10 Years,6–10 Years,3,10,High,3,8,4,1,7
30,25-34,0,No,Active,0,Non-Travel,3-5 Years,1400,Research & Development,R & D,0-5,3,3,Bachelor,Life Sciences,EMP-562,High,3,6-10 Years,Male,53,$0-$3000,High,Very High,3,1,Laboratory Technician,4,Married,2097,16734,4,No,Standard,0,15,3,9+,0-1 Years,1,0-2 Years,High,3,11-15%,1,2-5 Years,6–10 Years,3,9,Low,1,5,3,1,4
30,25-34,0,No,Active,0,Non-Travel,6-10 Years,111,Research & Development,R & D,6-10,9,3,Bachelor,Medical,EMP-239,High,3,11-20 Years,Male,66,$3000-$5000,High,Low,3,2,Laboratory Technician,1,Divorced,3072,11012,1,No,Standard,0,11,3,1-2,6+ Years,4,6+ Years,High,3,11-15%,2,11+ Years,11–15 Years,4,12,High,3,12,9,6,10
30,25-34,0,No,Active,0,Non-Travel,6-10 Years,829,Research & Development,R & D,0-5,1,1,Below College,Life Sciences,EMP-292,High,3,11-20 Years,Male,88,$7000-$10000,Medium,High,2,3,Manufacturing Director,3,Single,8474,20925,1,No,Standard,0,22,4,1-2,4–5 Years,3,3-5 Years,High,3,21%+,0,11+ Years,11–15 Years,2,12,High,3,11,8,5,8
30,25-34,0,No,Active,0,Non-Travel,6-10 Years,1116,Research & Development,R & D,0-5,2,3,Bachelor,Medical,EMP-571,High,3,11-20 Years,Female,49,$0-$3000,High,Very High,3,1,Laboratory Technician,4,Single,2564,7181,0,No,Standard,0,14,3,0,6+ Years,4,6+ Years,High,3,11-15%,0,11+ Years,11–15 Years,2,12,Medium,2,11,7,6,7
30,25-34,0,No,Active,0,Non-Travel,6-10 Years,1398,Sales,Sales,21+,22,4,Master,Other,EMP-567,High,3,6-10 Years,Female,69,$7000-$10000,High,Low,3,3,Sales Executive,1,Married,8412,2890,0,No,Standard,0,11,3,0,6+ Years,4,6+ Years,High,3,11-15%,0,6-10 Years,6–10 Years,3,10,High,3,9,8,7,8
30,25-34,0,No,Active,0,Travel_Frequently,0-2 Years,160,Research & Development,R & D,0-5,3,3,Bachelor,Medical,EMP-680,High,3,0-5 Years,Female,71,$0-$3000,High,High,3,1,Research Scientist,3,Divorced,2083,22653,1,No,Standard,0,20,4,1-2,0-1 Years,1,0-2 Years,High,3,16-20%,1,0-1 Years,0–5 Years,2,1,High,3,1,0,0,0
30,25-34,0,No,Active,0,Travel_Frequently,3-5 Years,1012,Research & Development,R & D,0-5,5,4,Master,Life Sciences,EMP-861,Medium,2,6-10 Years,Male,75,$3000-$5000,Medium,Very High,2,1,Research Scientist,4,Divorced,3761,2373,9,No,Standard,0,12,3,9+,0-1 Years,1,0-2 Years,Medium,2,11-15%,1,2-5 Years,6–10 Years,3,10,Medium,2,5,4,0,3
30,25-34,0,No,Active,0,Travel_Frequently,6-10 Years,721,Research & Development,R & D,0-5,1,2,College,Medical,EMP-57,High,3,11-20 Years,Female,58,$3000-$5000,High,Very High,3,2,Laboratory Technician,4,Single,4011,10781,1,No,Standard,0,23,4,1-2,2–3 Years,2,3-5 Years,Very High,4,21%+,0,11+ Years,11–15 Years,2,12,High,3,12,8,3,7
30,25-34,0,No,Active,0,Travel_Frequently,6-10 Years,1312,Research & Development,R & D,0-5,2,4,Master,Technical Degree,EMP-1745,Very High,4,6-10 Years,Female,78,$3000-$5000,Medium,Low,2,1,Research Scientist,1,Single,4968,26427,0,No,Standard,0,16,3,0,0-1 Years,1,0-2 Years,Very High,4,16-20%,0,6-10 Years,6–10 Years,2,10,High,3,9,7,0,7
30,25-34,0,No,Active,0,Travel_Frequently,6-10 Years,1312,Research & Development,R & D,21+,23,3,Bachelor,Life Sciences,EMP-159,Low,1,6-10 Years,Male,96,$0-$3000,Low,High,1,1,Research Scientist,3,Divorced,2613,22310,1,No,Standard,0,25,4,1-2,0-1 Years,1,0-2 Years,High,3,21%+,3,6-10 Years,6–10 Years,2,10,Medium,2,10,7,0,9
30,25-34,0,No,Active,0,Travel_Rarely,0-2 Years,125,Research & Development,R & D,6-10,9,2,College,Medical,EMP-41,Very High,4,6-10 Years,Male,83,$0-$3000,Medium,High,2,1,Laboratory Technician,3,Single,2206,16117,1,No,Standard,0,13,3,1-2,0-1 Years,1,0-2 Years,Low,1,11-15%,0,6-10 Years,6–10 Years,5,10,High,3,10,0,1,8
30,25-34,0,No,Active,0,Travel_Rarely,0-2 Years,201,Research & Development,R & D,0-5,5,3,Bachelor,Technical Degree,EMP-197,Very High,4,6-10 Years,Female,84,$3000-$5000,High,Low,3,1,Research Scientist,1,Divorced,3204,10415,5,No,Standard,0,14,3,9+,2–3 Years,2,0-2 Years,Very High,4,11-15%,1,2-5 Years,6–10 Years,3,8,High,3,3,2,2,2
30,25-34,0,No,Active,0,Travel_Rarely,0-2 Years,202,Sales,Sales,0-5,2,1,Below College,Technical Degree,EMP-508,High,3,0-5 Years,Male,72,$0-$3000,High,Medium,3,1,Sales Representative,2,Married,2476,17434,1,No,Standard,0,18,3,1-2,0-1 Years,1,0-2 Years,Low,1,16-20%,1,0-1 Years,0–5 Years,3,1,High,3,1,0,0,0
30,25-34,0,No,Active,0,Travel_Rarely,0-2 Years,305,Research & Development,R & D,11-20,16,3,Bachelor,Life Sciences,EMP-1763,High,3,6-10 Years,Male,58,$5000-$7000,Very High,High,4,2,Healthcare Representative,3,Married,5294,9128,3,No,Standard,0,16,3,9+,0-1 Years,1,0-2 Years,High,3,16-20%,1,6-10 Years,6–10 Years,3,10,High,3,7,0,1,7
30,25-34,0,No,Active,0,Travel_Rarely,0-2 Years,413,Sales,Sales,6-10,7,1,Below College,Marketing,EMP-585,Very High,4,0-5 Years,Male,57,$0-$3000,High,Medium,3,1,Sales Representative,2,Single,2983,18398,0,No,Standard,0,14,3,0,0-1 Years,1,0-2 Years,Low,1,11-15%,0,2-5 Years,0–5 Years,3,4,High,3,3,2,1,2
30,25-34,0,No,Active,0,Travel_Rarely,0-2 Years,634,Research & Development,R & D,11-20,17,4,Master,Medical,EMP-1321,Medium,2,6-10 Years,Female,95,$10000-$15000,High,Low,3,3,Manager,1,Married,11916,25927,1,Yes,Overtime,1,23,4,1-2,0-1 Years,1,0-2 Years,Very High,4,21%+,2,6-10 Years,6–10 Years,2,9,High,3,9,1,0,8
30,25-34,0,No,Active,0,Travel_Rarely,0-2 Years,793,Research & Development,R & D,11-20,16,1,Below College,Life Sciences,EMP-1729,Medium,2,6-10 Years,Male,33,$0-$3000,High,Very High,3,1,Research Scientist,4,Married,2862,3811,1,No,Standard,0,12,3,1-2,0-1 Years,1,0-2 Years,Medium,2,11-15%,1,6-10 Years,6–10 Years,2,10,Medium,2,10,0,0,8
30,25-34,0,No,Active,0,Travel_Rarely,0-2 Years,855,Sales,Sales,6-10,7,4,Master,Marketing,EMP-1428,Very High,4,6-10 Years,Female,73,$3000-$5000,High,Low,3,2,Sales Executive,1,Divorced,4779,12761,7,No,Standard,0,14,3,9+,0-1 Years,1,0-2 Years,Medium,2,11-15%,2,2-5 Years,6–10 Years,3,8,High,3,3,2,0,2
30,25-34,0,No,Active,0,Travel_Rarely,0-2 Years,921,Research & Development,R & D,0-5,1,3,Bachelor,Life Sciences,EMP-806,Very High,4,6-10 Years,Male,38,$3000-$5000,Low,High,1,1,Laboratory Technician,3,Married,3833,24375,3,No,Standard,0,21,4,9+,0-1 Years,1,0-2 Years,High,3,21%+,2,2-5 Years,6–10 Years,2,7,High,3,2,2,0,2
30,25-34,0,No,Active,0,Travel_Rarely,0-2 Years,946,Research & Development,R & D,0-5,2,3,Bachelor,Medical,EMP-833,High,3,11-20 Years,Female,52,$5000-$7000,Medium,Very High,2,2,Manufacturing Director,4,Single,6877,20234,5,Yes,Overtime,1,24,4,9+,0-1 Years,1,0-2 Years,Medium,2,21%+,0,0-1 Years,11–15 Years,4,12,Medium,2,0,0,0,0
30,25-34,0,No,Active,0,Travel_Rarely,0-2 Years,1138,Research & Development,R & D,6-10,6,3,Bachelor,Technical Degree,EMP-1311,Low,1,6-10 Years,Female,48,$3000-$5000,Medium,Very High,2,2,Laboratory Technician,4,Married,4627,23631,0,No,Standard,0,12,3,0,6+ Years,4,6+ Years,Low,1,11-15%,1,6-10 Years,6–10 Years,6,10,High,3,9,2,6,7
30,25-34,0,No,Active,0,Travel_Rarely,0-2 Years,1176,Research & Development,R & D,11-20,20,3,Bachelor,Other,EMP-1084,High,3,6-10 Years,Male,85,$7000-$10000,High,Low,3,2,Manufacturing Director,1,Married,9957,9096,0,No,Standard,0,15,3,0,0-1 Years,1,0-2 Years,High,3,11-15%,1,6-10 Years,6–10 Years,1,7,Medium,2,6,2,0,2
30,25-34,0,No,Active,0,Travel_Rarely,0-2 Years,1288,Sales,Sales,21+,29,4,Master,Technical Degree,EMP-1568,High,3,6-10 Years,Male,33,$7000-$10000,High,Medium,3,3,Sales Executive,2,Married,9250,17799,3,No,Standard,0,12,3,9+,0-1 Years,1,0-2 Years,Medium,2,11-15%,1,2-5 Years,6–10 Years,3,9,High,3,4,2,1,3
30,25-34,0,No,Active,0,Travel_Rarely,0-2 Years,1358,Research & Development,R & D,21+,24,1,Below College,Life Sciences,EMP-11,Very High,4,0-5 Years,Male,67,$0-$3000,High,High,3,1,Laboratory Technician,3,Divorced,2693,13335,1,No,Standard,0,22,4,1-2,0-1 Years,1,0-2 Years,Medium,2,21%+,1,0-1 Years,0–5 Years,2,1,High,3,1,0,0,0
30,25-34,0,No,Active,0,Travel_Rarely,0-2 Years,1358,Sales,Sales,11-20,16,1,Below College,Life Sciences,EMP-1479,Very High,4,0-5 Years,Male,96,$5000-$7000,High,High,3,2,Sales Executive,3,Married,5301,2939,8,No,Standard,0,15,3,9+,2–3 Years,2,0-2 Years,High,3,11-15%,2,2-5 Years,0–5 Years,2,4,Medium,2,2,1,2,2
30,25-34,0,No,Active,0,Travel_Rarely,3-5 Years,231,Sales,Sales,6-10,8,2,College,Other,EMP-982,High,3,6-10 Years,Male,62,$7000-$10000,High,High,3,3,Sales Executive,3,Divorced,7264,9977,5,No,Standard,0,11,3,9+,6+ Years,4,6+ Years,Low,1,11-15%,1,6-10 Years,6–10 Years,2,10,Very High,4,8,4,7,7
30,25-34,0,No,Active,0,Travel_Rarely,3-5 Years,241,Research & Development,R & D,6-10,7,3,Bachelor,Medical,EMP-1609,Medium,2,6-10 Years,Male,48,$0-$3000,Medium,Medium,2,1,Research Scientist,2,Married,2141,5348,1,No,Standard,0,12,3,1-2,0-1 Years,1,0-2 Years,Medium,2,11-15%,1,6-10 Years,6–10 Years,3,6,Medium,2,6,4,1,1
30,25-34,0,No,Active,0,Travel_Rarely,3-5 Years,317,Research & Development,R & D,0-5,2,3,Bachelor,Life Sciences,EMP-548,High,3,11-20 Years,Female,43,$5000-$7000,Low,Very High,1,2,Manufacturing Director,4,Single,6091,24793,2,No,Standard,0,20,4,1-2,0-1 Years,1,0-2 Years,High,3,16-20%,0,2-5 Years,11–15 Years,2,11,High,3,5,4,0,2
30,25-34,0,No,Active,0,Travel_Rarely,3-5 Years,330,Human Resources,HR,0-5,1,3,Bachelor,Life Sciences,EMP-1499,High,3,6-10 Years,Male,46,$0-$3000,High,High,3,1,Human Resources,3,Divorced,2064,15428,0,No,Standard,0,21,4,0,0-1 Years,1,0-2 Years,Low,1,21%+,1,2-5 Years,6–10 Years,3,6,Very High,4,5,3,1,3
30,25-34,0,No,Active,0,Travel_Rarely,3-5 Years,438,Research & Development,R & D,11-20,18,3,Bachelor,Life Sciences,EMP-194,Low,1,0-5 Years,Female,75,$0-$3000,High,High,3,1,Research Scientist,3,Single,2632,23910,1,No,Standard,0,14,3,1-2,0-1 Years,1,0-2 Years,High,3,11-15%,0,2-5 Years,0–5 Years,4,5,Medium,2,5,4,0,4
30,25-34,0,No,Active,0,Travel_Rarely,3-5 Years,852,Sales,Sales,6-10,10,3,Bachelor,Marketing,EMP-1179,High,3,6-10 Years,Male,72,$5000-$7000,Medium,High,2,2,Sales Executive,3,Married,6578,2706,1,No,Standard,0,18,3,1-2,0-1 Years,1,0-2 Years,Low,1,16-20%,1,6-10 Years,6–10 Years,3,10,High,3,10,3,1,4
30,25-34,0,No,Active,0,Travel_Rarely,3-5 Years,1082,Sales,Sales,11-20,12,3,Bachelor,Technical Degree,EMP-533,Medium,2,6-10 Years,Female,83,$5000-$7000,High,High,3,2,Sales Executive,3,Single,6577,19558,0,No,Standard,0,11,3,0,4–5 Years,3,3-5 Years,Medium,2,11-15%,0,2-5 Years,6–10 Years,6,6,High,3,5,4,4,4
30,25-34,0,No,Active,0,Travel_Rarely,3-5 Years,1329,Sales,Sales,21+,29,4,Master,Life Sciences,EMP-1211,High,3,6-10 Years,Male,61,$3000-$5000,High,Low,3,2,Sales Executive,1,Divorced,4115,13192,8,No,Standard,0,19,3,9+,0-1 Years,1,0-2 Years,High,3,16-20%,3,2-5 Years,6–10 Years,3,8,High,3,4,3,0,3
30,25-34,0,No,Active,0,Travel_Rarely,3-5 Years,1427,Research & Development,R & D,0-5,2,1,Below College,Medical,EMP-198,Medium,2,6-10 Years,Male,35,$0-$3000,Medium,Very High,2,1,Laboratory Technician,4,Single,2720,11162,0,No,Standard,0,13,3,0,0-1 Years,1,0-2 Years,Very High,4,11-15%,0,2-5 Years,6–10 Years,3,6,High,3,5,3,1,2
30,25-34,0,No,Active,0,Travel_Rarely,6-10 Years,153,Research & Development,R & D,6-10,8,2,College,Life Sciences,EMP-1015,Medium,2,6-10 Years,Female,73,$10000-$15000,Very High,Low,4,3,Research Director,1,Married,11416,17802,0,Yes,Overtime,1,12,3,0,0-1 Years,1,0-2 Years,High,3,11-15%,3,6-10 Years,6–10 Years,4,9,Medium,2,8,7,1,7
30,25-34,0,No,Active,0,Travel_Rarely,6-10 Years,288,Research & Development,R & D,0-5,2,3,Bachelor,Life Sciences,EMP-117,High,3,11-20 Years,Male,99,$3000-$5000,Medium,Very High,2,2,Healthcare Representative,4,Married,4152,15830,1,No,Standard,0,19,3,1-2,6+ Years,4,6+ Years,Low,1,16-20%,3,11+ Years,11–15 Years,3,11,High,3,11,10,10,8
30,25-34,0,No,Active,0,Travel_Rarely,6-10 Years,501,Sales,Sales,21+,27,5,Doctor,Marketing,EMP-747,High,3,6-10 Years,Male,99,$5000-$7000,High,Very High,3,2,Sales Executive,4,Divorced,5304,25275,7,No,Standard,0,23,4,9+,6+ Years,4,6+ Years,Very High,4,21%+,1,6-10 Years,6–10 Years,2,10,Medium,2,8,7,7,7
30,25-34,0,No,Active,0,Travel_Rarely,6-10 Years,570,Sales,Sales,0-5,5,3,Bachelor,Marketing,EMP-456,Very High,4,6-10 Years,Female,30,$5000-$7000,Medium,High,2,2,Sales Executive,3,Divorced,6118,5431,1,No,Standard,0,13,3,1-2,0-1 Years,1,0-2 Years,High,3,11-15%,3,6-10 Years,6–10 Years,2,10,High,3,10,9,1,2
30,25-34,0,No,Active,0,Travel_Rarely,6-10 Years,852,Research & Development,R & D,0-5,1,1,Below College,Life Sciences,EMP-104,Very High,4,6-10 Years,Male,55,$5000-$7000,Medium,Very High,2,2,Laboratory Technician,4,Married,5126,15998,1,Yes,Overtime,1,12,3,1-2,2–3 Years,2,3-5 Years,High,3,11-15%,2,6-10 Years,6–10 Years,1,10,Medium,2,10,8,3,0
30,25-34,0,No,Active,0,Travel_Rarely,6-10 Years,853,Research & Development,R & D,6-10,7,4,Master,Life Sciences,EMP-1224,High,3,6-10 Years,Male,49,$3000-$5000,High,High,3,2,Laboratory Technician,3,Divorced,3491,11309,1,No,Standard,0,13,3,1-2,6+ Years,4,6+ Years,Low,1,11-15%,3,6-10 Years,6–10 Years,4,10,Medium,2,10,7,8,9
30,25-34,0,No,Active,0,Travel_Rarely,6-10 Years,911,Research & Development,R & D,0-5,1,2,College,Medical,EMP-1989,Very High,4,11-20 Years,Male,76,$3000-$5000,High,Medium,3,1,Laboratory Technician,2,Married,3748,4077,1,No,Standard,0,13,3,1-2,0-1 Years,1,0-2 Years,High,3,11-15%,0,11+ Years,11–15 Years,6,12,Medium,2,12,8,1,7
30,25-34,0,No,Active,0,Travel_Rarely,6-10 Years,979,Sales,Sales,11-20,15,2,College,Marketing,EMP-1754,High,3,11-20 Years,Male,94,$7000-$10000,Medium,Low,2,3,Sales Executive,1,Divorced,7140,3088,2,No,Standard,0,11,3,1-2,0-1 Years,1,0-2 Years,Low,1,11-15%,1,6-10 Years,11–15 Years,2,12,High,3,7,7,1,7
30,25-34,0,No,Active,0,Travel_Rarely,6-10 Years,1092,Research & Development,R & D,6-10,10,3,Bachelor,Medical,EMP-1816,Low,1,6-10 Years,Female,64,$7000-$10000,High,High,3,3,Manufacturing Director,3,Single,9667,2739,9,No,Standard,0,14,3,9+,0-1 Years,1,0-2 Years,Medium,2,11-15%,0,6-10 Years,6–10 Years,3,9,High,3,7,7,0,2
30,25-34,0,No,Active,0,Travel_Rarely,6-10 Years,1240,Human Resources,HR,6-10,9,3,Bachelor,Human Resources,EMP-184,High,3,11-20 Years,Male,48,$5000-$7000,High,Very High,3,2,Human Resources,4,Married,6347,13982,0,Yes,Overtime,1,19,3,0,4–5 Years,3,3-5 Years,Very High,4,16-20%,0,11+ Years,11–15 Years,2,12,Low,1,11,9,4,7
30,25-34,0,No,Active,0,Travel_Rarely,6-10 Years,1275,Research & Development,R & D,21+,28,2,College,Medical,EMP-441,Very High,4,11-20 Years,Female,64,$5000-$7000,High,Very High,3,2,Research Scientist,4,Married,5775,11934,1,No,Standard,0,13,3,1-2,0-1 Years,1,0-2 Years,Very High,4,11-15%,2,6-10 Years,11–15 Years,2,11,High,3,10,8,1,9
30,25-34,0,No,Active,0,Travel_Rarely,6-10 Years,1334,Sales,Sales,0-5,4,2,College,Medical,EMP-121,High,3,11-20 Years,Female,63,$5000-$7000,Medium,Medium,2,2,Sales Executive,2,Divorced,5209,19760,1,Yes,Overtime,1,12,3,1-2,2–3 Years,2,0-2 Years,Medium,2,11-15%,3,11+ Years,11–15 Years,4,11,Medium,2,11,8,2,7
30,25-34,0,No,Active,0,Travel_Rarely,6-10 Years,1339,Sales,Sales,0-5,5,3,Bachelor,Life Sciences,EMP-228,Medium,2,11-20 Years,Female,41,$7000-$10000,High,Very High,3,3,Sales Executive,4,Married,9419,8053,2,No,Standard,0,12,3,1-2,6+ Years,4,6+ Years,High,3,11-15%,1,6-10 Years,11–15 Years,2,12,High,3,10,9,7,4
30,25-34,0,No,Active,0,Travel_Rarely,6-10 Years,1465,Research & Development,R & D,0-5,1,3,Bachelor,Medical,EMP-1241,Very High,4,11-20 Years,Male,63,$3000-$5000,High,Medium,3,1,Research Scientist,2,Married,3579,9369,0,Yes,Overtime,1,21,4,0,4–5 Years,3,3-5 Years,Low,1,21%+,1,11+ Years,11–15 Years,2,12,High,3,11,9,5,7
30,25-34,1,Yes,Left,1,Travel_Frequently,0-2 Years,109,Research & Development,R & D,0-5,5,3,Bachelor,Medical,EMP-1017,Medium,2,0-5 Years,Female,60,$0-$3000,High,Medium,3,1,Laboratory Technician,2,Single,2422,25725,0,No,Standard,0,17,3,0,0-1 Years,1,0-2 Years,Low,1,16-20%,0,2-5 Years,0–5 Years,3,4,High,3,3,2,1,2
30,25-34,1,Yes,Left,1,Travel_Frequently,0-2 Years,448,Sales,Sales,11-20,12,4,Master,Life Sciences,EMP-648,Medium,2,0-5 Years,Male,74,$0-$3000,Medium,Low,2,1,Sales Representative,1,Married,2033,14470,1,No,Standard,0,18,3,1-2,0-1 Years,1,0-2 Years,High,3,16-20%,1,0-1 Years,0–5 Years,2,1,Very High,4,1,0,0,0
30,25-34,1,Yes,Left,1,Travel_Frequently,0-2 Years,464,Research & Development,R & D,0-5,4,3,Bachelor,Technical Degree,EMP-514,High,3,0-5 Years,Male,40,$0-$3000,High,Very High,3,1,Research Scientist,4,Single,2285,3427,9,Yes,Overtime,1,23,4,9+,0-1 Years,1,0-2 Years,High,3,21%+,0,0-1 Years,0–5 Years,4,3,High,3,1,0,0,0
30,25-34,1,Yes,Left,1,Travel_Frequently,0-2 Years,600,Human Resources,HR,6-10,8,3,Bachelor,Human Resources,EMP-1747,High,3,6-10 Years,Female,66,$0-$3000,Medium,Very High,2,1,Human Resources,4,Divorced,2180,9732,6,No,Standard,0,11,3,9+,0-1 Years,1,0-2 Years,High,3,11-15%,1,2-5 Years,6–10 Years,0,6,Medium,2,4,2,1,2
30,25-34,1,Yes,Left,1,Travel_Frequently,3-5 Years,334,Sales,Sales,21+,26,4,Master,Marketing,EMP-299,High,3,6-10 Years,Female,52,$5000-$7000,Medium,Low,2,2,Sales Executive,1,Single,6696,22967,5,No,Standard,0,15,3,9+,0-1 Years,1,0-2 Years,High,3,11-15%,0,6-10 Years,6–10 Years,5,9,Medium,2,6,3,0,1
30,25-34,1,Yes,Left,1,Travel_Rarely,0-2 Years,138,Research & Development,R & D,21+,22,3,Bachelor,Life Sciences,EMP-1004,Low,1,6-10 Years,Female,48,$0-$3000,High,High,3,1,Research Scientist,3,Married,2132,11539,4,Yes,Overtime,1,11,3,9+,0-1 Years,1,0-2 Years,Medium,2,11-15%,0,2-5 Years,6–10 Years,2,7,High,3,5,2,0,1
30,25-34,1,Yes,Left,1,Travel_Rarely,0-2 Years,945,Sales,Sales,6-10,9,3,Bachelor,Medical,EMP-1876,Medium,2,0-5 Years,Male,89,$0-$3000,High,Very High,3,1,Sales Representative,4,Single,1081,16019,1,No,Standard,0,13,3,1-2,0-1 Years,1,0-2 Years,High,3,11-15%,0,0-1 Years,0–5 Years,3,1,Medium,2,1,0,0,0
30,25-34,1,Yes,Left,1,Travel_Rarely,0-2 Years,1005,Research & Development,R & D,0-5,3,3,Bachelor,Technical Degree,EMP-297,Very High,4,6-10 Years,Female,88,$0-$3000,High,Low,3,1,Research Scientist,1,Single,2657,8556,5,Yes,Overtime,1,11,3,9+,0-1 Years,1,0-2 Years,High,3,11-15%,0,2-5 Years,6–10 Years,5,8,High,3,5,2,0,4
30,25-34,1,Yes,Left,1,Travel_Rarely,6-10 Years,740,Sales,Sales,0-5,1,3,Bachelor,Life Sciences,EMP-1562,Medium,2,6-10 Years,Male,64,$7000-$10000,Medium,Low,2,2,Sales Executive,1,Married,9714,5323,1,No,Standard,0,11,3,1-2,6+ Years,4,6+ Years,Very High,4,11-15%,1,6-10 Years,6–10 Years,4,10,High,3,10,8,6,7
31,25-34,0,No,Active,0,Non-Travel,0-2 Years,976,Research & Development,R & D,0-5,3,2,College,Medical,EMP-1948,High,3,0-5 Years,Male,48,$3000-$5000,High,Low,3,1,Research Scientist,1,Divorced,3065,3995,1,Yes,Overtime,1,13,3,1-2,2–3 Years,2,0-2 Years,Very High,4,11-15%,1,2-5 Years,0–5 Years,3,4,Very High,4,4,2,2,3
31,25-34,0,No,Active,0,Non-Travel,3-5 Years,325,Research & Development,R & D,0-5,5,3,Bachelor,Medical,EMP-2057,Medium,2,6-10 Years,Male,74,$7000-$10000,High,Low,3,2,Manufacturing Director,1,Single,9936,3787,0,No,Standard,0,19,3,0,0-1 Years,1,0-2 Years,Medium,2,16-20%,0,6-10 Years,6–10 Years,2,10,High,3,9,4,1,7
31,25-34,0,No,Active,0,Non-Travel,3-5 Years,979,Research & Development,R & D,0-5,1,4,Master,Medical,EMP-308,High,3,6-10 Years,Male,90,$3000-$5000,Low,High,1,2,Manufacturing Director,3,Married,4345,4381,0,No,Standard,0,12,3,0,0-1 Years,1,0-2 Years,Very High,4,11-15%,1,2-5 Years,6–10 Years,2,6,High,3,5,4,1,4
31,25-34,0,No,Active,0,Non-Travel,6-10 Years,587,Sales,Sales,0-5,2,4,Master,Life Sciences,EMP-1324,Very High,4,6-10 Years,Female,57,$7000-$10000,High,High,3,3,Sales Executive,3,Divorced,9852,8935,1,Yes,Overtime,1,19,3,1-2,6+ Years,4,6+ Years,Low,1,16-20%,1,6-10 Years,6–10 Years,5,10,Medium,2,10,8,9,6
31,25-34,0,No,Active,0,Non-Travel,6-10 Years,697,Research & Development,R & D,6-10,10,3,Bachelor,Medical,EMP-1979,High,3,11-20 Years,Female,40,$10000-$15000,High,High,3,3,Research Director,3,Married,11031,26862,4,No,Standard,0,20,4,9+,4–5 Years,3,3-5 Years,High,3,16-20%,1,11+ Years,11–15 Years,2,13,Very High,4,11,7,4,8
31,25-34,0,No,Active,0,Non-Travel,6-10 Years,1188,Sales,Sales,11-20,20,2,College,Marketing,EMP-947,Very High,4,6-10 Years,Female,45,$5000-$7000,High,High,3,2,Sales Executive,3,Married,6932,24406,1,No,Standard,0,13,3,1-2,0-1 Years,1,0-2 Years,Very High,4,11-15%,1,6-10 Years,6–10 Years,2,9,Medium,2,9,8,0,0
31,25-34,0,No,Active,0,Travel_Frequently,0-2 Years,444,Sales,Sales,0-5,5,3,Bachelor,Marketing,EMP-399,Very High,4,0-5 Years,Female,84,$0-$3000,High,Medium,3,1,Sales Representative,2,Divorced,2789,3909,1,No,Standard,0,11,3,1-2,2–3 Years,2,0-2 Years,High,3,11-15%,1,2-5 Years,0–5 Years,5,2,Medium,2,2,2,2,2
31,25-34,0,No,Active,0,Travel_Frequently,0-2 Years,715,Sales,Sales,0-5,2,4,Master,Other,EMP-1613,Very High,4,6-10 Years,Male,54,$5000-$7000,High,Low,3,2,Sales Executive,1,Single,5332,21602,7,No,Standard,0,13,3,9+,0-1 Years,1,0-2 Years,Very High,4,11-15%,0,2-5 Years,6–10 Years,3,10,High,3,5,2,0,3
31,25-34,0,No,Active,0,Travel_Frequently,0-2 Years,793,Sales,Sales,11-20,20,3,Bachelor,Life Sciences,EMP-1135,High,3,0-5 Years,Male,67,$0-$3000,Very High,Very High,4,1,Sales Representative,4,Married,2791,21981,0,No,Standard,0,12,3,0,2–3 Years,2,0-2 Years,Low,1,11-15%,1,2-5 Years,0–5 Years,4,3,High,3,2,2,2,2
31,25-34,0,No,Active,0,Travel_Frequently,0-2 Years,1125,Sales,Sales,6-10,7,4,Master,Marketing,EMP-1833,Low,1,6-10 Years,Female,68,$7000-$10000,High,Low,3,3,Sales Executive,1,Married,9637,8277,2,No,Standard,0,14,3,1-2,2–3 Years,2,0-2 Years,Very High,4,11-15%,2,2-5 Years,6–10 Years,3,9,High,3,3,2,2,2
31,25-34,0,No,Active,0,Travel_Frequently,0-2 Years,1327,Research & Development,R & D,0-5,3,4,Master,Medical,EMP-337,Medium,2,6-10 Years,Male,73,$10000-$15000,High,High,3,3,Research Director,3,Divorced,13675,13523,9,No,Standard,0,12,3,9+,2–3 Years,2,0-2 Years,Low,1,11-15%,1,2-5 Years,6–10 Years,3,9,High,3,2,2,2,2
31,25-34,0,No,Active,0,Travel_Frequently,3-5 Years,163,Research & Development,R & D,21+,24,1,Below College,Technical Degree,EMP-1736,Very High,4,6-10 Years,Female,30,$5000-$7000,High,Very High,3,2,Manufacturing Director,4,Single,5238,6670,2,No,Standard,0,20,4,1-2,0-1 Years,1,0-2 Years,Very High,4,16-20%,0,2-5 Years,6–10 Years,3,9,Medium,2,5,4,1,4
31,25-34,0,No,Active,0,Travel_Frequently,3-5 Years,853,Research & Development,R & D,0-5,1,1,Below College,Life Sciences,EMP-1011,High,3,0-5 Years,Female,96,$3000-$5000,High,Low,3,2,Manufacturing Director,1,Married,4148,11275,1,No,Standard,0,12,3,1-2,0-1 Years,1,0-2 Years,High,3,11-15%,1,2-5 Years,0–5 Years,1,4,High,3,4,3,0,3
31,25-34,0,No,Active,0,Travel_Frequently,6-10 Years,798,Research & Development,R & D,6-10,7,2,College,Life Sciences,EMP-442,High,3,6-10 Years,Female,48,$7000-$10000,Medium,High,2,3,Manufacturing Director,3,Married,8943,14034,1,No,Standard,0,24,4,1-2,6+ Years,4,6+ Years,Low,1,21%+,1,6-10 Years,6–10 Years,2,10,High,3,10,9,8,9
31,25-34,0,No,Active,0,Travel_Frequently,6-10 Years,1125,Research & Development,R & D,0-5,1,3,Bachelor,Life Sciences,EMP-1956,Very High,4,6-10 Years,Male,48,$5000-$7000,Low,Low,1,2,Research Scientist,1,Married,5003,5771,1,No,Standard,0,21,4,1-2,6+ Years,4,6+ Years,Medium,2,21%+,0,6-10 Years,6–10 Years,6,10,High,3,10,8,8,7
31,25-34,0,No,Active,0,Travel_Rarely,0-2 Years,106,Human Resources,HR,0-5,2,3,Bachelor,Human Resources,EMP-424,Low,1,6-10 Years,Male,62,$5000-$7000,Medium,Low,2,2,Human Resources,1,Married,6410,17822,3,No,Standard,0,12,3,9+,0-1 Years,1,0-2 Years,Very High,4,11-15%,0,2-5 Years,6–10 Years,1,9,High,3,2,2,1,0
31,25-34,0,No,Active,0,Travel_Rarely,0-2 Years,140,Research & Development,R & D,11-20,12,1,Below College,Medical,EMP-246,High,3,6-10 Years,Female,95,$3000-$5000,High,Very High,3,1,Research Scientist,4,Married,3929,6984,8,Yes,Overtime,1,23,4,9+,0-1 Years,1,0-2 Years,High,3,21%+,1,2-5 Years,6–10 Years,0,7,High,3,4,2,0,2
31,25-34,0,No,Active,0,Travel_Rarely,0-2 Years,182,Research & Development,R & D,6-10,8,5,Doctor,Life Sciences,EMP-1430,Low,1,6-10 Years,Female,93,$15000+,High,Medium,3,4,Research Director,2,Single,16422,8847,3,No,Standard,0,11,3,9+,0-1 Years,1,0-2 Years,High,3,11-15%,0,2-5 Years,6–10 Years,3,9,Very High,4,3,2,1,0
31,25-34,0,No,Active,0,Travel_Rarely,0-2 Years,192,Research & Development,R & D,0-5,2,4,Master,Life Sciences,EMP-426,High,3,0-5 Years,Male,32,$0-$3000,High,Very High,3,1,Research Scientist,4,Divorced,2695,7747,0,Yes,Overtime,1,18,3,0,2–3 Years,2,0-2 Years,Medium,2,16-20%,1,2-5 Years,0–5 Years,2,3,Low,1,2,2,2,2
31,25-34,0,No,Active,0,Travel_Rarely,0-2 Years,329,Research & Development,R & D,0-5,1,2,College,Life Sciences,EMP-530,Very High,4,0-5 Years,Male,98,$0-$3000,Medium,Low,2,1,Laboratory Technician,1,Married,2218,16193,1,No,Standard,0,12,3,1-2,2–3 Years,2,3-5 Years,High,3,11-15%,1,2-5 Years,0–5 Years,3,4,High,3,4,2,3,2
31,25-34,0,No,Active,0,Travel_Rarely,0-2 Years,408,Research & Development,R & D,6-10,9,4,Master,Life Sciences,EMP-493,High,3,0-5 Years,Male,42,$0-$3000,Medium,Medium,2,1,Research Scientist,2,Single,2657,7551,0,Yes,Overtime,1,16,3,0,2–3 Years,2,0-2 Years,Very High,4,16-20%,0,2-5 Years,0–5 Years,5,3,High,3,2,2,2,2
31,25-34,0,No,Active,0,Travel_Rarely,0-2 Years,471,Research & Development,R & D,0-5,4,3,Bachelor,Medical,EMP-1916,Low,1,0-5 Years,Female,62,$3000-$5000,Very High,High,4,1,Laboratory Technician,3,Divorced,3978,16031,8,No,Standard,0,12,3,9+,2–3 Years,2,0-2 Years,Medium,2,11-15%,1,2-5 Years,0–5 Years,0,4,Medium,2,2,2,2,2
31,25-34,0,No,Active,0,Travel_Rarely,0-2 Years,670,Research & Development,R & D,21+,26,1,Below College,Life Sciences,EMP-16,Low,1,0-5 Years,Male,31,$0-$3000,High,High,3,1,Research Scientist,3,Divorced,2911,15170,1,No,Standard,0,17,3,1-2,4–5 Years,3,3-5 Years,Very High,4,16-20%,1,2-5 Years,0–5 Years,1,5,Medium,2,5,2,4,3
31,25-34,0,No,Active,0,Travel_Rarely,0-2 Years,691,Research & Development,R & D,0-5,5,4,Master,Technical Degree,EMP-423,High,3,6-10 Years,Male,86,$3000-$5000,High,Very High,3,1,Research Scientist,4,Married,4821,10077,0,Yes,Overtime,1,12,3,0,0-1 Years,1,0-2 Years,High,3,11-15%,1,2-5 Years,6–10 Years,4,6,High,3,5,2,0,3
31,25-34,0,No,Active,0,Travel_Rarely,0-2 Years,741,Research & Development,R & D,0-5,2,4,Master,Life Sciences,EMP-1721,Medium,2,6-10 Years,Male,69,$3000-$5000,High,High,3,1,Laboratory Technician,3,Married,3477,18103,1,No,Standard,0,14,3,1-2,0-1 Years,1,0-2 Years,Very High,4,11-15%,1,2-5 Years,6–10 Years,2,6,Very High,4,5,2,0,3
31,25-34,0,No,Active,0,Travel_Rarely,0-2 Years,1003,Sales,Sales,0-5,5,3,Bachelor,Technical Degree,EMP-1749,Low,1,6-10 Years,Male,51,$7000-$10000,High,High,3,2,Sales Executive,3,Married,8346,20943,1,No,Standard,0,19,3,1-2,0-1 Years,1,0-2 Years,High,3,16-20%,1,2-5 Years,6–10 Years,3,6,High,3,5,2,0,2
31,25-34,0,No,Active,0,Travel_Rarely,0-2 Years,1079,Sales,Sales,6-10,10,2,College,Medical,EMP-1912,High,3,6-10 Years,Female,86,$5000-$7000,High,Very High,3,2,Sales Executive,4,Divorced,6583,20115,2,Yes,Overtime,1,11,3,1-2,0-1 Years,1,0-2 Years,Very High,4,11-15%,1,2-5 Years,6–10 Years,2,8,High,3,5,2,1,4
31,25-34,0,No,Active,0,Travel_Rarely,0-2 Years,1082,Research & Development,R & D,0-5,1,4,Master,Medical,EMP-95,High,3,0-5 Years,Male,87,$0-$3000,High,Medium,3,1,Research Scientist,2,Single,2501,18775,1,No,Standard,0,17,3,1-2,0-1 Years,1,0-2 Years,Medium,2,16-20%,0,0-1 Years,0–5 Years,4,1,High,3,1,1,1,0
31,25-34,0,No,Active,0,Travel_Rarely,0-2 Years,1112,Sales,Sales,0-5,5,4,Master,Life Sciences,EMP-1673,Low,1,6-10 Years,Female,67,$5000-$7000,High,Very High,3,2,Sales Executive,4,Married,5476,22589,1,No,Standard,0,11,3,1-2,0-1 Years,1,0-2 Years,Low,1,11-15%,2,6-10 Years,6–10 Years,2,10,High,3,10,0,0,2
31,25-34,0,No,Active,0,Travel_Rarely,0-2 Years,1154,Sales,Sales,0-5,2,2,College,Life Sciences,EMP-1996,Low,1,0-5 Years,Male,54,$3000-$5000,High,High,3,1,Sales Representative,3,Married,3067,6393,0,No,Standard,0,19,3,0,0-1 Years,1,0-2 Years,High,3,16-20%,1,2-5 Years,0–5 Years,1,3,High,3,2,2,1,2
31,25-34,0,No,Active,0,Travel_Rarely,0-2 Years,1276,Research & Development,R & D,0-5,2,1,Below College,Medical,EMP-1974,Very High,4,0-5 Years,Female,59,$0-$3000,Low,Very High,1,1,Laboratory Technician,4,Divorced,1129,17536,1,Yes,Overtime,1,11,3,1-2,0-1 Years,1,0-2 Years,High,3,11-15%,3,0-1 Years,0–5 Years,4,1,High,3,1,0,0,0
31,25-34,0,No,Active,0,Travel_Rarely,0-2 Years,1398,Human Resources,HR,6-10,8,2,College,Medical,EMP-1461,Very High,4,6-10 Years,Female,96,$0-$3000,Very High,Medium,4,1,Human Resources,2,Single,2109,24609,9,No,Standard,0,18,3,9+,0-1 Years,1,0-2 Years,Very High,4,16-20%,0,2-5 Years,6–10 Years,3,8,High,3,3,2,0,2
31,25-34,0,No,Active,0,Travel_Rarely,0-2 Years,1463,Research & Development,R & D,21+,23,3,Bachelor,Medical,EMP-367,Medium,2,6-10 Years,Male,64,$5000-$7000,Medium,Very High,2,2,Healthcare Representative,4,Married,5582,14408,0,No,Standard,0,21,4,0,6+ Years,4,6+ Years,Medium,2,21%+,1,6-10 Years,6–10 Years,2,10,High,3,9,0,7,8
31,25-34,0,No,Active,0,Travel_Rarely,3-5 Years,688,Sales,Sales,6-10,7,3,Bachelor,Life Sciences,EMP-613,High,3,6-10 Years,Male,44,$10000-$15000,Medium,Very High,2,3,Manager,4,Divorced,11557,25291,9,No,Standard,0,21,4,9+,0-1 Years,1,0-2 Years,High,3,21%+,1,2-5 Years,6–10 Years,3,10,Medium,2,5,4,0,1
31,25-34,0,No,Active,0,Travel_Rarely,3-5 Years,828,Sales,Sales,0-5,2,1,Below College,Life Sciences,EMP-604,Medium,2,6-10 Years,Male,77,$5000-$7000,High,Very High,3,2,Sales Executive,4,Single,6582,8346,4,Yes,Overtime,1,13,3,9+,0-1 Years,1,0-2 Years,High,3,11-15%,0,6-10 Years,6–10 Years,2,10,Very High,4,6,5,0,5
31,25-34,0,No,Active,0,Travel_Rarely,3-5 Years,1222,Research & Development,R & D,11-20,11,4,Master,Life Sciences,EMP-895,Very High,4,6-10 Years,Male,48,$0-$3000,High,Very High,3,1,Research Scientist,4,Married,2356,14871,3,Yes,Overtime,1,19,3,9+,0-1 Years,1,0-2 Years,Medium,2,16-20%,1,6-10 Years,6–10 Years,2,8,High,3,6,4,0,2
31,25-34,0,No,Active,0,Travel_Rarely,3-5 Years,1332,Research & Development,R & D,11-20,11,2,College,Medical,EMP-1251,High,3,6-10 Years,Male,80,$5000-$7000,High,Low,3,2,Healthcare Representative,1,Married,6833,17089,1,Yes,Overtime,1,12,3,1-2,0-1 Years,1,0-2 Years,Very High,4,11-15%,0,6-10 Years,6–10 Years,2,6,Medium,2,6,5,0,1
31,25-34,0,No,Active,0,Travel_Rarely,6-10 Years,154,Sales,Sales,6-10,7,4,Master,Life Sciences,EMP-941,Medium,2,11-20 Years,Male,41,$0-$3000,Medium,High,2,1,Sales Representative,3,Married,2329,11737,3,No,Standard,0,15,3,9+,4–5 Years,3,3-5 Years,Medium,2,11-15%,0,6-10 Years,11–15 Years,2,13,Very High,4,7,7,5,2
31,25-34,0,No,Active,0,Travel_Rarely,6-10 Years,196,Sales,Sales,21+,29,4,Master,Marketing,EMP-1784,Low,1,11-20 Years,Female,91,$5000-$7000,Medium,Very High,2,2,Sales Executive,4,Married,5468,13402,1,No,Standard,0,14,3,1-2,4–5 Years,3,3-5 Years,Low,1,11-15%,2,11+ Years,11–15 Years,3,13,High,3,12,7,5,7
31,25-34,0,No,Active,0,Travel_Rarely,6-10 Years,218,Sales,Sales,6-10,7,3,Bachelor,Technical Degree,EMP-416,Medium,2,6-10 Years,Male,100,$5000-$7000,Very High,Very High,4,2,Sales Executive,4,Married,6929,12241,4,No,Standard,0,11,3,9+,6+ Years,4,6+ Years,Medium,2,11-15%,1,6-10 Years,6–10 Years,3,10,Medium,2,8,7,7,7
31,25-34,0,No,Active,0,Travel_Rarely,6-10 Years,311,Research & Development,R & D,11-20,20,3,Bachelor,Life Sciences,EMP-1881,Medium,2,6-10 Years,Male,89,$3000-$5000,High,High,3,2,Laboratory Technician,3,Divorced,4197,18624,1,No,Standard,0,11,3,1-2,0-1 Years,1,0-2 Years,Low,1,11-15%,1,6-10 Years,6–10 Years,2,10,High,3,10,8,0,2
31,25-34,0,No,Active,0,Travel_Rarely,6-10 Years,326,Sales,Sales,6-10,8,2,College,Life Sciences,EMP-1453,Low,1,11-20 Years,Male,31,$10000-$15000,High,Very High,3,3,Sales Executive,4,Divorced,10793,8386,1,No,Standard,0,18,3,1-2,6+ Years,4,6+ Years,Low,1,16-20%,1,11+ Years,11–15 Years,5,13,High,3,13,7,9,9
31,25-34,0,No,Active,0,Travel_Rarely,6-10 Years,480,Research & Development,R & D,6-10,7,2,College,Medical,EMP-524,Medium,2,11-20 Years,Female,31,$3000-$5000,High,Low,3,2,Manufacturing Director,1,Married,4306,4156,1,No,Standard,0,12,3,1-2,2–3 Years,2,3-5 Years,Medium,2,11-15%,1,11+ Years,11–15 Years,5,13,Low,1,13,10,3,12
31,25-34,0,No,Active,0,Travel_Rarely,6-10 Years,525,Sales,Sales,6-10,6,4,Master,Medical,EMP-653,Low,1,11-20 Years,Male,66,$5000-$7000,Very High,Very High,4,2,Sales Executive,4,Divorced,5460,6219,4,No,Standard,0,22,4,9+,4–5 Years,3,3-5 Years,Very High,4,21%+,2,6-10 Years,11–15 Years,4,13,Very High,4,7,7,5,7
31,25-34,0,No,Active,0,Travel_Rarely,6-10 Years,616,Research & Development,R & D,11-20,12,3,Bachelor,Medical,EMP-961,Very High,4,6-10 Years,Female,41,$5000-$7000,High,Very High,3,2,Healthcare Representative,4,Married,5855,17369,0,Yes,Overtime,1,11,3,0,6+ Years,4,6+ Years,High,3,11-15%,2,6-10 Years,6–10 Years,2,10,Low,1,9,7,8,5
31,25-34,0,No,Active,0,Travel_Rarely,6-10 Years,655,Research & Development,R & D,6-10,7,4,Master,Life Sciences,EMP-76,Very High,4,6-10 Years,Male,48,$5000-$7000,High,Very High,3,2,Laboratory Technician,4,Divorced,5915,9528,3,No,Standard,0,22,4,9+,0-1 Years,1,0-2 Years,Very High,4,21%+,1,6-10 Years,6–10 Years,3,10,Medium,2,7,7,1,7
31,25-34,0,No,Active,0,Travel_Rarely,6-10 Years,691,Sales,Sales,6-10,7,3,Bachelor,Marketing,EMP-438,Very High,4,11-20 Years,Male,73,$7000-$10000,High,Very High,3,2,Sales Executive,4,Divorced,7547,7143,4,No,Standard,0,12,3,9+,0-1 Years,1,0-2 Years,Very High,4,11-15%,3,6-10 Years,11–15 Years,3,13,High,3,7,7,1,7
31,25-34,0,No,Active,0,Travel_Rarely,6-10 Years,746,Research & Development,R & D,6-10,8,4,Master,Life Sciences,EMP-98,High,3,11-20 Years,Female,61,$3000-$5000,High,Very High,3,2,Manufacturing Director,4,Single,4424,20682,1,No,Standard,0,23,4,1-2,0-1 Years,1,0-2 Years,Very High,4,21%+,0,11+ Years,11–15 Years,2,11,High,3,11,7,1,8
31,25-34,0,No,Active,0,Travel_Rarely,6-10 Years,1062,Research & Development,R & D,21+,24,3,Bachelor,Medical,EMP-1252,High,3,6-10 Years,Female,96,$5000-$7000,Medium,Low,2,2,Healthcare Representative,1,Single,6812,17198,1,No,Standard,0,19,3,1-2,0-1 Years,1,0-2 Years,Medium,2,16-20%,0,6-10 Years,6–10 Years,2,10,High,3,10,9,1,8
31,25-34,0,No,Active,0,Travel_Rarely,6-10 Years,1232,Research & Development,R & D,6-10,7,4,Master,Medical,EMP-462,High,3,11-20 Years,Female,39,$7000-$10000,High,Very High,3,3,Manufacturing Director,4,Single,7143,25713,1,Yes,Overtime,1,14,3,1-2,4–5 Years,3,3-5 Years,High,3,11-15%,0,11+ Years,11–15 Years,2,11,Medium,2,11,9,4,10
31,25-34,0,No,Active,0,Travel_Rarely,6-10 Years,1274,Research & Development,R & D,6-10,9,1,Below College,Life Sciences,EMP-581,High,3,11-20 Years,Male,33,$10000-$15000,High,Medium,3,3,Manufacturing Director,2,Divorced,10648,14394,1,No,Standard,0,25,4,1-2,0-1 Years,1,0-2 Years,Very High,4,21%+,1,11+ Years,11–15 Years,6,13,Very High,4,13,8,0,8
31,25-34,1,Yes,Left,1,Non-Travel,0-2 Years,335,Research & Development,R & D,6-10,9,2,College,Medical,EMP-991,High,3,0-5 Years,Male,46,$0-$3000,Medium,Low,2,1,Research Scientist,1,Single,2321,10322,0,Yes,Overtime,1,22,4,0,0-1 Years,1,0-2 Years,Low,1,21%+,0,2-5 Years,0–5 Years,0,4,High,3,3,2,1,2
31,25-34,1,Yes,Left,1,Travel_Frequently,0-2 Years,523,Research & Development,R & D,0-5,2,3,Bachelor,Life Sciences,EMP-1464,Medium,2,6-10 Years,Male,94,$3000-$5000,High,Very High,3,1,Laboratory Technician,4,Married,3722,21081,6,Yes,Overtime,1,13,3,9+,2–3 Years,2,0-2 Years,High,3,11-15%,1,2-5 Years,6–10 Years,2,7,Low,1,2,2,2,2
31,25-34,1,Yes,Left,1,Travel_Frequently,0-2 Years,534,Research & Development,R & D,11-20,20,3,Bachelor,Life Sciences,EMP-587,Low,1,11-20 Years,Male,66,$7000-$10000,High,High,3,3,Healthcare Representative,3,Married,9824,22908,3,No,Standard,0,12,3,9+,0-1 Years,1,0-2 Years,Low,1,11-15%,0,0-1 Years,11–15 Years,2,12,High,3,1,0,0,0
31,25-34,1,Yes,Left,1,Travel_Frequently,0-2 Years,561,Research & Development,R & D,0-5,3,3,Bachelor,Life Sciences,EMP-1537,Very High,4,6-10 Years,Female,33,$3000-$5000,High,High,3,1,Research Scientist,3,Single,4084,4156,1,No,Standard,0,12,3,1-2,6+ Years,4,6+ Years,Low,1,11-15%,0,6-10 Years,6–10 Years,2,7,Low,1,7,2,7,7
31,25-34,1,Yes,Left,1,Travel_Frequently,0-2 Years,667,Sales,Sales,0-5,1,4,Master,Life Sciences,EMP-1427,Medium,2,0-5 Years,Female,50,$0-$3000,Low,High,1,1,Sales Representative,3,Single,1359,16154,1,No,Standard,0,12,3,1-2,0-1 Years,1,0-2 Years,Medium,2,11-15%,0,0-1 Years,0–5 Years,3,1,High,3,1,0,0,0
31,25-34,1,Yes,Left,1,Travel_Frequently,0-2 Years,703,Sales,Sales,0-5,2,3,Bachelor,Life Sciences,EMP-1379,High,3,0-5 Years,Female,90,$0-$3000,Medium,Very High,2,1,Sales Representative,4,Single,2785,11882,7,No,Standard,0,14,3,9+,0-1 Years,1,0-2 Years,High,3,11-15%,0,0-1 Years,0–5 Years,3,3,Very High,4,1,0,0,0
31,25-34,1,Yes,Left,1,Travel_Frequently,0-2 Years,874,Research & Development,R & D,11-20,15,3,Bachelor,Medical,EMP-1160,High,3,0-5 Years,Male,72,$0-$3000,High,High,3,1,Laboratory Technician,3,Married,2610,6233,1,No,Standard,0,12,3,1-2,2–3 Years,2,0-2 Years,High,3,11-15%,1,2-5 Years,0–5 Years,5,2,Medium,2,2,2,2,2
31,25-34,1,Yes,Left,1,Travel_Frequently,0-2 Years,1060,Sales,Sales,0-5,1,3,Bachelor,Life Sciences,EMP-1331,Very High,4,0-5 Years,Female,54,$0-$3000,High,Medium,3,1,Sales Representative,2,Single,2302,8319,1,Yes,Overtime,1,11,3,1-2,2–3 Years,2,0-2 Years,Low,1,11-15%,0,2-5 Years,0–5 Years,2,3,Very High,4,3,2,2,2
31,25-34,1,Yes,Left,1,Travel_Frequently,3-5 Years,307,Research & Development,R & D,21+,29,2,College,Medical,EMP-355,High,3,6-10 Years,Male,71,$3000-$5000,Medium,Medium,2,1,Laboratory Technician,2,Single,3479,11652,0,No,Standard,0,11,3,0,0-1 Years,1,0-2 Years,Medium,2,11-15%,0,2-5 Years,6–10 Years,2,6,Very High,4,5,4,1,4
31,25-34,1,Yes,Left,1,Travel_Frequently,6-10 Years,754,Sales,Sales,21+,26,4,Master,Marketing,EMP-1967,Low,1,6-10 Years,Male,63,$5000-$7000,High,Very High,3,2,Sales Executive,4,Married,5617,21075,1,Yes,Overtime,1,11,3,1-2,0-1 Years,1,0-2 Years,High,3,11-15%,0,6-10 Years,6–10 Years,4,10,High,3,10,7,0,8
31,25-34,1,Yes,Left,1,Travel_Frequently,6-10 Years,1445,Research & Development,R & D,0-5,1,5,Doctor,Life Sciences,EMP-1459,High,3,6-10 Years,Female,100,$7000-$10000,Very High,Medium,4,3,Manufacturing Director,2,Single,7446,8931,1,No,Standard,0,11,3,1-2,4–5 Years,3,3-5 Years,Low,1,11-15%,0,6-10 Years,6–10 Years,2,10,High,3,10,8,4,7
31,25-34,1,Yes,Left,1,Travel_Rarely,0-2 Years,202,Research & Development,R & D,6-10,8,3,Bachelor,Life Sciences,EMP-1433,Low,1,0-5 Years,Female,34,$0-$3000,Medium,Medium,2,1,Research Scientist,2,Single,1261,22262,1,No,Standard,0,12,3,1-2,0-1 Years,1,0-2 Years,High,3,11-15%,0,0-1 Years,0–5 Years,3,1,Very High,4,1,0,0,0
31,25-34,1,Yes,Left,1,Travel_Rarely,0-2 Years,330,Research & Development,R & D,21+,22,4,Master,Medical,EMP-1389,Very High,4,6-10 Years,Male,98,$5000-$7000,High,High,3,2,Manufacturing Director,3,Married,6179,21057,1,Yes,Overtime,1,15,3,1-2,6+ Years,4,6+ Years,Very High,4,11-15%,2,6-10 Years,6–10 Years,3,10,Medium,2,10,2,6,7
31,25-34,1,Yes,Left,1,Travel_Rarely,0-2 Years,359,Human Resources,HR,11-20,18,5,Doctor,Human Resources,EMP-1842,Very High,4,0-5 Years,Male,89,$0-$3000,Very High,Low,4,1,Human Resources,1,Married,2956,21495,0,No,Standard,0,17,3,0,0-1 Years,1,0-2 Years,High,3,16-20%,0,0-1 Years,0–5 Years,4,2,High,3,1,0,0,0
31,25-34,1,Yes,Left,1,Travel_Rarely,0-2 Years,542,Sales,Sales,11-20,20,3,Bachelor,Life Sciences,EMP-175,Medium,2,0-5 Years,Female,71,$3000-$5000,Low,High,1,2,Sales Executive,3,Married,4559,24788,3,Yes,Overtime,1,11,3,9+,2–3 Years,2,0-2 Years,High,3,11-15%,1,2-5 Years,0–5 Years,2,4,High,3,2,2,2,2
31,25-34,1,Yes,Left,1,Travel_Rarely,0-2 Years,1079,Sales,Sales,11-20,16,4,Master,Marketing,EMP-1761,Low,1,6-10 Years,Male,70,$7000-$10000,High,High,3,3,Sales Executive,3,Married,8161,19002,2,No,Standard,0,13,3,1-2,0-1 Years,1,0-2 Years,Low,1,11-15%,3,0-1 Years,6–10 Years,2,10,High,3,1,0,0,0
31,25-34,1,Yes,Left,1,Travel_Rarely,0-2 Years,1365,Sales,Sales,11-20,13,4,Master,Medical,EMP-650,Medium,2,6-10 Years,Male,46,$3000-$5000,High,Low,3,2,Sales Executive,1,Divorced,4233,11512,2,No,Standard,0,17,3,1-2,0-1 Years,1,0-2 Years,High,3,16-20%,0,2-5 Years,6–10 Years,2,9,Low,1,3,1,1,2
31,25-34,1,Yes,Left,1,Travel_Rarely,6-10 Years,249,Sales,Sales,6-10,6,4,Master,Life Sciences,EMP-163,Medium,2,11-20 Years,Male,76,$5000-$7000,Low,High,1,2,Sales Executive,3,Married,6172,20739,4,Yes,Overtime,1,18,3,9+,6+ Years,4,6+ Years,Medium,2,16-20%,0,6-10 Years,11–15 Years,3,12,Medium,2,7,7,7,7
32,25-34,0,No,Active,0,Non-Travel,0-2 Years,300,Research & Development,R & D,0-5,1,3,Bachelor,Life Sciences,EMP-882,Very High,4,0-5 Years,Male,61,$0-$3000,High,Very High,3,1,Laboratory Technician,4,Divorced,2314,9148,0,No,Standard,0,12,3,0,0-1 Years,1,0-2 Years,Medium,2,11-15%,1,2-5 Years,0–5 Years,2,4,High,3,3,0,0,2
32,25-34,0,No,Active,0,Non-Travel,0-2 Years,862,Sales,Sales,0-5,2,1,Below College,Life Sciences,EMP-1190,High,3,0-5 Years,Female,76,$0-$3000,High,Low,3,1,Sales Representative,1,Divorced,2827,14947,1,No,Standard,0,12,3,1-2,0-1 Years,1,0-2 Years,High,3,11-15%,3,0-1 Years,0–5 Years,3,1,High,3,1,0,0,0
32,25-34,0,No,Active,0,Non-Travel,0-2 Years,976,Sales,Sales,21+,26,4,Master,Marketing,EMP-333,High,3,0-5 Years,Male,100,$3000-$5000,High,Very High,3,2,Sales Executive,4,Married,4465,12069,0,No,Standard,0,18,3,0,2–3 Years,2,0-2 Years,Low,1,16-20%,0,2-5 Years,0–5 Years,2,4,High,3,3,2,2,2
32,25-34,0,No,Active,0,Non-Travel,0-2 Years,1146,Research & Development,R & D,11-20,15,4,Master,Medical,EMP-1955,High,3,6-10 Years,Female,34,$5000-$7000,High,Very High,3,2,Healthcare Representative,4,Divorced,6667,16542,5,No,Standard,0,18,3,9+,0-1 Years,1,0-2 Years,Medium,2,16-20%,1,2-5 Years,6–10 Years,6,9,High,3,5,1,1,2
32,25-34,0,No,Active,0,Non-Travel,0-2 Years,1184,Research & Development,R & D,0-5,1,3,Bachelor,Life Sciences,EMP-951,High,3,0-5 Years,Female,70,$0-$3000,Medium,Medium,2,1,Laboratory Technician,2,Married,2332,3974,6,No,Standard,0,20,4,9+,0-1 Years,1,0-2 Years,High,3,16-20%,0,2-5 Years,0–5 Years,3,5,High,3,3,0,0,2
32,25-34,0,No,Active,0,Non-Travel,3-5 Years,1200,Research & Development,R & D,0-5,1,4,Master,Technical Degree,EMP-1574,Very High,4,6-10 Years,Male,62,$3000-$5000,High,Low,3,2,Research Scientist,1,Married,4087,25174,4,No,Standard,0,14,3,9+,0-1 Years,1,0-2 Years,Medium,2,11-15%,1,6-10 Years,6–10 Years,3,9,Medium,2,6,5,1,2
32,25-34,0,No,Active,0,Non-Travel,6-10 Years,953,Research & Development,R & D,0-5,5,4,Master,Technical Degree,EMP-1764,Medium,2,11-20 Years,Male,65,$0-$3000,High,Medium,3,1,Research Scientist,2,Single,2718,17674,2,No,Standard,0,14,3,1-2,0-1 Years,1,0-2 Years,Medium,2,11-15%,0,6-10 Years,11–15 Years,3,12,High,3,7,7,0,7
32,25-34,0,No,Active,0,Non-Travel,6-10 Years,1109,Research & Development,R & D,21+,29,4,Master,Medical,EMP-1046,Very High,4,6-10 Years,Female,69,$3000-$5000,High,High,3,1,Laboratory Technician,3,Single,4025,11135,9,No,Standard,0,12,3,9+,6+ Years,4,6+ Years,Medium,2,11-15%,0,6-10 Years,6–10 Years,2,10,High,3,8,7,7,7
32,25-34,0,No,Active,0,Travel_Frequently,0-2 Years,116,Research & Development,R & D,11-20,13,3,Bachelor,Other,EMP-1234,High,3,0-5 Years,Female,77,$0-$3000,Medium,Medium,2,1,Laboratory Technician,2,Married,2743,7331,1,No,Standard,0,20,4,1-2,2–3 Years,2,0-2 Years,High,3,16-20%,1,2-5 Years,0–5 Years,2,2,High,3,2,2,2,2
32,25-34,0,No,Active,0,Travel_Frequently,0-2 Years,585,Research & Development,R & D,6-10,10,3,Bachelor,Life Sciences,EMP-1720,Low,1,6-10 Years,Male,56,$3000-$5000,High,High,3,1,Research Scientist,3,Married,3433,17360,6,No,Standard,0,13,3,9+,0-1 Years,1,0-2 Years,Low,1,11-15%,1,2-5 Years,6–10 Years,3,10,Medium,2,5,2,1,3
32,25-34,0,No,Active,0,Travel_Frequently,0-2 Years,1311,Research & Development,R & D,6-10,7,3,Bachelor,Life Sciences,EMP-359,Medium,2,0-5 Years,Male,100,$0-$3000,Very High,Medium,4,1,Laboratory Technician,2,Married,2794,26062,1,No,Standard,0,20,4,1-2,0-1 Years,1,0-2 Years,High,3,16-20%,0,2-5 Years,0–5 Years,3,5,Low,1,5,1,0,3
32,25-34,0,No,Active,0,Travel_Frequently,0-2 Years,1318,Sales,Sales,6-10,10,4,Master,Marketing,EMP-1853,Very High,4,0-5 Years,Male,79,$3000-$5000,High,Very High,3,2,Sales Executive,4,Single,4648,26075,8,No,Standard,0,13,3,9+,0-1 Years,1,0-2 Years,High,3,11-15%,0,0-1 Years,0–5 Years,2,4,Very High,4,0,0,0,0
32,25-34,0,No,Active,0,Travel_Frequently,6-10 Years,379,Sales,Sales,0-5,5,2,College,Life Sciences,EMP-889,Medium,2,6-10 Years,Male,48,$5000-$7000,High,Medium,3,2,Sales Executive,2,Married,6524,8891,1,No,Standard,0,14,3,1-2,4–5 Years,3,3-5 Years,Very High,4,11-15%,1,6-10 Years,6–10 Years,3,10,High,3,10,8,5,3
32,25-34,0,No,Active,0,Travel_Frequently,6-10 Years,430,Research & Development,R & D,21+,24,4,Master,Life Sciences,EMP-772,Low,1,6-10 Years,Male,80,$5000-$7000,High,Very High,3,2,Laboratory Technician,4,Married,5309,21146,1,No,Standard,0,15,3,1-2,4–5 Years,3,3-5 Years,Very High,4,11-15%,2,6-10 Years,6–10 Years,2,10,High,3,10,8,4,7
32,25-34,0,No,Active,0,Travel_Frequently,6-10 Years,689,Sales,Sales,6-10,9,2,College,Medical,EMP-195,Very High,4,6-10 Years,Male,35,$3000-$5000,Low,Very High,1,2,Sales Executive,4,Divorced,4668,22812,0,No,Standard,0,17,3,0,0-1 Years,1,0-2 Years,Very High,4,16-20%,3,6-10 Years,6–10 Years,2,9,Very High,4,8,7,0,7
32,25-34,0,No,Active,0,Travel_Frequently,6-10 Years,967,Sales,Sales,6-10,8,3,Bachelor,Marketing,EMP-207,Medium,2,6-10 Years,Female,43,$7000-$10000,High,Very High,3,3,Sales Executive,4,Single,8998,15589,1,No,Standard,0,14,3,1-2,2–3 Years,2,3-5 Years,Very High,4,11-15%,0,6-10 Years,6–10 Years,2,9,High,3,9,8,3,7
32,25-34,0,No,Active,0,Travel_Frequently,6-10 Years,1005,Research & Development,R & D,0-5,2,2,College,Life Sciences,EMP-8,Very High,4,6-10 Years,Male,79,$3000-$5000,High,Very High,3,1,Laboratory Technician,4,Single,3068,11864,0,No,Standard,0,13,3,0,2–3 Years,2,3-5 Years,High,3,11-15%,0,6-10 Years,6–10 Years,2,8,Medium,2,7,7,3,6
32,25-34,0,No,Active,0,Travel_Frequently,6-10 Years,1316,Research & Development,R & D,0-5,2,2,College,Life Sciences,EMP-1235,Very High,4,6-10 Years,Female,38,$3000-$5000,High,High,3,2,Research Scientist,3,Single,4998,2338,4,Yes,Overtime,1,14,3,9+,0-1 Years,1,0-2 Years,Very High,4,11-15%,0,6-10 Years,6–10 Years,2,10,High,3,8,7,0,7
32,25-34,0,No,Active,0,Travel_Rarely,0-2 Years,117,Sales,Sales,11-20,13,4,Master,Life Sciences,EMP-859,Medium,2,6-10 Years,Male,73,$3000-$5000,High,Very High,3,2,Sales Executive,4,Divorced,4403,9250,2,No,Standard,0,11,3,1-2,0-1 Years,1,0-2 Years,High,3,11-15%,1,2-5 Years,6–10 Years,3,8,Medium,2,5,2,0,3
32,25-34,0,No,Active,0,Travel_Rarely,0-2 Years,128,Research & Development,R & D,0-5,2,1,Below College,Technical Degree,EMP-362,Very High,4,6-10 Years,Male,84,$0-$3000,Medium,Low,2,2,Laboratory Technician,1,Single,2176,19737,4,No,Standard,0,13,3,9+,0-1 Years,1,0-2 Years,Very High,4,11-15%,0,6-10 Years,6–10 Years,5,9,High,3,6,2,0,4
32,25-34,0,No,Active,0,Travel_Rarely,0-2 Years,234,Sales,Sales,0-5,1,4,Master,Medical,EMP-2013,Medium,2,0-5 Years,Male,68,$0-$3000,Medium,Medium,2,1,Sales Representative,2,Married,2269,18024,0,No,Standard,0,14,3,0,2–3 Years,2,0-2 Years,Medium,2,11-15%,1,2-5 Years,0–5 Years,2,3,High,3,2,2,2,2
32,25-34,0,No,Active,0,Travel_Rarely,0-2 Years,267,Research & Development,R & D,21+,29,4,Master,Life Sciences,EMP-2010,High,3,6-10 Years,Female,49,$0-$3000,Medium,Medium,2,1,Laboratory Technician,2,Single,2837,15919,1,No,Standard,0,13,3,1-2,4–5 Years,3,3-5 Years,High,3,11-15%,0,6-10 Years,6–10 Years,3,6,High,3,6,2,4,1
32,25-34,0,No,Active,0,Travel_Rarely,0-2 Years,334,Research & Development,R & D,0-5,5,2,College,Life Sciences,EMP-21,Low,1,6-10 Years,Male,80,$3000-$5000,Very High,Medium,4,1,Research Scientist,2,Divorced,3298,15053,0,Yes,Overtime,1,12,3,0,0-1 Years,1,0-2 Years,Very High,4,11-15%,2,6-10 Years,6–10 Years,5,7,Medium,2,6,2,0,5
32,25-34,0,No,Active,0,Travel_Rarely,0-2 Years,495,Research & Development,R & D,6-10,10,3,Bachelor,Medical,EMP-1516,High,3,6-10 Years,Male,64,$10000-$15000,High,Very High,3,3,Manager,4,Single,11244,21072,2,No,Standard,0,25,4,1-2,0-1 Years,1,0-2 Years,Medium,2,21%+,0,2-5 Years,6–10 Years,5,10,Very High,4,5,2,0,0
32,25-34,0,No,Active,0,Travel_Rarely,0-2 Years,499,Sales,Sales,0-5,2,1,Below College,Marketing,EMP-1396,High,3,0-5 Years,Male,36,$3000-$5000,High,Medium,3,2,Sales Executive,2,Married,4078,20497,0,Yes,Overtime,1,13,3,0,0-1 Years,1,0-2 Years,Low,1,11-15%,3,2-5 Years,0–5 Years,3,4,Medium,2,3,2,1,2
32,25-34,0,No,Active,0,Travel_Rarely,0-2 Years,529,Research & Development,R & D,0-5,2,3,Bachelor,Technical Degree,EMP-2038,Very High,4,0-5 Years,Male,78,$0-$3000,High,Low,3,1,Research Scientist,1,Single,2439,11288,1,No,Standard,0,14,3,1-2,0-1 Years,1,0-2 Years,Very High,4,11-15%,0,2-5 Years,0–5 Years,4,4,High,3,4,2,1,2
32,25-34,0,No,Active,0,Travel_Rarely,0-2 Years,634,Research & Development,R & D,0-5,5,4,Master,Other,EMP-1607,Medium,2,6-10 Years,Female,35,$3000-$5000,Very High,Very High,4,1,Research Scientist,4,Married,3312,18783,3,No,Standard,0,17,3,9+,0-1 Years,1,0-2 Years,Very High,4,16-20%,2,2-5 Years,6–10 Years,3,6,High,3,3,2,0,2
32,25-34,0,No,Active,0,Travel_Rarely,0-2 Years,824,Research & Development,R & D,0-5,5,2,College,Life Sciences,EMP-1555,Very High,4,11-20 Years,Female,67,$5000-$7000,Medium,Medium,2,2,Research Scientist,2,Married,5878,15624,3,No,Standard,0,12,3,9+,2–3 Years,2,0-2 Years,Low,1,11-15%,1,6-10 Years,11–15 Years,2,12,High,3,7,1,2,5
32,25-34,0,No,Active,0,Travel_Rarely,0-2 Years,827,Research & Development,R & D,0-5,1,1,Below College,Life Sciences,EMP-134,Very High,4,0-5 Years,Male,71,$0-$3000,High,Low,3,1,Research Scientist,1,Single,2956,15178,1,No,Standard,0,13,3,1-2,0-1 Years,1,0-2 Years,Very High,4,11-15%,0,0-1 Years,0–5 Years,2,1,High,3,1,0,0,0
32,25-34,0,No,Active,0,Travel_Rarely,0-2 Years,1062,Research & Development,R & D,0-5,2,3,Bachelor,Medical,EMP-471,High,3,6-10 Years,Female,75,$0-$3000,High,Medium,3,1,Laboratory Technician,2,Married,2370,3956,1,No,Standard,0,13,3,1-2,0-1 Years,1,0-2 Years,High,3,11-15%,1,6-10 Years,6–10 Years,4,8,High,3,8,0,0,7
32,25-34,0,No,Active,0,Travel_Rarely,0-2 Years,1373,Research & Development,R & D,0-5,5,4,Master,Life Sciences,EMP-1966,Very High,4,6-10 Years,Male,56,$7000-$10000,Medium,Very High,2,2,Manufacturing Director,4,Single,9679,10138,8,No,Standard,0,24,4,9+,0-1 Years,1,0-2 Years,Medium,2,21%+,0,0-1 Years,6–10 Years,1,8,High,3,1,0,0,0
32,25-34,0,No,Active,0,Travel_Rarely,11+ Years,588,Sales,Sales,6-10,8,2,College,Technical Degree,EMP-436,High,3,11-20 Years,Female,65,$5000-$7000,Medium,Medium,2,2,Sales Executive,2,Married,5228,24624,1,Yes,Overtime,1,11,3,1-2,6+ Years,4,6+ Years,Very High,4,11-15%,0,11+ Years,11–15 Years,2,13,High,3,13,12,11,9
32,25-34,0,No,Active,0,Travel_Rarely,11+ Years,859,Research & Development,R & D,0-5,4,3,Bachelor,Life Sciences,EMP-830,High,3,11-20 Years,Female,98,$5000-$7000,Medium,High,2,2,Manufacturing Director,3,Married,6162,19124,1,No,Standard,0,12,3,1-2,6+ Years,4,6+ Years,High,3,11-15%,1,11+ Years,11–15 Years,3,14,High,3,14,13,6,8
32,25-34,0,No,Active,0,Travel_Rarely,3-5 Years,120,Research & Development,R & D,6-10,6,5,Doctor,Life Sciences,EMP-231,High,3,6-10 Years,Male,43,$3000-$5000,High,High,3,1,Research Scientist,3,Single,3038,12430,3,No,Standard,0,20,4,9+,0-1 Years,1,0-2 Years,Low,1,16-20%,0,2-5 Years,6–10 Years,2,8,High,3,5,4,1,4
32,25-34,0,No,Active,0,Travel_Rarely,3-5 Years,371,Sales,Sales,11-20,19,3,Bachelor,Life Sciences,EMP-1739,Very High,4,6-10 Years,Male,80,$7000-$10000,Low,High,1,3,Sales Executive,3,Married,9610,3840,3,No,Standard,0,13,3,9+,0-1 Years,1,0-2 Years,High,3,11-15%,1,2-5 Years,6–10 Years,2,10,Low,1,4,3,0,2
32,25-34,0,No,Active,0,Travel_Rarely,3-5 Years,548,Research & Development,R & D,0-5,1,3,Bachelor,Life Sciences,EMP-96,Medium,2,6-10 Years,Male,66,$5000-$7000,High,Medium,3,2,Research Scientist,2,Married,6220,7346,1,No,Standard,0,17,3,1-2,0-1 Years,1,0-2 Years,Medium,2,16-20%,2,6-10 Years,6–10 Years,3,10,High,3,10,4,0,9
32,25-34,0,No,Active,0,Travel_Rarely,3-5 Years,601,Sales,Sales,6-10,7,5,Doctor,Marketing,EMP-1446,Very High,4,6-10 Years,Male,97,$7000-$10000,High,Very High,3,2,Sales Executive,4,Married,9204,23343,4,No,Standard,0,12,3,9+,0-1 Years,1,0-2 Years,High,3,11-15%,1,2-5 Years,6–10 Years,3,7,Medium,2,4,3,0,3
32,25-34,0,No,Active,0,Travel_Rarely,3-5 Years,638,Research & Development,R & D,6-10,8,2,College,Medical,EMP-865,High,3,6-10 Years,Female,91,$5000-$7000,Very High,High,4,2,Research Scientist,3,Married,5175,22162,5,No,Standard,0,12,3,9+,0-1 Years,1,0-2 Years,High,3,11-15%,1,2-5 Years,6–10 Years,3,9,Medium,2,5,3,1,3
32,25-34,0,No,Active,0,Travel_Rarely,3-5 Years,646,Research & Development,R & D,6-10,9,4,Master,Life Sciences,EMP-679,Low,1,6-10 Years,Female,92,$5000-$7000,High,Very High,3,2,Research Scientist,4,Married,6322,18089,1,Yes,Overtime,1,12,3,1-2,0-1 Years,1,0-2 Years,Very High,4,11-15%,1,6-10 Years,6–10 Years,2,6,Medium,2,6,4,0,5
32,25-34,0,No,Active,0,Travel_Rarely,3-5 Years,977,Research & Development,R & D,0-5,2,3,Bachelor,Medical,EMP-1671,Very High,4,6-10 Years,Male,45,$5000-$7000,High,Medium,3,2,Research Scientist,2,Divorced,5470,25518,0,No,Standard,0,13,3,0,0-1 Years,1,0-2 Years,High,3,11-15%,2,6-10 Years,6–10 Years,4,10,Medium,2,9,5,1,6
32,25-34,0,No,Active,0,Travel_Rarely,3-5 Years,1401,Sales,Sales,0-5,4,2,College,Life Sciences,EMP-330,High,3,6-10 Years,Female,56,$3000-$5000,High,Medium,3,1,Sales Representative,2,Married,3931,20990,2,No,Standard,0,11,3,1-2,0-1 Years,1,0-2 Years,Low,1,11-15%,1,2-5 Years,6–10 Years,5,6,High,3,4,3,1,2
32,25-34,0,No,Active,0,Travel_Rarely,6-10 Years,427,Research & Development,R & D,0-5,1,3,Bachelor,Medical,EMP-78,Low,1,6-10 Years,Male,33,$5000-$7000,High,Very High,3,2,Manufacturing Director,4,Married,6162,10877,1,Yes,Overtime,1,22,4,1-2,6+ Years,4,6+ Years,Medium,2,21%+,1,6-10 Years,6–10 Years,3,9,High,3,9,8,7,8
32,25-34,0,No,Active,0,Travel_Rarely,6-10 Years,498,Research & Development,R & D,0-5,3,4,Master,Medical,EMP-966,High,3,6-10 Years,Female,93,$5000-$7000,High,Low,3,2,Manufacturing Director,1,Married,6725,13554,1,No,Standard,0,12,3,1-2,6+ Years,4,6+ Years,High,3,11-15%,1,6-10 Years,6–10 Years,2,8,Very High,4,8,7,6,3
32,25-34,0,No,Active,0,Travel_Rarely,6-10 Years,604,Sales,Sales,6-10,8,3,Bachelor,Medical,EMP-1304,High,3,6-10 Years,Male,56,$5000-$7000,Very High,Very High,4,2,Sales Executive,4,Married,6209,11693,1,No,Standard,0,15,3,1-2,0-1 Years,1,0-2 Years,High,3,11-15%,2,6-10 Years,6–10 Years,4,10,Very High,4,10,7,0,8
32,25-34,0,No,Active,0,Travel_Rarely,6-10 Years,801,Sales,Sales,0-5,1,4,Master,Marketing,EMP-2016,High,3,11-20 Years,Female,48,$10000-$15000,High,Very High,3,3,Sales Executive,4,Married,10422,24032,1,No,Standard,0,19,3,1-2,4–5 Years,3,3-5 Years,High,3,16-20%,2,11+ Years,11–15 Years,3,14,High,3,14,10,5,7
32,25-34,0,No,Active,0,Travel_Rarely,6-10 Years,906,Sales,Sales,6-10,7,3,Bachelor,Life Sciences,EMP-420,Very High,4,11-20 Years,Male,91,$5000-$7000,Medium,High,2,2,Sales Executive,3,Married,5484,16985,1,No,Standard,0,14,3,1-2,4–5 Years,3,3-5 Years,High,3,11-15%,1,11+ Years,11–15 Years,3,13,Medium,2,13,8,4,8
32,25-34,0,No,Active,0,Travel_Rarely,6-10 Years,929,Sales,Sales,6-10,10,3,Bachelor,Marketing,EMP-722,Very High,4,6-10 Years,Male,55,$5000-$7000,High,Very High,3,2,Sales Executive,4,Single,5396,21703,1,No,Standard,0,12,3,1-2,0-1 Years,1,0-2 Years,Very High,4,11-15%,0,6-10 Years,6–10 Years,2,10,Medium,2,10,7,0,8
32,25-34,0,No,Active,0,Travel_Rarely,6-10 Years,1018,Research & Development,R & D,0-5,2,4,Master,Medical,EMP-439,Low,1,6-10 Years,Female,74,$5000-$7000,Very High,Very High,4,2,Research Scientist,4,Single,5055,10557,7,No,Standard,0,16,3,9+,0-1 Years,1,0-2 Years,High,3,16-20%,0,6-10 Years,6–10 Years,0,10,Medium,2,7,7,0,7
32,25-34,0,No,Active,0,Travel_Rarely,6-10 Years,1018,Research & Development,R & D,0-5,3,2,College,Life Sciences,EMP-727,High,3,6-10 Years,Female,39,$10000-$15000,High,Very High,3,3,Research Director,4,Single,11159,19373,3,No,Standard,0,15,3,9+,6+ Years,4,6+ Years,Very High,4,11-15%,0,6-10 Years,6–10 Years,6,10,High,3,7,7,7,7
32,25-34,0,No,Active,0,Travel_Rarely,6-10 Years,1093,Sales,Sales,6-10,6,4,Master,Medical,EMP-125,Medium,2,11-20 Years,Male,87,$5000-$7000,High,High,3,2,Sales Executive,3,Single,5010,24301,1,No,Standard,0,16,3,1-2,4–5 Years,3,3-5 Years,Low,1,16-20%,0,11+ Years,11–15 Years,0,12,High,3,11,8,5,7
32,25-34,1,Yes,Left,1,Non-Travel,0-2 Years,1474,Sales,Sales,11-20,11,4,Master,Other,EMP-631,Very High,4,6-10 Years,Male,60,$3000-$5000,Very High,High,4,2,Sales Executive,3,Married,4707,23914,8,No,Standard,0,12,3,9+,0-1 Years,1,0-2 Years,Very High,4,11-15%,0,2-5 Years,6–10 Years,2,6,High,3,4,2,1,2
32,25-34,1,Yes,Left,1,Travel_Frequently,0-2 Years,238,Research & Development,R & D,0-5,5,2,College,Life Sciences,EMP-1939,Low,1,6-10 Years,Female,47,$0-$3000,Very High,High,4,1,Research Scientist,3,Single,2432,15318,3,Yes,Overtime,1,14,3,9+,0-1 Years,1,0-2 Years,Low,1,11-15%,0,2-5 Years,6–10 Years,2,8,High,3,4,1,0,3
32,25-34,1,Yes,Left,1,Travel_Frequently,0-2 Years,1125,Research & Development,R & D,11-20,16,1,Below College,Life Sciences,EMP-33,Medium,2,6-10 Years,Female,72,$3000-$5000,Low,Low,1,1,Research Scientist,1,Single,3919,4681,1,Yes,Overtime,1,22,4,1-2,6+ Years,4,6+ Years,Medium,2,21%+,0,6-10 Years,6–10 Years,5,10,High,3,10,2,6,7
32,25-34,1,Yes,Left,1,Travel_Rarely,0-2 Years,374,Research & Development,R & D,21+,25,4,Master,Life Sciences,EMP-911,Low,1,0-5 Years,Male,87,$0-$3000,High,Very High,3,1,Laboratory Technician,4,Single,2795,18016,1,Yes,Overtime,1,24,4,1-2,0-1 Years,1,0-2 Years,High,3,21%+,0,0-1 Years,0–5 Years,2,1,Low,1,1,0,0,1
32,25-34,1,Yes,Left,1,Travel_Rarely,0-2 Years,414,Sales,Sales,0-5,2,4,Master,Marketing,EMP-1862,High,3,6-10 Years,Male,82,$7000-$10000,Medium,Medium,2,2,Sales Executive,2,Single,9907,26186,7,Yes,Overtime,1,12,3,9+,2–3 Years,2,0-2 Years,High,3,11-15%,0,2-5 Years,6–10 Years,3,7,Medium,2,2,2,2,2
32,25-34,1,Yes,Left,1,Travel_Rarely,0-2 Years,515,Research & Development,R & D,0-5,1,3,Bachelor,Life Sciences,EMP-331,Very High,4,0-5 Years,Male,62,$3000-$5000,Medium,High,2,1,Laboratory Technician,3,Single,3730,9571,0,Yes,Overtime,1,14,3,0,0-1 Years,1,0-2 Years,Very High,4,11-15%,0,2-5 Years,0–5 Years,2,4,Low,1,3,2,1,2
32,25-34,1,Yes,Left,1,Travel_Rarely,0-2 Years,964,Sales,Sales,0-5,1,2,College,Life Sciences,EMP-1734,Low,1,6-10 Years,Male,34,$5000-$7000,Low,Medium,1,2,Sales Executive,2,Single,6735,12147,6,No,Standard,0,15,3,9+,0-1 Years,1,0-2 Years,Medium,2,11-15%,0,0-1 Years,6–10 Years,2,10,High,3,0,0,0,0
32,25-34,1,Yes,Left,1,Travel_Rarely,0-2 Years,1259,Research & Development,R & D,0-5,2,4,Master,Life Sciences,EMP-1692,Very High,4,0-5 Years,Male,95,$0-$3000,High,Medium,3,1,Laboratory Technician,2,Single,1393,24852,1,No,Standard,0,12,3,1-2,0-1 Years,1,0-2 Years,Low,1,11-15%,0,0-1 Years,0–5 Years,2,1,High,3,1,0,0,0
32,25-34,1,Yes,Left,1,Travel_Rarely,3-5 Years,1033,Research & Development,R & D,6-10,9,3,Bachelor,Medical,EMP-190,Low,1,6-10 Years,Female,41,$3000-$5000,High,Low,3,1,Laboratory Technician,1,Single,4200,10224,7,No,Standard,0,22,4,9+,0-1 Years,1,0-2 Years,Low,1,21%+,0,2-5 Years,6–10 Years,2,10,Very High,4,5,4,0,4
32,25-34,1,Yes,Left,1,Travel_Rarely,3-5 Years,1089,Research & Development,R & D,6-10,7,2,College,Life Sciences,EMP-1309,Very High,4,6-10 Years,Male,79,$3000-$5000,High,High,3,2,Laboratory Technician,3,Married,4883,22845,1,No,Standard,0,18,3,1-2,0-1 Years,1,0-2 Years,Low,1,16-20%,1,6-10 Years,6–10 Years,3,10,High,3,10,4,1,1
32,25-34,1,Yes,Left,1,Travel_Rarely,6-10 Years,1045,Sales,Sales,0-5,4,4,Master,Medical,EMP-291,Very High,4,11-20 Years,Male,32,$10000-$15000,Low,Very High,1,3,Sales Executive,4,Married,10400,25812,1,No,Standard,0,11,3,1-2,6+ Years,4,6+ Years,High,3,11-15%,0,11+ Years,11–15 Years,2,14,Medium,2,14,8,9,8
33,25-34,0,No,Active,0,Non-Travel,0-2 Years,1038,Sales,Sales,6-10,8,1,Below College,Life Sciences,EMP-1044,Medium,2,0-5 Years,Female,88,$0-$3000,Medium,Very High,2,1,Sales Representative,4,Single,2342,21437,0,No,Standard,0,19,3,0,2–3 Years,2,0-2 Years,Very High,4,16-20%,0,2-5 Years,0–5 Years,2,3,Medium,2,2,2,2,2
33,25-34,0,No,Active,0,Non-Travel,0-2 Years,1313,Research & Development,R & D,0-5,1,2,College,Medical,EMP-1994,Medium,2,0-5 Years,Male,59,$0-$3000,Medium,High,2,1,Laboratory Technician,3,Divorced,2008,20439,1,No,Standard,0,12,3,1-2,0-1 Years,1,0-2 Years,High,3,11-15%,3,0-1 Years,0–5 Years,2,1,Medium,2,1,1,0,0
33,25-34,0,No,Active,0,Non-Travel,3-5 Years,530,Sales,Sales,11-20,16,3,Bachelor,Life Sciences,EMP-1681,High,3,6-10 Years,Female,36,$5000-$7000,High,Very High,3,2,Sales Executive,4,Divorced,5368,16130,1,Yes,Overtime,1,25,4,1-2,0-1 Years,1,0-2 Years,High,3,21%+,1,6-10 Years,6–10 Years,2,7,High,3,6,5,1,2
33,25-34,0,No,Active,0,Non-Travel,6-10 Years,722,Sales,Sales,11-20,17,3,Bachelor,Life Sciences,EMP-992,Very High,4,6-10 Years,Male,38,$15000+,High,High,3,4,Manager,3,Single,17444,20489,1,No,Standard,0,11,3,1-2,6+ Years,4,6+ Years,Very High,4,11-15%,0,6-10 Years,6–10 Years,2,10,High,3,10,8,6,0
33,25-34,0,No,Active,0,Non-Travel,6-10 Years,750,Sales,Sales,21+,22,2,College,Marketing,EMP-160,High,3,6-10 Years,Male,95,$5000-$7000,High,Medium,3,2,Sales Executive,2,Married,6146,15480,0,No,Standard,0,13,3,0,0-1 Years,1,0-2 Years,Low,1,11-15%,1,6-10 Years,6–10 Years,2,8,Very High,4,7,7,0,7
33,25-34,0,No,Active,0,Non-Travel,6-10 Years,775,Research & Development,R & D,0-5,4,3,Bachelor,Technical Degree,EMP-1771,Very High,4,11-20 Years,Male,90,$3000-$5000,High,Medium,3,2,Research Scientist,2,Divorced,3055,6194,5,No,Standard,0,15,3,9+,0-1 Years,1,0-2 Years,Very High,4,11-15%,2,6-10 Years,11–15 Years,2,11,Medium,2,9,8,1,7
33,25-34,0,No,Active,0,Non-Travel,6-10 Years,1283,Sales,Sales,0-5,2,3,Bachelor,Marketing,EMP-1756,Very High,4,11-20 Years,Female,62,$5000-$7000,High,Medium,3,2,Sales Executive,2,Single,5147,10697,8,No,Standard,0,15,3,9+,0-1 Years,1,0-2 Years,Very High,4,11-15%,0,11+ Years,11–15 Years,2,13,Medium,2,11,7,1,7
33,25-34,0,No,Active,0,Travel_Frequently,0-2 Years,970,Sales,Sales,6-10,7,3,Bachelor,Life Sciences,EMP-1114,Very High,4,0-5 Years,Female,30,$3000-$5000,High,Medium,3,2,Sales Executive,2,Married,4302,13401,0,No,Standard,0,17,3,0,0-1 Years,1,0-2 Years,High,3,16-20%,1,2-5 Years,0–5 Years,3,4,High,3,3,2,0,2
33,25-34,0,No,Active,0,Travel_Frequently,11+ Years,515,Research & Development,R & D,0-5,1,2,College,Life Sciences,EMP-73,Low,1,11-20 Years,Female,98,$10000-$15000,High,Very High,3,3,Research Director,4,Single,13458,15146,1,Yes,Overtime,1,12,3,1-2,6+ Years,4,6+ Years,High,3,11-15%,0,11+ Years,11–15 Years,1,15,High,3,15,14,8,12
33,25-34,0,No,Active,0,Travel_Frequently,11+ Years,1296,Research & Development,R & D,6-10,6,3,Bachelor,Life Sciences,EMP-692,High,3,11-20 Years,Male,30,$7000-$10000,High,Very High,3,2,Healthcare Representative,4,Divorced,7725,5335,3,No,Standard,0,23,4,9+,4–5 Years,3,3-5 Years,High,3,21%+,1,11+ Years,11–15 Years,2,15,Low,1,13,11,4,7
33,25-34,0,No,Active,0,Travel_Frequently,3-5 Years,430,Sales,Sales,6-10,7,3,Bachelor,Medical,EMP-1477,Very High,4,0-5 Years,Male,54,$3000-$5000,High,Low,3,2,Sales Executive,1,Married,4373,17456,0,No,Standard,0,14,3,0,0-1 Years,1,0-2 Years,Low,1,11-15%,2,2-5 Years,0–5 Years,2,5,High,3,4,3,0,3
33,25-34,0,No,Active,0,Travel_Frequently,3-5 Years,827,Research & Development,R & D,0-5,1,4,Master,Other,EMP-998,High,3,6-10 Years,Female,84,$5000-$7000,Very High,Medium,4,2,Healthcare Representative,2,Married,5488,20161,1,Yes,Overtime,1,13,3,1-2,0-1 Years,1,0-2 Years,Low,1,11-15%,1,6-10 Years,6–10 Years,2,6,High,3,6,5,1,2
33,25-34,0,No,Active,0,Travel_Frequently,3-5 Years,1111,Sales,Sales,0-5,5,1,Below College,Life Sciences,EMP-1395,Medium,2,6-10 Years,Male,61,$7000-$10000,High,Very High,3,2,Sales Executive,4,Married,9998,19293,6,No,Standard,0,13,3,9+,0-1 Years,1,0-2 Years,Low,1,11-15%,0,2-5 Years,6–10 Years,2,8,Very High,4,5,4,1,2
33,25-34,0,No,Active,0,Travel_Frequently,3-5 Years,1141,Sales,Sales,0-5,1,3,Bachelor,Life Sciences,EMP-52,High,3,6-10 Years,Female,42,$5000-$7000,Very High,Low,4,2,Sales Executive,1,Married,5376,3193,2,No,Standard,0,19,3,1-2,0-1 Years,1,0-2 Years,Low,1,16-20%,2,2-5 Years,6–10 Years,3,10,High,3,5,3,1,3
33,25-34,0,No,Active,0,Travel_Frequently,6-10 Years,508,Sales,Sales,6-10,10,3,Bachelor,Marketing,EMP-446,Medium,2,6-10 Years,Male,46,$3000-$5000,Medium,Very High,2,2,Sales Executive,4,Single,4682,4317,3,No,Standard,0,14,3,9+,0-1 Years,1,0-2 Years,High,3,11-15%,0,6-10 Years,6–10 Years,6,9,Medium,2,7,7,0,1
33,25-34,0,No,Active,0,Travel_Frequently,6-10 Years,553,Research & Development,R & D,0-5,5,4,Master,Life Sciences,EMP-428,Very High,4,11-20 Years,Female,74,$10000-$15000,High,Medium,3,3,Manager,2,Married,11878,23364,6,No,Standard,0,11,3,9+,6+ Years,4,6+ Years,Medium,2,11-15%,2,6-10 Years,11–15 Years,2,12,High,3,10,6,8,8
33,25-34,0,No,Active,0,Travel_Frequently,6-10 Years,1146,Sales,Sales,21+,25,3,Bachelor,Medical,EMP-1220,Medium,2,6-10 Years,Female,82,$3000-$5000,High,High,3,2,Sales Executive,3,Married,4539,4905,1,No,Standard,0,12,3,1-2,0-1 Years,1,0-2 Years,Low,1,11-15%,1,6-10 Years,6–10 Years,3,10,Medium,2,10,7,0,1
33,25-34,0,No,Active,0,Travel_Frequently,6-10 Years,1303,Research & Development,R & D,6-10,7,2,College,Life Sciences,EMP-1970,Very High,4,6-10 Years,Male,36,$5000-$7000,High,High,3,2,Healthcare Representative,3,Divorced,5968,18079,1,No,Standard,0,20,4,1-2,2–3 Years,2,0-2 Years,High,3,16-20%,3,6-10 Years,6–10 Years,2,9,High,3,9,7,2,8
33,25-34,0,No,Active,0,Travel_Frequently,6-10 Years,1392,Research & Development,R & D,0-5,3,4,Master,Life Sciences,EMP-5,Very High,4,6-10 Years,Female,56,$0-$3000,High,High,3,1,Research Scientist,3,Married,2909,23159,1,Yes,Overtime,1,11,3,1-2,2–3 Years,2,3-5 Years,High,3,11-15%,0,6-10 Years,6–10 Years,3,8,High,3,8,7,3,0
33,25-34,0,No,Active,0,Travel_Rarely,0-2 Years,134,Research & Development,R & D,0-5,2,3,Bachelor,Life Sciences,EMP-242,High,3,0-5 Years,Male,90,$0-$3000,High,Very High,3,1,Research Scientist,4,Single,2500,10515,0,No,Standard,0,14,3,0,0-1 Years,1,0-2 Years,Low,1,11-15%,0,2-5 Years,0–5 Years,2,4,Very High,4,3,1,0,2
33,25-34,0,No,Active,0,Travel_Rarely,0-2 Years,147,Research & Development,R & D,0-5,4,4,Master,Medical,EMP-305,High,3,6-10 Years,Female,47,$0-$3000,Medium,Medium,2,1,Research Scientist,2,Married,2622,13248,6,No,Standard,0,21,4,9+,0-1 Years,1,0-2 Years,Very High,4,21%+,0,2-5 Years,6–10 Years,3,7,High,3,3,2,1,1
33,25-34,0,No,Active,0,Travel_Rarely,0-2 Years,392,Sales,Sales,0-5,2,4,Master,Medical,EMP-1670,Very High,4,6-10 Years,Male,93,$5000-$7000,High,Very High,3,2,Sales Executive,4,Divorced,5505,3921,1,No,Standard,0,14,3,1-2,0-1 Years,1,0-2 Years,High,3,11-15%,2,6-10 Years,6–10 Years,5,6,High,3,6,2,0,4
33,25-34,0,No,Active,0,Travel_Rarely,0-2 Years,461,Research & Development,R & D,11-20,13,1,Below College,Life Sciences,EMP-995,Medium,2,0-5 Years,Female,53,$3000-$5000,High,Very High,3,1,Research Scientist,4,Single,3452,17241,3,No,Standard,0,18,3,9+,0-1 Years,1,0-2 Years,Low,1,16-20%,0,2-5 Years,0–5 Years,4,5,High,3,3,2,0,2
33,25-34,0,No,Active,0,Travel_Rarely,0-2 Years,516,Research & Development,R & D,6-10,8,5,Doctor,Life Sciences,EMP-1515,Very High,4,11-20 Years,Male,69,$5000-$7000,High,High,3,2,Healthcare Representative,3,Single,6388,22049,2,Yes,Overtime,1,17,3,1-2,0-1 Years,1,0-2 Years,Low,1,16-20%,0,0-1 Years,11–15 Years,6,14,High,3,0,0,0,0
33,25-34,0,No,Active,0,Travel_Rarely,0-2 Years,654,Research & Development,R & D,0-5,5,3,Bachelor,Life Sciences,EMP-1099,Very High,4,6-10 Years,Male,34,$7000-$10000,Medium,Very High,2,3,Healthcare Representative,4,Divorced,7119,21214,4,No,Standard,0,15,3,9+,0-1 Years,1,0-2 Years,High,3,11-15%,1,2-5 Years,6–10 Years,2,9,High,3,3,2,1,2
33,25-34,0,No,Active,0,Travel_Rarely,0-2 Years,832,Research & Development,R & D,0-5,5,4,Master,Life Sciences,EMP-338,High,3,0-5 Years,Female,63,$0-$3000,Medium,Very High,2,1,Research Scientist,4,Married,2911,14776,1,No,Standard,0,13,3,1-2,0-1 Years,1,0-2 Years,High,3,11-15%,1,2-5 Years,0–5 Years,2,2,Medium,2,2,2,0,2
33,25-34,0,No,Active,0,Travel_Rarely,0-2 Years,922,Research & Development,R & D,0-5,1,5,Doctor,Medical,EMP-612,Low,1,6-10 Years,Female,95,$15000+,Very High,High,4,4,Research Director,3,Divorced,16184,22578,4,No,Standard,0,19,3,9+,0-1 Years,1,0-2 Years,High,3,16-20%,1,6-10 Years,6–10 Years,2,10,High,3,6,1,0,5
33,25-34,0,No,Active,0,Travel_Rarely,0-2 Years,924,Research & Development,R & D,0-5,2,3,Bachelor,Medical,EMP-39,High,3,6-10 Years,Male,78,$0-$3000,High,Very High,3,1,Laboratory Technician,4,Single,2496,6670,4,No,Standard,0,11,3,9+,0-1 Years,1,0-2 Years,Very High,4,11-15%,0,0-1 Years,6–10 Years,3,7,High,3,1,1,0,0
33,25-34,0,No,Active,0,Travel_Rarely,0-2 Years,1069,Research & Development,R & D,0-5,1,3,Bachelor,Life Sciences,EMP-969,Medium,2,6-10 Years,Female,42,$5000-$7000,Medium,Very High,2,2,Healthcare Representative,4,Single,6949,12291,0,No,Standard,0,14,3,0,0-1 Years,1,0-2 Years,Low,1,11-15%,0,2-5 Years,6–10 Years,3,6,High,3,5,0,1,4
33,25-34,0,No,Active,0,Travel_Rarely,0-2 Years,1198,Research & Development,R & D,0-5,1,4,Master,Other,EMP-939,High,3,6-10 Years,Male,100,$0-$3000,Medium,Low,2,1,Research Scientist,1,Single,2799,3339,3,Yes,Overtime,1,11,3,9+,0-1 Years,1,0-2 Years,Medium,2,11-15%,0,2-5 Years,6–10 Years,1,6,High,3,3,2,0,2
33,25-34,0,No,Active,0,Travel_Rarely,0-2 Years,1216,Sales,Sales,6-10,8,4,Master,Marketing,EMP-677,High,3,6-10 Years,Male,39,$7000-$10000,High,High,3,2,Sales Executive,3,Divorced,7104,20431,0,No,Standard,0,12,3,0,0-1 Years,1,0-2 Years,Very High,4,11-15%,0,2-5 Years,6–10 Years,3,6,High,3,5,0,1,2
33,25-34,0,No,Active,0,Travel_Rarely,0-2 Years,1242,Sales,Sales,6-10,8,4,Master,Life Sciences,EMP-1560,Low,1,6-10 Years,Male,46,$5000-$7000,High,Low,3,2,Sales Executive,1,Married,6392,10589,2,No,Standard,0,13,3,1-2,2–3 Years,2,0-2 Years,Very High,4,11-15%,1,2-5 Years,6–10 Years,6,8,Low,1,2,2,2,2
33,25-34,0,No,Active,0,Travel_Rarely,11+ Years,267,Research & Development,R & D,21+,21,3,Bachelor,Medical,EMP-1698,Medium,2,11-20 Years,Male,79,$0-$3000,Very High,Medium,4,1,Laboratory Technician,2,Married,2028,13637,1,No,Standard,0,18,3,1-2,2–3 Years,2,0-2 Years,Very High,4,16-20%,3,11+ Years,11–15 Years,6,14,High,3,14,11,2,13
33,25-34,0,No,Active,0,Travel_Rarely,11+ Years,589,Research & Development,R & D,21+,28,4,Master,Life Sciences,EMP-1549,Medium,2,11-20 Years,Male,79,$5000-$7000,High,High,3,2,Laboratory Technician,3,Married,5207,22949,1,Yes,Overtime,1,12,3,1-2,4–5 Years,3,3-5 Years,Medium,2,11-15%,1,11+ Years,11–15 Years,3,15,High,3,15,14,5,7
33,25-34,0,No,Active,0,Travel_Rarely,3-5 Years,147,Human Resources,HR,0-5,2,3,Bachelor,Human Resources,EMP-1207,Medium,2,0-5 Years,Male,99,$3000-$5000,High,High,3,1,Human Resources,3,Married,3600,8429,1,No,Standard,0,13,3,1-2,0-1 Years,1,0-2 Years,Very High,4,11-15%,1,2-5 Years,0–5 Years,2,5,High,3,5,4,1,4
33,25-34,0,No,Active,0,Travel_Rarely,3-5 Years,217,Sales,Sales,6-10,10,4,Master,Marketing,EMP-1924,Medium,2,6-10 Years,Male,43,$5000-$7000,High,High,3,2,Sales Executive,3,Single,5487,10410,1,No,Standard,0,14,3,1-2,0-1 Years,1,0-2 Years,Medium,2,11-15%,0,6-10 Years,6–10 Years,2,10,Medium,2,10,4,0,9
33,25-34,0,No,Active,0,Travel_Rarely,3-5 Years,575,Research & Development,R & D,21+,25,3,Bachelor,Life Sciences,EMP-1545,Very High,4,0-5 Years,Male,44,$3000-$5000,Medium,Medium,2,2,Manufacturing Director,2,Single,4320,24152,1,No,Standard,0,13,3,1-2,0-1 Years,1,0-2 Years,Very High,4,11-15%,0,2-5 Years,0–5 Years,2,5,High,3,5,3,0,2
33,25-34,0,No,Active,0,Travel_Rarely,3-5 Years,1075,Human Resources,HR,0-5,3,2,College,Human Resources,EMP-910,Very High,4,6-10 Years,Male,57,$0-$3000,High,Medium,3,1,Human Resources,2,Divorced,2277,22650,3,Yes,Overtime,1,11,3,9+,0-1 Years,1,0-2 Years,High,3,11-15%,1,2-5 Years,6–10 Years,4,7,Very High,4,4,3,0,3
33,25-34,0,No,Active,0,Travel_Rarely,3-5 Years,1099,Research & Development,R & D,0-5,4,4,Master,Medical,EMP-1502,Low,1,6-10 Years,Female,82,$3000-$5000,Medium,Medium,2,1,Laboratory Technician,2,Married,3838,8192,8,No,Standard,0,11,3,9+,0-1 Years,1,0-2 Years,Very High,4,11-15%,0,2-5 Years,6–10 Years,5,8,High,3,5,4,0,2
33,25-34,0,No,Active,0,Travel_Rarely,6-10 Years,117,Research & Development,R & D,6-10,9,3,Bachelor,Medical,EMP-1238,Low,1,11-20 Years,Male,60,$0-$3000,High,Very High,3,1,Research Scientist,4,Married,2781,6311,0,No,Standard,0,13,3,0,4–5 Years,3,3-5 Years,Medium,2,11-15%,1,11+ Years,11–15 Years,5,15,High,3,14,10,4,10
33,25-34,0,No,Active,0,Travel_Rarely,6-10 Years,213,Research & Development,R & D,6-10,7,3,Bachelor,Medical,EMP-817,High,3,11-20 Years,Male,49,$10000-$15000,High,High,3,3,Research Director,3,Married,11691,25995,0,No,Standard,0,11,3,0,2–3 Years,2,3-5 Years,Very High,4,11-15%,0,11+ Years,11–15 Years,3,14,Very High,4,13,9,3,7
33,25-34,0,No,Active,0,Travel_Rarely,6-10 Years,501,Research & Development,R & D,11-20,15,2,College,Medical,EMP-2009,Medium,2,6-10 Years,Female,95,$3000-$5000,High,Very High,3,2,Healthcare Representative,4,Married,4878,21653,0,Yes,Overtime,1,13,3,0,6+ Years,4,6+ Years,Low,1,11-15%,1,6-10 Years,6–10 Years,6,10,High,3,9,7,8,1
33,25-34,0,No,Active,0,Travel_Rarely,6-10 Years,536,Sales,Sales,6-10,10,5,Doctor,Marketing,EMP-1268,Very High,4,6-10 Years,Male,82,$7000-$10000,Very High,High,4,3,Sales Executive,3,Divorced,8380,21708,0,Yes,Overtime,1,14,3,0,0-1 Years,1,0-2 Years,Very High,4,11-15%,2,6-10 Years,6–10 Years,3,10,High,3,9,8,0,8
33,25-34,0,No,Active,0,Travel_Rarely,6-10 Years,586,Sales,Sales,0-5,1,3,Bachelor,Medical,EMP-855,Low,1,6-10 Years,Male,48,$3000-$5000,Very High,Low,4,2,Sales Executive,1,Divorced,4037,21816,1,No,Standard,0,22,4,1-2,0-1 Years,1,0-2 Years,Low,1,21%+,1,6-10 Years,6–10 Years,5,9,High,3,9,8,0,8
33,25-34,0,No,Active,0,Travel_Rarely,6-10 Years,867,Research & Development,R & D,6-10,8,4,Master,Life Sciences,EMP-1798,Very High,4,11-20 Years,Male,90,$3000-$5000,Very High,Low,4,1,Research Scientist,1,Married,3143,6076,6,No,Standard,0,19,3,9+,6+ Years,4,6+ Years,Medium,2,16-20%,1,6-10 Years,11–15 Years,1,14,High,3,10,8,7,6
33,25-34,0,No,Active,0,Travel_Rarely,6-10 Years,931,Research & Development,R & D,11-20,14,3,Bachelor,Medical,EMP-252,Very High,4,6-10 Years,Female,72,$0-$3000,High,Medium,3,1,Research Scientist,2,Married,2756,4673,1,No,Standard,0,13,3,1-2,0-1 Years,1,0-2 Years,Very High,4,11-15%,1,6-10 Years,6–10 Years,5,8,High,3,8,7,1,6
33,25-34,1,Yes,Left,1,Travel_Frequently,6-10 Years,827,Research & Development,R & D,21+,29,4,Master,Medical,EMP-1101,Low,1,11-20 Years,Female,54,$3000-$5000,Medium,High,2,2,Research Scientist,3,Single,4508,3129,1,No,Standard,0,22,4,1-2,2–3 Years,2,3-5 Years,Medium,2,21%+,0,11+ Years,11–15 Years,4,14,High,3,13,7,3,8
33,25-34,1,Yes,Left,1,Travel_Frequently,6-10 Years,1076,Research & Development,R & D,0-5,3,3,Bachelor,Life Sciences,EMP-702,Low,1,6-10 Years,Male,70,$3000-$5000,High,Low,3,1,Research Scientist,1,Single,3348,3164,1,Yes,Overtime,1,11,3,1-2,6+ Years,4,6+ Years,Low,1,11-15%,0,6-10 Years,6–10 Years,3,10,High,3,10,8,9,7
33,25-34,1,Yes,Left,1,Travel_Rarely,0-2 Years,118,Sales,Sales,11-20,16,3,Bachelor,Marketing,EMP-819,Low,1,6-10 Years,Female,69,$5000-$7000,High,Low,3,2,Sales Executive,1,Single,5324,26507,5,No,Standard,0,15,3,9+,0-1 Years,1,0-2 Years,High,3,11-15%,0,2-5 Years,6–10 Years,3,6,High,3,3,2,0,2
33,25-34,1,Yes,Left,1,Travel_Rarely,0-2 Years,211,Sales,Sales,11-20,16,3,Bachelor,Life Sciences,EMP-1758,Low,1,11-20 Years,Female,74,$7000-$10000,High,Low,3,3,Sales Executive,1,Single,8564,10092,2,Yes,Overtime,1,20,4,1-2,0-1 Years,1,0-2 Years,High,3,16-20%,0,0-1 Years,11–15 Years,2,11,Medium,2,0,0,0,0
33,25-34,1,Yes,Left,1,Travel_Rarely,0-2 Years,350,Sales,Sales,0-5,5,3,Bachelor,Marketing,EMP-485,Very High,4,0-5 Years,Female,34,$0-$3000,High,High,3,1,Sales Representative,3,Single,2851,9150,1,Yes,Overtime,1,13,3,1-2,0-1 Years,1,0-2 Years,Medium,2,11-15%,0,0-1 Years,0–5 Years,2,1,High,3,1,0,0,0
33,25-34,1,Yes,Left,1,Travel_Rarely,0-2 Years,603,Sales,Sales,6-10,9,4,Master,Marketing,EMP-1157,Low,1,6-10 Years,Female,77,$7000-$10000,High,Low,3,2,Sales Executive,1,Single,8224,18385,0,Yes,Overtime,1,17,3,0,0-1 Years,1,0-2 Years,Low,1,16-20%,0,2-5 Years,6–10 Years,3,6,High,3,5,2,0,3
33,25-34,1,Yes,Left,1,Travel_Rarely,0-2 Years,1017,Research & Development,R & D,21+,25,3,Bachelor,Medical,EMP-1108,Low,1,0-5 Years,Male,55,$0-$3000,Medium,Medium,2,1,Research Scientist,2,Single,2313,2993,4,Yes,Overtime,1,20,4,9+,2–3 Years,2,0-2 Years,Medium,2,16-20%,0,2-5 Years,0–5 Years,0,5,High,3,2,2,2,2
33,25-34,1,Yes,Left,1,Travel_Rarely,3-5 Years,587,Research & Development,R & D,6-10,10,1,Below College,Medical,EMP-584,Low,1,6-10 Years,Male,38,$3000-$5000,Low,Very High,1,1,Laboratory Technician,4,Divorced,3408,6705,7,No,Standard,0,13,3,9+,0-1 Years,1,0-2 Years,Low,1,11-15%,3,2-5 Years,6–10 Years,2,8,High,3,4,3,1,3
33,25-34,1,Yes,Left,1,Travel_Rarely,3-5 Years,813,Research & Development,R & D,11-20,14,3,Bachelor,Medical,EMP-325,High,3,6-10 Years,Male,58,$0-$3000,High,Very High,3,1,Laboratory Technician,4,Married,2436,22149,5,Yes,Overtime,1,13,3,9+,0-1 Years,1,0-2 Years,High,3,11-15%,1,2-5 Years,6–10 Years,2,8,Low,1,5,4,0,4
33,25-34,1,Yes,Left,1,Travel_Rarely,6-10 Years,465,Research & Development,R & D,0-5,2,2,College,Life Sciences,EMP-328,Low,1,11-20 Years,Female,39,$0-$3000,High,Low,3,1,Laboratory Technician,1,Married,2707,21509,7,No,Standard,0,20,4,9+,0-1 Years,1,0-2 Years,Low,1,16-20%,0,6-10 Years,11–15 Years,3,13,Very High,4,9,7,1,7
33,25-34,1,Yes,Left,1,Travel_Rarely,6-10 Years,527,Research & Development,R & D,0-5,1,4,Master,Other,EMP-780,Very High,4,6-10 Years,Male,63,$0-$3000,High,Very High,3,1,Research Scientist,4,Single,2686,5207,1,Yes,Overtime,1,13,3,1-2,6+ Years,4,6+ Years,High,3,11-15%,0,6-10 Years,6–10 Years,2,10,Medium,2,10,9,7,8
33,25-34,1,Yes,Left,1,Travel_Rarely,6-10 Years,1277,Research & Development,R & D,11-20,15,1,Below College,Medical,EMP-582,Medium,2,11-20 Years,Male,56,$10000-$15000,High,High,3,3,Manager,3,Married,13610,24619,7,Yes,Overtime,1,12,3,9+,6+ Years,4,6+ Years,Very High,4,11-15%,0,6-10 Years,11–15 Years,2,15,Very High,4,7,6,7,7
34,25-34,0,No,Active,0,Non-Travel,0-2 Years,697,Research & Development,R & D,0-5,3,4,Master,Life Sciences,EMP-1115,High,3,6-10 Years,Male,40,$0-$3000,Medium,Very High,2,1,Research Scientist,4,Married,2979,22478,3,No,Standard,0,17,3,9+,0-1 Years,1,0-2 Years,Very High,4,16-20%,3,0-1 Years,6–10 Years,2,6,High,3,0,0,0,0
34,25-34,0,No,Active,0,Non-Travel,0-2 Years,1381,Sales,Sales,0-5,4,4,Master,Marketing,EMP-523,High,3,6-10 Years,Female,72,$5000-$7000,High,High,3,2,Sales Executive,3,Married,6538,12740,9,No,Standard,0,15,3,9+,0-1 Years,1,0-2 Years,Low,1,11-15%,1,2-5 Years,6–10 Years,3,6,High,3,3,2,1,2
34,25-34,0,No,Active,0,Non-Travel,11+ Years,1375,Sales,Sales,6-10,10,3,Bachelor,Life Sciences,EMP-1774,Very High,4,11-20 Years,Male,87,$3000-$5000,High,High,3,2,Sales Executive,3,Divorced,4001,12313,1,Yes,Overtime,1,14,3,1-2,0-1 Years,1,0-2 Years,High,3,11-15%,1,11+ Years,11–15 Years,3,15,High,3,15,14,0,7
34,25-34,0,No,Active,0,Non-Travel,3-5 Years,999,Research & Development,R & D,21+,26,1,Below College,Technical Degree,EMP-1374,Low,1,0-5 Years,Female,92,$0-$3000,Medium,High,2,1,Research Scientist,3,Divorced,2029,15891,1,No,Standard,0,20,4,1-2,0-1 Years,1,0-2 Years,High,3,16-20%,3,2-5 Years,0–5 Years,2,5,High,3,5,4,0,0
34,25-34,0,No,Active,0,Non-Travel,3-5 Years,1065,Sales,Sales,21+,23,4,Master,Marketing,EMP-60,Medium,2,6-10 Years,Male,72,$3000-$5000,High,High,3,2,Sales Executive,3,Single,4568,10034,0,No,Standard,0,20,4,0,6+ Years,4,6+ Years,High,3,16-20%,0,6-10 Years,6–10 Years,2,10,High,3,9,5,8,7
34,25-34,0,No,Active,0,Travel_Frequently,0-2 Years,618,Research & Development,R & D,0-5,3,1,Below College,Life Sciences,EMP-1103,Low,1,6-10 Years,Male,45,$7000-$10000,High,Very High,3,2,Healthcare Representative,4,Single,7756,22266,0,No,Standard,0,17,3,0,0-1 Years,1,0-2 Years,High,3,16-20%,0,6-10 Years,6–10 Years,1,7,Medium,2,6,2,0,4
34,25-34,0,No,Active,0,Travel_Frequently,0-2 Years,653,Research & Development,R & D,6-10,10,4,Master,Technical Degree,EMP-1597,Very High,4,6-10 Years,Male,92,$5000-$7000,Medium,High,2,2,Healthcare Representative,3,Married,5063,15332,1,No,Standard,0,14,3,1-2,6+ Years,4,6+ Years,Medium,2,11-15%,1,6-10 Years,6–10 Years,3,8,Medium,2,8,2,7,7
34,25-34,0,No,Active,0,Travel_Frequently,0-2 Years,702,Research & Development,R & D,11-20,16,4,Master,Life Sciences,EMP-838,High,3,6-10 Years,Female,100,$0-$3000,Medium,Very High,2,1,Research Scientist,4,Single,2553,8306,1,No,Standard,0,16,3,1-2,0-1 Years,1,0-2 Years,High,3,16-20%,0,2-5 Years,6–10 Years,3,6,High,3,5,2,1,3
34,25-34,0,No,Active,0,Travel_Frequently,0-2 Years,1003,Research & Development,R & D,0-5,2,2,College,Life Sciences,EMP-1140,Very High,4,0-5 Years,Male,95,$3000-$5000,High,High,3,2,Manufacturing Director,3,Single,4033,15834,2,No,Standard,0,11,3,1-2,0-1 Years,1,0-2 Years,Very High,4,11-15%,0,2-5 Years,0–5 Years,3,5,Medium,2,3,2,0,2
34,25-34,0,No,Active,0,Travel_Frequently,3-5 Years,303,Sales,Sales,0-5,2,4,Master,Marketing,EMP-216,High,3,6-10 Years,Female,75,$0-$3000,High,High,3,1,Sales Representative,3,Married,2231,11314,6,No,Standard,0,18,3,9+,0-1 Years,1,0-2 Years,Very High,4,16-20%,1,2-5 Years,6–10 Years,3,6,High,3,4,3,1,2
34,25-34,0,No,Active,0,Travel_Frequently,3-5 Years,560,Research & Development,R & D,0-5,1,4,Master,Other,EMP-1431,Very High,4,6-10 Years,Male,91,$0-$3000,High,Low,3,1,Research Scientist,1,Divorced,2996,20284,5,No,Standard,0,14,3,9+,0-1 Years,1,0-2 Years,High,3,11-15%,2,2-5 Years,6–10 Years,2,10,High,3,4,3,1,3
34,25-34,0,No,Active,0,Travel_Frequently,3-5 Years,878,Research & Development,R & D,6-10,10,4,Master,Medical,EMP-277,Very High,4,0-5 Years,Male,43,$3000-$5000,High,High,3,1,Research Scientist,3,Divorced,3815,5972,1,Yes,Overtime,1,17,3,1-2,2–3 Years,2,0-2 Years,Very High,4,16-20%,1,2-5 Years,0–5 Years,4,5,Very High,4,5,3,2,0
34,25-34,0,No,Active,0,Travel_Frequently,6-10 Years,135,Research & Development,R & D,11-20,19,3,Bachelor,Medical,EMP-1285,High,3,11-20 Years,Female,46,$3000-$5000,High,Medium,3,2,Laboratory Technician,2,Divorced,4444,22534,4,No,Standard,0,13,3,9+,4–5 Years,3,3-5 Years,High,3,11-15%,2,11+ Years,11–15 Years,2,15,Very High,4,11,8,5,10
34,25-34,0,No,Active,0,Travel_Frequently,6-10 Years,426,Research & Development,R & D,6-10,10,4,Master,Life Sciences,EMP-1615,High,3,6-10 Years,Male,42,$3000-$5000,Very High,Very High,4,2,Manufacturing Director,4,Divorced,4724,17000,1,No,Standard,0,13,3,1-2,6+ Years,4,6+ Years,Low,1,11-15%,1,6-10 Years,6–10 Years,3,9,High,3,9,7,7,2
34,25-34,0,No,Active,0,Travel_Frequently,6-10 Years,648,Human Resources,HR,11-20,11,3,Bachelor,Life Sciences,EMP-1289,High,3,11-20 Years,Male,56,$3000-$5000,Medium,Medium,2,2,Human Resources,2,Married,4490,21833,4,No,Standard,0,11,3,9+,0-1 Years,1,0-2 Years,Very High,4,11-15%,2,6-10 Years,11–15 Years,5,14,Very High,4,10,9,1,8
34,25-34,0,No,Active,0,Travel_Frequently,6-10 Years,669,Research & Development,R & D,0-5,1,3,Bachelor,Medical,EMP-1184,Very High,4,11-20 Years,Male,97,$5000-$7000,Medium,Low,2,2,Healthcare Representative,1,Single,5343,25755,0,No,Standard,0,20,4,0,4–5 Years,3,3-5 Years,High,3,16-20%,0,11+ Years,11–15 Years,3,14,High,3,13,9,4,9
34,25-34,0,No,Active,0,Travel_Frequently,6-10 Years,735,Research & Development,R & D,21+,22,4,Master,Other,EMP-1932,High,3,11-20 Years,Male,86,$5000-$7000,Medium,Very High,2,2,Research Scientist,4,Married,5747,26496,1,Yes,Overtime,1,15,3,1-2,6+ Years,4,6+ Years,Medium,2,11-15%,0,11+ Years,16–20 Years,3,16,High,3,15,10,6,11
34,25-34,0,No,Active,0,Travel_Frequently,6-10 Years,829,Research & Development,R & D,11-20,15,3,Bachelor,Medical,EMP-1485,Medium,2,11-20 Years,Male,71,$15000+,High,Low,3,4,Research Director,1,Divorced,17007,11929,7,No,Standard,0,14,3,9+,6+ Years,4,6+ Years,Very High,4,11-15%,2,11+ Years,16–20 Years,3,16,Medium,2,14,8,6,9
34,25-34,0,No,Active,0,Travel_Frequently,6-10 Years,1069,Research & Development,R & D,0-5,2,1,Below College,Life Sciences,EMP-256,Very High,4,6-10 Years,Male,45,$7000-$10000,Medium,High,2,2,Manufacturing Director,3,Married,9547,14074,1,No,Standard,0,17,3,1-2,0-1 Years,1,0-2 Years,High,3,16-20%,0,6-10 Years,6–10 Years,2,10,Medium,2,10,9,1,9
34,25-34,0,No,Active,0,Travel_Rarely,0-2 Years,131,Sales,Sales,0-5,2,3,Bachelor,Marketing,EMP-1281,High,3,0-5 Years,Female,86,$3000-$5000,High,Low,3,2,Sales Executive,1,Single,4538,6039,0,Yes,Overtime,1,12,3,0,0-1 Years,1,0-2 Years,Very High,4,11-15%,0,2-5 Years,0–5 Years,3,4,High,3,3,2,0,2
34,25-34,0,No,Active,0,Travel_Rarely,0-2 Years,167,Research & Development,R & D,6-10,8,5,Doctor,Life Sciences,EMP-775,Medium,2,6-10 Years,Female,32,$5000-$7000,High,Low,3,2,Manufacturing Director,1,Divorced,5121,4187,3,No,Standard,0,14,3,9+,0-1 Years,1,0-2 Years,High,3,11-15%,1,0-1 Years,6–10 Years,3,7,High,3,0,0,0,0
34,25-34,0,No,Active,0,Travel_Rarely,0-2 Years,181,Research & Development,R & D,0-5,2,4,Master,Medical,EMP-1755,Very High,4,6-10 Years,Male,97,$0-$3000,Very High,Very High,4,1,Research Scientist,4,Married,2932,5586,0,Yes,Overtime,1,14,3,0,0-1 Years,1,0-2 Years,Low,1,11-15%,3,2-5 Years,6–10 Years,3,6,High,3,5,0,1,2
34,25-34,0,No,Active,0,Travel_Rarely,0-2 Years,182,Research & Development,R & D,0-5,1,4,Master,Life Sciences,EMP-797,Medium,2,6-10 Years,Female,72,$3000-$5000,Very High,Very High,4,1,Research Scientist,4,Single,3280,13551,2,No,Standard,0,16,3,1-2,0-1 Years,1,0-2 Years,High,3,16-20%,0,2-5 Years,6–10 Years,2,10,High,3,4,2,1,3
34,25-34,0,No,Active,0,Travel_Rarely,0-2 Years,204,Sales,Sales,11-20,14,3,Bachelor,Technical Degree,EMP-666,High,3,6-10 Years,Female,31,$0-$3000,High,High,3,1,Sales Representative,3,Divorced,2579,2912,1,Yes,Overtime,1,18,3,1-2,0-1 Years,1,0-2 Years,Very High,4,16-20%,2,6-10 Years,6–10 Years,3,8,High,3,8,2,0,6
34,25-34,0,No,Active,0,Travel_Rarely,0-2 Years,216,Sales,Sales,0-5,1,4,Master,Marketing,EMP-1047,Medium,2,11-20 Years,Male,75,$7000-$10000,Very High,Very High,4,2,Sales Executive,4,Divorced,9725,12278,0,No,Standard,0,11,3,0,0-1 Years,1,0-2 Years,Very High,4,11-15%,1,11+ Years,16–20 Years,2,16,Medium,2,15,1,0,9
34,25-34,0,No,Active,0,Travel_Rarely,0-2 Years,479,Research & Development,R & D,6-10,7,4,Master,Medical,EMP-1577,Low,1,0-5 Years,Male,35,$0-$3000,High,Very High,3,1,Research Scientist,4,Single,2972,22061,1,No,Standard,0,13,3,1-2,0-1 Years,1,0-2 Years,High,3,11-15%,0,0-1 Years,0–5 Years,4,1,Low,1,1,0,0,0
34,25-34,0,No,Active,0,Travel_Rarely,0-2 Years,511,Sales,Sales,0-5,3,2,College,Life Sciences,EMP-1779,Very High,4,6-10 Years,Female,32,$5000-$7000,Low,Very High,1,2,Sales Executive,4,Single,6029,25353,5,No,Standard,0,12,3,9+,2–3 Years,2,0-2 Years,Low,1,11-15%,0,2-5 Years,6–10 Years,3,6,High,3,2,2,2,2
34,25-34,0,No,Active,0,Travel_Rarely,0-2 Years,546,Research & Development,R & D,6-10,10,3,Bachelor,Life Sciences,EMP-934,Medium,2,0-5 Years,Male,83,$0-$3000,High,Medium,3,1,Laboratory Technician,2,Divorced,2008,6896,1,No,Standard,0,14,3,1-2,0-1 Years,1,0-2 Years,Medium,2,11-15%,2,0-1 Years,0–5 Years,3,1,High,3,1,0,1,0
34,25-34,0,No,Active,0,Travel_Rarely,0-2 Years,629,Research & Development,R & D,21+,27,2,College,Medical,EMP-247,Very High,4,6-10 Years,Female,95,$0-$3000,High,Medium,3,1,Research Scientist,2,Single,2311,5711,2,No,Standard,0,15,3,1-2,0-1 Years,1,0-2 Years,Very High,4,11-15%,0,2-5 Years,6–10 Years,3,9,High,3,3,2,1,2
34,25-34,0,No,Active,0,Travel_Rarely,0-2 Years,735,Sales,Sales,0-5,3,1,Below College,Medical,EMP-1915,Very High,4,6-10 Years,Female,75,$7000-$10000,Medium,Very High,2,2,Sales Executive,4,Married,8103,16495,3,Yes,Overtime,1,12,3,9+,0-1 Years,1,0-2 Years,High,3,11-15%,0,2-5 Years,6–10 Years,3,9,Medium,2,4,2,0,1
34,25-34,0,No,Active,0,Travel_Rarely,0-2 Years,829,Human Resources,HR,0-5,3,2,College,Human Resources,EMP-847,High,3,0-5 Years,Male,88,$3000-$5000,High,Very High,3,1,Human Resources,4,Married,3737,2243,0,No,Standard,0,19,3,0,0-1 Years,1,0-2 Years,High,3,16-20%,1,2-5 Years,0–5 Years,1,4,Low,1,3,2,0,2
34,25-34,0,No,Active,0,Travel_Rarely,0-2 Years,970,Research & Development,R & D,6-10,8,2,College,Medical,EMP-757,Medium,2,6-10 Years,Female,96,$5000-$7000,High,High,3,2,Healthcare Representative,3,Single,6142,7360,3,No,Standard,0,11,3,9+,4–5 Years,3,3-5 Years,Very High,4,11-15%,0,2-5 Years,6–10 Years,2,10,High,3,5,1,4,3
34,25-34,0,No,Active,0,Travel_Rarely,0-2 Years,1031,Research & Development,R & D,6-10,6,4,Master,Life Sciences,EMP-151,High,3,11-20 Years,Female,45,$3000-$5000,Medium,Medium,2,2,Research Scientist,2,Divorced,4505,15000,6,No,Standard,0,15,3,9+,0-1 Years,1,0-2 Years,High,3,11-15%,1,0-1 Years,11–15 Years,3,12,High,3,1,0,0,0
34,25-34,0,No,Active,0,Travel_Rarely,0-2 Years,1111,Sales,Sales,6-10,8,2,College,Life Sciences,EMP-808,High,3,6-10 Years,Female,93,$5000-$7000,High,Low,3,2,Sales Executive,1,Married,6500,13305,5,No,Standard,0,17,3,9+,0-1 Years,1,0-2 Years,Medium,2,16-20%,1,2-5 Years,6–10 Years,1,6,High,3,3,2,1,2
34,25-34,0,No,Active,0,Travel_Rarely,0-2 Years,1153,Research & Development,R & D,0-5,1,2,College,Medical,EMP-110,Low,1,0-5 Years,Male,94,$3000-$5000,High,Medium,3,2,Manufacturing Director,2,Married,4325,17736,1,No,Standard,0,15,3,1-2,0-1 Years,1,0-2 Years,High,3,11-15%,0,2-5 Years,0–5 Years,2,5,High,3,5,2,1,3
34,25-34,0,No,Active,0,Travel_Rarely,0-2 Years,1320,Research & Development,R & D,11-20,20,3,Bachelor,Technical Degree,EMP-1265,High,3,0-5 Years,Female,89,$0-$3000,Very High,High,4,1,Research Scientist,3,Married,2585,21643,0,No,Standard,0,17,3,0,0-1 Years,1,0-2 Years,Very High,4,16-20%,0,0-1 Years,0–5 Years,5,2,Medium,2,1,0,0,0
34,25-34,0,No,Active,0,Travel_Rarely,0-2 Years,1333,Sales,Sales,6-10,10,4,Master,Life Sciences,EMP-1055,High,3,0-5 Years,Female,87,$0-$3000,High,High,3,1,Sales Representative,3,Married,2220,18410,1,Yes,Overtime,1,19,3,1-2,0-1 Years,1,0-2 Years,Very High,4,16-20%,1,0-1 Years,0–5 Years,2,1,High,3,1,1,0,0
34,25-34,0,No,Active,0,Travel_Rarely,0-2 Years,1346,Research & Development,R & D,11-20,19,2,College,Medical,EMP-18,Medium,2,0-5 Years,Male,93,$0-$3000,High,Very High,3,1,Laboratory Technician,4,Divorced,2661,8758,0,No,Standard,0,11,3,0,0-1 Years,1,0-2 Years,High,3,11-15%,1,2-5 Years,0–5 Years,2,3,High,3,2,2,1,2
34,25-34,0,No,Active,0,Travel_Rarely,0-2 Years,1351,Research & Development,R & D,0-5,1,4,Master,Life Sciences,EMP-1580,Medium,2,6-10 Years,Male,45,$5000-$7000,High,Very High,3,2,Research Scientist,4,Married,5484,13008,9,No,Standard,0,17,3,9+,2–3 Years,2,0-2 Years,Medium,2,16-20%,1,2-5 Years,6–10 Years,3,9,Medium,2,2,2,2,1
34,25-34,0,No,Active,0,Travel_Rarely,11+ Years,404,Research & Development,R & D,0-5,2,4,Master,Technical Degree,EMP-1383,High,3,11-20 Years,Female,98,$5000-$7000,High,Very High,3,2,Healthcare Representative,4,Single,6687,6163,1,No,Standard,0,11,3,1-2,4–5 Years,3,3-5 Years,Very High,4,11-15%,0,11+ Years,11–15 Years,2,14,Very High,4,14,11,4,11
34,25-34,0,No,Active,0,Travel_Rarely,11+ Years,665,Research & Development,R & D,6-10,6,4,Master,Other,EMP-138,Low,1,11-20 Years,Female,41,$3000-$5000,High,High,3,2,Research Scientist,3,Single,4809,12482,1,No,Standard,0,14,3,1-2,2–3 Years,2,0-2 Years,High,3,11-15%,0,11+ Years,16–20 Years,3,16,High,3,16,13,2,10
34,25-34,0,No,Active,0,Travel_Rarely,3-5 Years,121,Research & Development,R & D,0-5,2,4,Master,Medical,EMP-804,High,3,6-10 Years,Female,86,$3000-$5000,Medium,Low,2,1,Research Scientist,1,Single,4381,7530,1,No,Standard,0,11,3,1-2,0-1 Years,1,0-2 Years,High,3,11-15%,0,6-10 Years,6–10 Years,3,6,High,3,6,5,1,3
34,25-34,0,No,Active,0,Travel_Rarely,3-5 Years,254,Research & Development,R & D,0-5,1,2,College,Life Sciences,EMP-649,Medium,2,6-10 Years,Male,83,$3000-$5000,Medium,Very High,2,1,Research Scientist,4,Married,3622,22794,1,Yes,Overtime,1,13,3,1-2,0-1 Years,1,0-2 Years,Very High,4,11-15%,1,6-10 Years,6–10 Years,3,6,High,3,6,5,1,3
34,25-34,0,No,Active,0,Travel_Rarely,3-5 Years,304,Sales,Sales,0-5,2,3,Bachelor,Other,EMP-786,Very High,4,6-10 Years,Male,60,$5000-$7000,High,Very High,3,2,Sales Executive,4,Single,6274,18686,1,No,Standard,0,22,4,1-2,0-1 Years,1,0-2 Years,High,3,21%+,0,6-10 Years,6–10 Years,5,6,High,3,6,5,1,4
34,25-34,0,No,Active,0,Travel_Rarely,3-5 Years,401,Research & Development,R & D,0-5,1,3,Bachelor,Life Sciences,EMP-1447,Very High,4,6-10 Years,Female,86,$3000-$5000,Medium,Medium,2,1,Laboratory Technician,2,Married,3294,3708,5,No,Standard,0,17,3,9+,0-1 Years,1,0-2 Years,Low,1,16-20%,1,2-5 Years,6–10 Years,2,7,Medium,2,5,4,0,2
34,25-34,0,No,Active,0,Travel_Rarely,3-5 Years,628,Research & Development,R & D,6-10,8,3,Bachelor,Medical,EMP-2068,Medium,2,6-10 Years,Male,82,$3000-$5000,Very High,High,4,2,Laboratory Technician,3,Married,4404,10228,2,No,Standard,0,12,3,1-2,0-1 Years,1,0-2 Years,Low,1,11-15%,0,2-5 Years,6–10 Years,3,6,Very High,4,4,3,1,2
34,25-34,0,No,Active,0,Travel_Rarely,3-5 Years,1303,Research & Development,R & D,0-5,2,4,Master,Life Sciences,EMP-579,Very High,4,11-20 Years,Male,62,$0-$3000,Medium,High,2,1,Research Scientist,3,Divorced,2768,8416,3,No,Standard,0,12,3,9+,4–5 Years,3,3-5 Years,High,3,11-15%,1,6-10 Years,11–15 Years,3,14,High,3,7,3,5,7
34,25-34,0,No,Active,0,Travel_Rarely,3-5 Years,1400,Sales,Sales,6-10,9,1,Below College,Life Sciences,EMP-1163,Medium,2,6-10 Years,Female,70,$5000-$7000,High,High,3,2,Sales Executive,3,Married,5714,5829,1,No,Standard,0,20,4,1-2,0-1 Years,1,0-2 Years,Low,1,16-20%,0,6-10 Years,6–10 Years,3,6,Medium,2,6,5,1,3
34,25-34,0,No,Active,0,Travel_Rarely,3-5 Years,1480,Sales,Sales,0-5,4,3,Bachelor,Life Sciences,EMP-1882,High,3,6-10 Years,Male,64,$7000-$10000,High,Very High,3,3,Sales Executive,4,Married,9713,24444,2,Yes,Overtime,1,13,3,1-2,0-1 Years,1,0-2 Years,Very High,4,11-15%,3,2-5 Years,6–10 Years,3,9,High,3,5,3,1,0
34,25-34,0,No,Active,0,Travel_Rarely,6-10 Years,258,Sales,Sales,21+,21,4,Master,Life Sciences,EMP-621,Very High,4,6-10 Years,Male,74,$5000-$7000,Very High,Very High,4,2,Sales Executive,4,Single,5337,19921,1,No,Standard,0,12,3,1-2,4–5 Years,3,3-5 Years,Very High,4,11-15%,0,6-10 Years,6–10 Years,3,10,High,3,10,7,5,7
34,25-34,0,No,Active,0,Travel_Rarely,6-10 Years,285,Research & Development,R & D,21+,29,3,Bachelor,Medical,EMP-1377,Medium,2,6-10 Years,Male,86,$5000-$7000,High,High,3,2,Laboratory Technician,3,Married,5429,17491,4,No,Standard,0,13,3,9+,6+ Years,4,6+ Years,Low,1,11-15%,2,6-10 Years,6–10 Years,1,10,High,3,8,7,7,7
34,25-34,0,No,Active,0,Travel_Rarely,6-10 Years,419,Research & Development,R & D,6-10,7,4,Master,Life Sciences,EMP-28,Low,1,11-20 Years,Female,53,$10000-$15000,High,Medium,3,3,Research Director,2,Single,11994,21293,0,No,Standard,0,11,3,0,2–3 Years,2,0-2 Years,High,3,11-15%,0,11+ Years,11–15 Years,4,13,High,3,12,6,2,11
34,25-34,0,No,Active,0,Travel_Rarely,6-10 Years,470,Research & Development,R & D,0-5,2,4,Master,Life Sciences,EMP-339,Very High,4,11-20 Years,Male,84,$5000-$7000,Medium,Low,2,2,Manufacturing Director,1,Married,5957,23687,6,No,Standard,0,13,3,9+,4–5 Years,3,3-5 Years,Medium,2,11-15%,1,11+ Years,11–15 Years,3,13,High,3,11,9,5,9
34,25-34,0,No,Active,0,Travel_Rarely,6-10 Years,507,Sales,Sales,11-20,15,2,College,Medical,EMP-1356,High,3,6-10 Years,Female,66,$5000-$7000,High,Low,3,2,Sales Executive,1,Single,6125,23553,1,No,Standard,0,12,3,1-2,6+ Years,4,6+ Years,Very High,4,11-15%,0,6-10 Years,6–10 Years,6,10,Very High,4,10,8,9,6
34,25-34,0,No,Active,0,Travel_Rarely,6-10 Years,678,Research & Development,R & D,11-20,19,3,Bachelor,Life Sciences,EMP-1701,Medium,2,6-10 Years,Female,35,$0-$3000,Medium,Very High,2,1,Research Scientist,4,Married,2929,20338,1,No,Standard,0,12,3,1-2,6+ Years,4,6+ Years,Medium,2,11-15%,0,6-10 Years,6–10 Years,3,10,High,3,10,9,8,7
34,25-34,0,No,Active,0,Travel_Rarely,6-10 Years,704,Sales,Sales,21+,28,3,Bachelor,Marketing,EMP-2035,Very High,4,6-10 Years,Female,95,$5000-$7000,Medium,High,2,2,Sales Executive,3,Married,6712,8978,1,No,Standard,0,21,4,1-2,0-1 Years,1,0-2 Years,Very High,4,21%+,2,6-10 Years,6–10 Years,2,8,High,3,8,7,1,7
34,25-34,0,No,Active,0,Travel_Rarely,6-10 Years,810,Sales,Sales,6-10,8,2,College,Technical Degree,EMP-1823,Medium,2,6-10 Years,Male,92,$5000-$7000,Very High,High,4,2,Sales Executive,3,Married,6799,22128,1,No,Standard,0,21,4,1-2,4–5 Years,3,3-5 Years,High,3,21%+,2,6-10 Years,6–10 Years,5,10,High,3,10,8,4,8
34,25-34,0,No,Active,0,Travel_Rarely,6-10 Years,937,Sales,Sales,0-5,1,3,Bachelor,Marketing,EMP-1950,Low,1,11-20 Years,Male,32,$7000-$10000,High,Very High,3,3,Sales Executive,4,Single,9888,6770,1,No,Standard,0,21,4,1-2,2–3 Years,2,0-2 Years,Low,1,21%+,0,11+ Years,11–15 Years,3,14,Medium,2,14,8,2,1
34,25-34,0,No,Active,0,Travel_Rarely,6-10 Years,943,Research & Development,R & D,6-10,9,3,Bachelor,Life Sciences,EMP-1344,Very High,4,6-10 Years,Male,86,$7000-$10000,High,Very High,3,3,Healthcare Representative,4,Divorced,8500,5494,0,No,Standard,0,11,3,0,0-1 Years,1,0-2 Years,Very High,4,11-15%,1,6-10 Years,6–10 Years,0,10,Medium,2,9,7,1,6
34,25-34,0,No,Active,0,Travel_Rarely,6-10 Years,971,Sales,Sales,0-5,1,3,Bachelor,Technical Degree,EMP-1535,Very High,4,6-10 Years,Male,64,$7000-$10000,Medium,High,2,3,Sales Executive,3,Married,7083,12288,1,Yes,Overtime,1,14,3,1-2,6+ Years,4,6+ Years,Very High,4,11-15%,0,6-10 Years,6–10 Years,3,10,High,3,10,9,8,6
34,25-34,0,No,Active,0,Travel_Rarely,6-10 Years,1130,Research & Development,R & D,0-5,3,3,Bachelor,Life Sciences,EMP-1658,Very High,4,11-20 Years,Female,66,$5000-$7000,High,Medium,3,2,Research Scientist,2,Divorced,5433,19332,1,No,Standard,0,12,3,1-2,6+ Years,4,6+ Years,High,3,11-15%,1,11+ Years,11–15 Years,2,11,High,3,11,8,7,9
34,25-34,0,No,Active,0,Travel_Rarely,6-10 Years,1157,Research & Development,R & D,0-5,5,2,College,Medical,EMP-1696,Medium,2,11-20 Years,Male,57,$3000-$5000,Medium,Very High,2,2,Laboratory Technician,4,Married,3986,11912,1,No,Standard,0,14,3,1-2,4–5 Years,3,3-5 Years,High,3,11-15%,1,11+ Years,11–15 Years,3,15,Very High,4,15,10,4,13
34,25-34,0,No,Active,0,Travel_Rarely,6-10 Years,1239,Sales,Sales,11-20,13,4,Master,Medical,EMP-1951,Very High,4,6-10 Years,Male,39,$7000-$10000,High,High,3,3,Sales Executive,3,Divorced,8628,22914,1,No,Standard,0,18,3,1-2,0-1 Years,1,0-2 Years,High,3,16-20%,1,6-10 Years,6–10 Years,2,9,Medium,2,8,7,1,1
34,25-34,0,No,Active,0,Travel_Rarely,6-10 Years,1326,Sales,Sales,0-5,3,3,Bachelor,Other,EMP-1478,Very High,4,11-20 Years,Male,81,$3000-$5000,Low,Low,1,2,Sales Executive,1,Single,4759,15891,3,No,Standard,0,18,3,9+,2–3 Years,2,3-5 Years,Very High,4,16-20%,0,11+ Years,11–15 Years,2,15,High,3,13,9,3,12
34,25-34,0,No,Active,0,Travel_Rarely,6-10 Years,1354,Research & Development,R & D,0-5,5,3,Bachelor,Medical,EMP-153,High,3,11-20 Years,Female,45,$10000-$15000,Medium,Low,2,3,Manager,1,Single,11631,5615,2,No,Standard,0,12,3,1-2,4–5 Years,3,3-5 Years,Very High,4,11-15%,0,11+ Years,11–15 Years,6,14,High,3,11,10,5,8
34,25-34,0,No,Active,0,Travel_Rarely,6-10 Years,1397,Research & Development,R & D,0-5,1,5,Doctor,Life Sciences,EMP-683,Medium,2,6-10 Years,Male,42,$0-$3000,High,Very High,3,1,Research Scientist,4,Married,2691,7660,1,No,Standard,0,12,3,1-2,6+ Years,4,6+ Years,Very High,4,11-15%,1,6-10 Years,6–10 Years,4,10,Medium,2,10,9,8,8
34,25-34,0,No,Active,0,Travel_Rarely,6-10 Years,1440,Sales,Sales,6-10,7,2,College,Technical Degree,EMP-1541,Medium,2,11-20 Years,Male,55,$0-$3000,High,High,3,1,Sales Representative,3,Married,2308,4944,0,Yes,Overtime,1,25,4,0,4–5 Years,3,3-5 Years,Medium,2,21%+,1,11+ Years,11–15 Years,4,12,High,3,11,10,5,7
34,25-34,0,No,Active,0,Travel_Rarely,6-10 Years,1442,Research & Development,R & D,6-10,9,3,Bachelor,Medical,EMP-717,Very High,4,6-10 Years,Female,46,$7000-$10000,Medium,Medium,2,3,Healthcare Representative,2,Single,8621,17654,1,No,Standard,0,14,3,1-2,6+ Years,4,6+ Years,Medium,2,11-15%,0,6-10 Years,6–10 Years,3,9,Very High,4,8,7,7,7
34,25-34,1,Yes,Left,1,Non-Travel,0-2 Years,967,Research & Development,R & D,11-20,16,4,Master,Technical Degree,EMP-1905,Very High,4,0-5 Years,Male,85,$0-$3000,Low,Low,1,1,Research Scientist,1,Married,2307,14460,1,Yes,Overtime,1,23,4,1-2,2–3 Years,2,3-5 Years,Medium,2,21%+,1,2-5 Years,0–5 Years,2,5,High,3,5,2,3,0
34,25-34,1,Yes,Left,1,Non-Travel,0-2 Years,1362,Sales,Sales,11-20,19,3,Bachelor,Marketing,EMP-502,Low,1,6-10 Years,Male,67,$5000-$7000,Very High,Very High,4,2,Sales Executive,4,Single,5304,4652,8,Yes,Overtime,1,13,3,9+,0-1 Years,1,0-2 Years,Medium,2,11-15%,0,2-5 Years,6–10 Years,3,9,Medium,2,5,2,0,4
34,25-34,1,Yes,Left,1,Travel_Frequently,0-2 Years,234,Research & Development,R & D,6-10,9,4,Master,Life Sciences,EMP-1807,Very High,4,11-20 Years,Male,93,$5000-$7000,High,Low,3,2,Laboratory Technician,1,Married,5346,6208,4,No,Standard,0,17,3,9+,0-1 Years,1,0-2 Years,High,3,16-20%,1,6-10 Years,11–15 Years,3,11,Medium,2,7,1,0,7
34,25-34,1,Yes,Left,1,Travel_Frequently,0-2 Years,296,Sales,Sales,6-10,6,2,College,Marketing,EMP-555,Very High,4,0-5 Years,Female,33,$0-$3000,Low,High,1,1,Sales Representative,3,Divorced,2351,12253,0,No,Standard,0,16,3,0,0-1 Years,1,0-2 Years,Very High,4,16-20%,1,2-5 Years,0–5 Years,3,3,Medium,2,2,2,1,0
34,25-34,1,Yes,Left,1,Travel_Frequently,0-2 Years,988,Human Resources,HR,21+,23,3,Bachelor,Human Resources,EMP-590,Medium,2,11-20 Years,Female,43,$7000-$10000,High,Low,3,3,Human Resources,1,Divorced,9950,11533,9,Yes,Overtime,1,15,3,9+,0-1 Years,1,0-2 Years,High,3,11-15%,3,2-5 Years,11–15 Years,2,11,High,3,3,2,0,2
34,25-34,1,Yes,Left,1,Travel_Frequently,6-10 Years,658,Research & Development,R & D,6-10,7,3,Bachelor,Life Sciences,EMP-147,Low,1,6-10 Years,Male,66,$5000-$7000,Low,High,1,2,Laboratory Technician,3,Single,6074,22887,1,Yes,Overtime,1,24,4,1-2,0-1 Years,1,0-2 Years,Very High,4,21%+,0,6-10 Years,6–10 Years,3,9,High,3,9,7,0,6
34,25-34,1,Yes,Left,1,Travel_Rarely,0-2 Years,699,Research & Development,R & D,6-10,6,1,Below College,Medical,EMP-31,Medium,2,6-10 Years,Male,83,$0-$3000,High,Low,3,1,Research Scientist,1,Single,2960,17102,2,No,Standard,0,11,3,1-2,0-1 Years,1,0-2 Years,High,3,11-15%,0,2-5 Years,6–10 Years,2,8,High,3,4,2,1,3
34,25-34,1,Yes,Left,1,Travel_Rarely,0-2 Years,1107,Human Resources,HR,6-10,9,4,Master,Technical Degree,EMP-1467,Low,1,0-5 Years,Female,52,$0-$3000,High,High,3,1,Human Resources,3,Married,2742,3072,1,No,Standard,0,15,3,1-2,2–3 Years,2,0-2 Years,Very High,4,11-15%,0,2-5 Years,0–5 Years,0,2,High,3,2,2,2,2
34,25-34,1,Yes,Left,1,Travel_Rarely,6-10 Years,790,Sales,Sales,21+,24,4,Master,Medical,EMP-1489,Low,1,11-20 Years,Female,40,$3000-$5000,Medium,Medium,2,2,Sales Executive,2,Single,4599,7815,0,Yes,Overtime,1,23,4,0,6+ Years,4,6+ Years,High,3,21%+,0,11+ Years,16–20 Years,2,16,Very High,4,15,9,10,10
35,35-44,0,No,Active,0,Non-Travel,0-2 Years,727,Research & Development,R & D,0-5,3,3,Bachelor,Life Sciences,EMP-704,High,3,0-5 Years,Male,41,$0-$3000,Medium,High,2,1,Laboratory Technician,3,Married,1281,16900,1,No,Standard,0,18,3,1-2,0-1 Years,1,0-2 Years,High,3,16-20%,2,0-1 Years,0–5 Years,3,1,High,3,1,0,0,0
35,35-44,0,No,Active,0,Non-Travel,0-2 Years,1097,Research & Development,R & D,11-20,11,2,College,Medical,EMP-70,High,3,6-10 Years,Male,79,$7000-$10000,Medium,Low,2,3,Healthcare Representative,1,Married,9884,8302,2,Yes,Overtime,1,13,3,1-2,2–3 Years,2,0-2 Years,High,3,11-15%,1,2-5 Years,6–10 Years,3,10,High,3,4,0,2,3
35,35-44,0,No,Active,0,Non-Travel,0-2 Years,1212,Sales,Sales,6-10,8,2,College,Marketing,EMP-1243,High,3,11-20 Years,Female,78,$10000-$15000,Medium,Very High,2,3,Sales Executive,4,Married,10377,13755,4,Yes,Overtime,1,11,3,9+,4–5 Years,3,3-5 Years,Medium,2,11-15%,1,11+ Years,16–20 Years,6,16,Medium,2,13,2,4,12
35,35-44,0,No,Active,0,Non-Travel,0-2 Years,1225,Research & Development,R & D,0-5,2,4,Master,Life Sciences,EMP-771,Very High,4,11-20 Years,Female,61,$5000-$7000,High,Low,3,2,Healthcare Representative,1,Divorced,5093,4761,2,No,Standard,0,11,3,1-2,0-1 Years,1,0-2 Years,Low,1,11-15%,1,0-1 Years,16–20 Years,2,16,Very High,4,1,0,0,0
35,35-44,0,No,Active,0,Non-Travel,11+ Years,208,Research & Development,R & D,6-10,8,4,Master,Life Sciences,EMP-1630,High,3,11-20 Years,Female,52,$3000-$5000,High,High,3,2,Healthcare Representative,3,Married,4148,12250,1,No,Standard,0,12,3,1-2,2–3 Years,2,0-2 Years,Very High,4,11-15%,1,11+ Years,11–15 Years,5,15,High,3,14,11,2,9
35,35-44,0,No,Active,0,Non-Travel,6-10 Years,1180,Research & Development,R & D,0-5,2,2,College,Medical,EMP-1804,Medium,2,11-20 Years,Male,90,$5000-$7000,High,Very High,3,2,Manufacturing Director,4,Divorced,5762,24442,2,No,Standard,0,14,3,1-2,0-1 Years,1,0-2 Years,High,3,11-15%,1,6-10 Years,11–15 Years,6,15,High,3,7,7,1,7
35,35-44,0,No,Active,0,Travel_Frequently,0-2 Years,138,Research & Development,R & D,0-5,2,3,Bachelor,Medical,EMP-269,Medium,2,6-10 Years,Female,37,$3000-$5000,High,Medium,3,2,Laboratory Technician,2,Single,4425,15986,5,No,Standard,0,11,3,9+,0-1 Years,1,0-2 Years,Very High,4,11-15%,0,6-10 Years,6–10 Years,5,10,High,3,6,2,1,2
35,35-44,0,No,Active,0,Travel_Frequently,0-2 Years,200,Research & Development,R & D,11-20,18,2,College,Life Sciences,EMP-1412,High,3,6-10 Years,Male,60,$7000-$10000,High,Very High,3,3,Manufacturing Director,4,Single,9362,19944,2,No,Standard,0,11,3,1-2,2–3 Years,2,0-2 Years,High,3,11-15%,0,2-5 Years,6–10 Years,2,10,High,3,2,2,2,2
35,35-44,0,No,Active,0,Travel_Frequently,0-2 Years,636,Research & Development,R & D,0-5,4,4,Master,Other,EMP-1185,Very High,4,0-5 Years,Male,47,$0-$3000,Medium,Very High,2,1,Laboratory Technician,4,Married,2376,26537,1,No,Standard,0,13,3,1-2,2–3 Years,2,0-2 Years,Medium,2,11-15%,1,2-5 Years,0–5 Years,2,2,Very High,4,2,2,2,2
35,35-44,0,No,Active,0,Travel_Frequently,0-2 Years,664,Research & Development,R & D,0-5,1,3,Bachelor,Medical,EMP-88,Medium,2,0-5 Years,Male,79,$0-$3000,High,Low,3,1,Research Scientist,1,Married,2194,5868,4,No,Standard,0,13,3,9+,0-1 Years,1,0-2 Years,Very High,4,11-15%,1,2-5 Years,0–5 Years,2,5,Medium,2,3,2,1,2
35,35-44,0,No,Active,0,Travel_Frequently,0-2 Years,1182,Sales,Sales,11-20,11,2,College,Marketing,EMP-1137,Very High,4,0-5 Years,Male,54,$3000-$5000,High,Very High,3,2,Sales Executive,4,Divorced,4968,18500,1,No,Standard,0,11,3,1-2,0-1 Years,1,0-2 Years,Very High,4,11-15%,1,2-5 Years,0–5 Years,3,5,High,3,5,2,0,2
35,35-44,0,No,Active,0,Travel_Frequently,0-2 Years,1199,Research & Development,R & D,11-20,18,4,Master,Life Sciences,EMP-2049,High,3,6-10 Years,Male,80,$5000-$7000,High,High,3,2,Healthcare Representative,3,Married,5689,24594,1,Yes,Overtime,1,14,3,1-2,0-1 Years,1,0-2 Years,Very High,4,11-15%,2,6-10 Years,6–10 Years,2,10,Very High,4,10,2,0,2
35,35-44,0,No,Active,0,Travel_Frequently,3-5 Years,146,Research & Development,R & D,0-5,2,4,Master,Medical,EMP-1704,Low,1,6-10 Years,Male,79,$3000-$5000,Medium,Very High,2,1,Research Scientist,4,Single,4930,13970,0,Yes,Overtime,1,14,3,0,0-1 Years,1,0-2 Years,High,3,11-15%,0,2-5 Years,6–10 Years,2,6,Very High,4,5,4,1,4
35,35-44,0,No,Active,0,Travel_Frequently,6-10 Years,482,Research & Development,R & D,0-5,4,4,Master,Life Sciences,EMP-1350,High,3,6-10 Years,Male,87,$3000-$5000,High,High,3,2,Research Scientist,3,Single,4249,2690,1,Yes,Overtime,1,11,3,1-2,0-1 Years,1,0-2 Years,Medium,2,11-15%,0,6-10 Years,6–10 Years,3,9,High,3,9,6,1,1
35,35-44,0,No,Active,0,Travel_Frequently,6-10 Years,853,Sales,Sales,11-20,18,5,Doctor,Life Sciences,EMP-74,Medium,2,6-10 Years,Male,71,$7000-$10000,High,Low,3,3,Sales Executive,1,Married,9069,11031,1,No,Standard,0,22,4,1-2,0-1 Years,1,0-2 Years,Very High,4,21%+,1,6-10 Years,6–10 Years,3,9,Medium,2,9,8,1,8
35,35-44,0,No,Active,0,Travel_Frequently,6-10 Years,944,Sales,Sales,0-5,1,3,Bachelor,Marketing,EMP-314,High,3,6-10 Years,Female,92,$7000-$10000,High,High,3,3,Sales Executive,3,Single,8789,9096,1,No,Standard,0,14,3,1-2,0-1 Years,1,0-2 Years,Low,1,11-15%,0,6-10 Years,6–10 Years,3,10,Very High,4,10,7,0,8
35,35-44,0,No,Active,0,Travel_Rarely,0-2 Years,219,Research & Development,R & D,11-20,16,2,College,Other,EMP-1886,Very High,4,0-5 Years,Female,44,$3000-$5000,Medium,Medium,2,2,Manufacturing Director,2,Married,4788,25388,0,Yes,Overtime,1,11,3,0,0-1 Years,1,0-2 Years,Very High,4,11-15%,0,2-5 Years,0–5 Years,2,4,High,3,3,2,0,2
35,35-44,0,No,Active,0,Travel_Rarely,0-2 Years,384,Sales,Sales,6-10,8,4,Master,Life Sciences,EMP-805,Low,1,0-5 Years,Female,72,$0-$3000,High,Very High,3,1,Sales Representative,4,Married,2572,20317,1,No,Standard,0,16,3,1-2,0-1 Years,1,0-2 Years,Medium,2,16-20%,1,2-5 Years,0–5 Years,1,3,Medium,2,3,2,0,2
35,35-44,0,No,Active,0,Travel_Rarely,0-2 Years,464,Research & Development,R & D,0-5,4,2,College,Other,EMP-53,High,3,0-5 Years,Male,75,$0-$3000,High,Very High,3,1,Laboratory Technician,4,Divorced,1951,10910,1,No,Standard,0,12,3,1-2,0-1 Years,1,0-2 Years,High,3,11-15%,1,0-1 Years,0–5 Years,3,1,High,3,1,0,0,0
35,35-44,0,No,Active,0,Travel_Rarely,0-2 Years,538,Research & Development,R & D,21+,25,2,College,Other,EMP-652,Low,1,6-10 Years,Male,54,$3000-$5000,Medium,Very High,2,2,Laboratory Technician,4,Single,3681,14004,4,No,Standard,0,14,3,9+,0-1 Years,1,0-2 Years,Very High,4,11-15%,0,2-5 Years,6–10 Years,3,9,High,3,3,2,0,2
35,35-44,0,No,Active,0,Travel_Rarely,0-2 Years,660,Sales,Sales,6-10,7,1,Below College,Life Sciences,EMP-1492,Very High,4,0-5 Years,Male,76,$0-$3000,High,High,3,1,Sales Representative,3,Married,2404,16192,1,No,Standard,0,13,3,1-2,0-1 Years,1,0-2 Years,Low,1,11-15%,1,0-1 Years,0–5 Years,3,1,High,3,1,0,0,0
35,35-44,0,No,Active,0,Travel_Rarely,0-2 Years,670,Research & Development,R & D,6-10,10,4,Master,Medical,EMP-1587,Low,1,6-10 Years,Female,51,$5000-$7000,High,High,3,2,Healthcare Representative,3,Single,6142,4223,3,Yes,Overtime,1,16,3,9+,0-1 Years,1,0-2 Years,High,3,16-20%,0,2-5 Years,6–10 Years,4,10,High,3,5,2,0,4
35,35-44,0,No,Active,0,Travel_Rarely,0-2 Years,735,Research & Development,R & D,6-10,6,1,Below College,Life Sciences,EMP-1291,High,3,0-5 Years,Male,66,$3000-$5000,High,High,3,1,Research Scientist,3,Married,3506,6020,0,Yes,Overtime,1,14,3,0,2–3 Years,2,0-2 Years,Very High,4,11-15%,0,2-5 Years,0–5 Years,3,4,High,3,3,2,2,2
35,35-44,0,No,Active,0,Travel_Rarely,0-2 Years,755,Research & Development,R & D,6-10,9,4,Master,Life Sciences,EMP-496,High,3,6-10 Years,Male,97,$5000-$7000,Medium,Medium,2,2,Healthcare Representative,2,Single,6540,19394,9,No,Standard,0,19,3,9+,0-1 Years,1,0-2 Years,High,3,16-20%,0,0-1 Years,6–10 Years,5,10,High,3,1,1,0,0
35,35-44,0,No,Active,0,Travel_Rarely,0-2 Years,802,Research & Development,R & D,6-10,10,3,Bachelor,Other,EMP-1028,Medium,2,0-5 Years,Male,45,$3000-$5000,High,Very High,3,1,Laboratory Technician,4,Divorced,3917,9541,1,No,Standard,0,20,4,1-2,0-1 Years,1,0-2 Years,Low,1,16-20%,1,2-5 Years,0–5 Years,4,3,Medium,2,3,2,1,2
35,35-44,0,No,Active,0,Travel_Rarely,0-2 Years,890,Sales,Sales,0-5,2,3,Bachelor,Marketing,EMP-49,Very High,4,0-5 Years,Female,97,$0-$3000,High,Very High,3,1,Sales Representative,4,Married,2014,9687,1,No,Standard,0,13,3,1-2,2–3 Years,2,0-2 Years,Low,1,11-15%,0,2-5 Years,0–5 Years,3,2,High,3,2,2,2,2
35,35-44,0,No,Active,0,Travel_Rarely,0-2 Years,982,Research & Development,R & D,0-5,1,4,Master,Medical,EMP-1172,Very High,4,6-10 Years,Male,58,$0-$3000,Medium,High,2,1,Laboratory Technician,3,Married,2258,16340,6,No,Standard,0,12,3,9+,0-1 Years,1,0-2 Years,Medium,2,11-15%,1,6-10 Years,6–10 Years,2,10,High,3,8,0,1,7
35,35-44,0,No,Active,0,Travel_Rarely,0-2 Years,992,Research & Development,R & D,0-5,1,3,Bachelor,Medical,EMP-1564,Very High,4,0-5 Years,Male,68,$0-$3000,Medium,Low,2,1,Laboratory Technician,1,Single,2450,21731,1,No,Standard,0,19,3,1-2,0-1 Years,1,0-2 Years,Medium,2,16-20%,0,2-5 Years,0–5 Years,3,3,High,3,3,0,1,2
35,35-44,0,No,Active,0,Travel_Rarely,0-2 Years,1142,Research & Development,R & D,21+,23,4,Master,Medical,EMP-75,High,3,0-5 Years,Female,30,$3000-$5000,High,Low,3,1,Laboratory Technician,1,Married,4014,16002,3,Yes,Overtime,1,15,3,9+,2–3 Years,2,0-2 Years,High,3,11-15%,1,2-5 Years,0–5 Years,3,4,High,3,2,2,2,2
35,35-44,0,No,Active,0,Travel_Rarely,0-2 Years,1146,Human Resources,HR,21+,26,4,Master,Life Sciences,EMP-2040,High,3,6-10 Years,Female,31,$7000-$10000,High,Very High,3,3,Human Resources,4,Single,8837,16642,1,Yes,Overtime,1,16,3,1-2,0-1 Years,1,0-2 Years,High,3,16-20%,0,6-10 Years,6–10 Years,2,9,High,3,9,0,1,7
35,35-44,0,No,Active,0,Travel_Rarely,0-2 Years,1219,Sales,Sales,11-20,18,3,Bachelor,Medical,EMP-975,High,3,0-5 Years,Female,86,$3000-$5000,High,High,3,2,Sales Executive,3,Married,4601,6179,1,No,Standard,0,16,3,1-2,0-1 Years,1,0-2 Years,Medium,2,16-20%,0,2-5 Years,0–5 Years,3,5,High,3,5,2,1,0
35,35-44,0,No,Active,0,Travel_Rarely,0-2 Years,1229,Research & Development,R & D,6-10,8,1,Below College,Life Sciences,EMP-63,Very High,4,0-5 Years,Male,36,$0-$3000,Very High,Very High,4,1,Laboratory Technician,4,Married,2269,4892,1,No,Standard,0,19,3,1-2,0-1 Years,1,0-2 Years,Very High,4,16-20%,0,0-1 Years,0–5 Years,2,1,High,3,1,0,0,1
35,35-44,0,No,Active,0,Travel_Rarely,0-2 Years,1258,Research & Development,R & D,0-5,1,4,Master,Life Sciences,EMP-826,Very High,4,6-10 Years,Female,40,$0-$3000,Very High,High,4,1,Research Scientist,3,Single,2506,13301,3,No,Standard,0,13,3,9+,2–3 Years,2,0-2 Years,High,3,11-15%,0,2-5 Years,6–10 Years,0,7,High,3,2,2,2,2
35,35-44,0,No,Active,0,Travel_Rarely,0-2 Years,1349,Research & Development,R & D,6-10,7,2,College,Life Sciences,EMP-1601,High,3,0-5 Years,Male,63,$0-$3000,Medium,Very High,2,1,Laboratory Technician,4,Married,2690,7713,1,No,Standard,0,18,3,1-2,0-1 Years,1,0-2 Years,Very High,4,16-20%,1,0-1 Years,0–5 Years,5,1,Medium,2,1,0,0,1
35,35-44,0,No,Active,0,Travel_Rarely,0-2 Years,1490,Research & Development,R & D,11-20,11,4,Master,Medical,EMP-2003,Very High,4,0-5 Years,Male,43,$0-$3000,High,High,3,1,Laboratory Technician,3,Married,2660,20232,7,Yes,Overtime,1,11,3,9+,2–3 Years,2,0-2 Years,High,3,11-15%,1,2-5 Years,0–5 Years,3,5,High,3,2,2,2,2
35,35-44,0,No,Active,0,Travel_Rarely,11+ Years,607,Research & Development,R & D,6-10,9,3,Bachelor,Life Sciences,EMP-880,Very High,4,11-20 Years,Female,66,$10000-$15000,Medium,High,2,3,Manufacturing Director,3,Married,10685,23457,1,Yes,Overtime,1,20,4,1-2,4–5 Years,3,3-5 Years,Medium,2,16-20%,1,11+ Years,16–20 Years,2,17,High,3,17,14,5,15
35,35-44,0,No,Active,0,Travel_Rarely,11+ Years,776,Sales,Sales,0-5,1,4,Master,Marketing,EMP-100,High,3,11-20 Years,Male,32,$3000-$5000,Medium,Low,2,2,Sales Executive,1,Single,4312,23016,0,No,Standard,0,14,3,0,2–3 Years,2,0-2 Years,Medium,2,11-15%,0,11+ Years,16–20 Years,2,16,High,3,15,13,2,8
35,35-44,0,No,Active,0,Travel_Rarely,11+ Years,819,Research & Development,R & D,11-20,18,5,Doctor,Life Sciences,EMP-1621,Medium,2,11-20 Years,Male,48,$5000-$7000,Very High,Low,4,2,Research Scientist,1,Married,5208,26312,1,No,Standard,0,11,3,1-2,0-1 Years,1,0-2 Years,Very High,4,11-15%,0,11+ Years,16–20 Years,2,16,High,3,16,15,1,10
35,35-44,0,No,Active,0,Travel_Rarely,11+ Years,1017,Research & Development,R & D,6-10,6,4,Master,Life Sciences,EMP-691,Medium,2,11-20 Years,Male,82,$5000-$7000,Low,Very High,1,2,Research Scientist,4,Single,6646,19368,1,No,Standard,0,13,3,1-2,6+ Years,4,6+ Years,Medium,2,11-15%,0,11+ Years,16–20 Years,3,17,High,3,17,11,11,8
35,35-44,0,No,Active,0,Travel_Rarely,3-5 Years,144,Research & Development,R & D,21+,22,3,Bachelor,Life Sciences,EMP-577,Very High,4,6-10 Years,Male,46,$3000-$5000,Low,High,1,1,Laboratory Technician,3,Single,4230,19225,0,No,Standard,0,15,3,0,4–5 Years,3,3-5 Years,High,3,11-15%,0,2-5 Years,6–10 Years,2,6,High,3,5,4,4,3
35,35-44,0,No,Active,0,Travel_Rarely,3-5 Years,185,Research & Development,R & D,21+,23,4,Master,Medical,EMP-1826,Medium,2,6-10 Years,Male,91,$0-$3000,Low,High,1,1,Laboratory Technician,3,Married,2705,9696,0,No,Standard,0,16,3,0,0-1 Years,1,0-2 Years,Medium,2,16-20%,1,2-5 Years,6–10 Years,2,6,Very High,4,5,4,0,3
35,35-44,0,No,Active,0,Travel_Rarely,3-5 Years,195,Sales,Sales,0-5,1,3,Bachelor,Medical,EMP-620,Low,1,0-5 Years,Female,80,$3000-$5000,High,High,3,2,Sales Executive,3,Single,4859,6698,1,No,Standard,0,16,3,1-2,0-1 Years,1,0-2 Years,Very High,4,16-20%,0,2-5 Years,0–5 Years,3,5,High,3,5,4,0,3
35,35-44,0,No,Active,0,Travel_Rarely,3-5 Years,287,Research & Development,R & D,0-5,1,4,Master,Life Sciences,EMP-2052,High,3,0-5 Years,Female,62,$0-$3000,Low,Very High,1,1,Research Scientist,4,Married,2977,8952,1,No,Standard,0,12,3,1-2,0-1 Years,1,0-2 Years,Very High,4,11-15%,1,2-5 Years,0–5 Years,5,4,High,3,4,3,1,1
35,35-44,0,No,Active,0,Travel_Rarely,3-5 Years,528,Human Resources,HR,6-10,8,4,Master,Technical Degree,EMP-1164,High,3,6-10 Years,Male,100,$3000-$5000,High,High,3,1,Human Resources,3,Single,4323,7108,1,No,Standard,0,17,3,1-2,0-1 Years,1,0-2 Years,Medium,2,16-20%,0,2-5 Years,6–10 Years,2,6,Low,1,5,4,1,4
35,35-44,0,No,Active,0,Travel_Rarely,3-5 Years,682,Sales,Sales,11-20,18,4,Master,Medical,EMP-1945,Medium,2,6-10 Years,Male,71,$5000-$7000,High,Low,3,2,Sales Executive,1,Married,5561,15975,0,No,Standard,0,16,3,0,0-1 Years,1,0-2 Years,Very High,4,16-20%,1,2-5 Years,6–10 Years,2,6,Low,1,5,3,0,4
35,35-44,0,No,Active,0,Travel_Rarely,3-5 Years,809,Research & Development,R & D,11-20,16,3,Bachelor,Medical,EMP-14,Low,1,6-10 Years,Male,84,$0-$3000,Very High,Medium,4,1,Laboratory Technician,2,Married,2426,16479,0,No,Standard,0,13,3,0,0-1 Years,1,0-2 Years,High,3,11-15%,1,2-5 Years,6–10 Years,5,6,High,3,5,4,0,3
35,35-44,0,No,Active,0,Travel_Rarely,3-5 Years,950,Research & Development,R & D,6-10,7,3,Bachelor,Other,EMP-845,High,3,11-20 Years,Male,59,$10000-$15000,High,High,3,3,Manufacturing Director,3,Single,10221,18869,3,No,Standard,0,21,4,9+,0-1 Years,1,0-2 Years,Medium,2,21%+,0,6-10 Years,16–20 Years,3,17,Very High,4,8,5,1,6
35,35-44,0,No,Active,0,Travel_Rarely,3-5 Years,1214,Research & Development,R & D,0-5,1,3,Bachelor,Medical,EMP-105,Medium,2,6-10 Years,Male,30,$0-$3000,Medium,High,2,1,Research Scientist,3,Single,2859,26278,1,No,Standard,0,18,3,1-2,0-1 Years,1,0-2 Years,Low,1,16-20%,0,6-10 Years,6–10 Years,3,6,High,3,6,4,0,4
35,35-44,0,No,Active,0,Travel_Rarely,3-5 Years,1343,Research & Development,R & D,21+,27,1,Below College,Medical,EMP-856,High,3,6-10 Years,Female,53,$0-$3000,Medium,Low,2,1,Research Scientist,1,Single,2559,17852,1,No,Standard,0,11,3,1-2,0-1 Years,1,0-2 Years,Very High,4,11-15%,0,6-10 Years,6–10 Years,3,6,Medium,2,6,5,1,1
35,35-44,0,No,Active,0,Travel_Rarely,3-5 Years,1402,Sales,Sales,21+,28,4,Master,Life Sciences,EMP-1554,Medium,2,6-10 Years,Female,98,$0-$3000,Medium,High,2,1,Sales Representative,3,Married,2430,26204,0,No,Standard,0,23,4,0,4–5 Years,3,3-5 Years,Low,1,21%+,2,2-5 Years,6–10 Years,5,6,High,3,5,3,4,2
35,35-44,0,No,Active,0,Travel_Rarely,6-10 Years,583,Research & Development,R & D,21+,25,4,Master,Medical,EMP-1014,High,3,11-20 Years,Female,57,$10000-$15000,High,High,3,3,Healthcare Representative,3,Divorced,10388,6975,1,Yes,Overtime,1,11,3,1-2,6+ Years,4,6+ Years,High,3,11-15%,1,11+ Years,16–20 Years,3,16,Medium,2,16,10,10,1
35,35-44,0,No,Active,0,Travel_Rarely,6-10 Years,619,Sales,Sales,0-5,1,3,Bachelor,Marketing,EMP-600,Medium,2,11-20 Years,Male,85,$3000-$5000,High,High,3,2,Sales Executive,3,Married,4717,18659,9,No,Standard,0,11,3,9+,6+ Years,4,6+ Years,High,3,11-15%,0,11+ Years,11–15 Years,2,15,High,3,11,9,6,9
35,35-44,0,No,Active,0,Travel_Rarely,6-10 Years,662,Sales,Sales,0-5,1,5,Doctor,Marketing,EMP-204,High,3,6-10 Years,Male,94,$7000-$10000,High,Medium,3,3,Sales Executive,2,Married,7295,11439,1,No,Standard,0,13,3,1-2,0-1 Years,1,0-2 Years,Low,1,11-15%,2,6-10 Years,6–10 Years,3,10,High,3,10,8,0,6
35,35-44,0,No,Active,0,Travel_Rarely,6-10 Years,672,Research & Development,R & D,21+,25,3,Bachelor,Technical Degree,EMP-899,Very High,4,11-20 Years,Male,78,$10000-$15000,Medium,Medium,2,3,Manufacturing Director,2,Married,10903,9129,3,No,Standard,0,16,3,9+,4–5 Years,3,3-5 Years,Low,1,16-20%,0,11+ Years,16–20 Years,2,16,High,3,13,10,4,8
35,35-44,0,No,Active,0,Travel_Rarely,6-10 Years,750,Research & Development,R & D,21+,28,3,Bachelor,Life Sciences,EMP-1596,Medium,2,6-10 Years,Male,46,$3000-$5000,Very High,High,4,2,Laboratory Technician,3,Married,3407,25348,1,No,Standard,0,17,3,1-2,6+ Years,4,6+ Years,Very High,4,16-20%,2,6-10 Years,6–10 Years,3,10,Medium,2,10,9,6,8
35,35-44,0,No,Active,0,Travel_Rarely,6-10 Years,817,Research & Development,R & D,0-5,1,3,Bachelor,Medical,EMP-1369,Very High,4,6-10 Years,Female,60,$5000-$7000,Medium,Very High,2,2,Laboratory Technician,4,Married,5363,10846,0,No,Standard,0,12,3,0,0-1 Years,1,0-2 Years,Medium,2,11-15%,1,6-10 Years,6–10 Years,0,10,High,3,9,7,0,0
35,35-44,0,No,Active,0,Travel_Rarely,6-10 Years,819,Research & Development,R & D,0-5,2,3,Bachelor,Life Sciences,EMP-1182,High,3,11-20 Years,Male,44,$10000-$15000,Medium,Medium,2,3,Manufacturing Director,2,Divorced,10274,19588,2,No,Standard,0,18,3,1-2,6+ Years,4,6+ Years,Medium,2,16-20%,1,6-10 Years,11–15 Years,2,15,Very High,4,7,7,6,4
35,35-44,0,No,Active,0,Travel_Rarely,6-10 Years,882,Sales,Sales,0-5,3,4,Master,Life Sciences,EMP-984,Very High,4,11-20 Years,Male,92,$7000-$10000,High,Very High,3,3,Sales Executive,4,Divorced,7823,6812,6,No,Standard,0,13,3,9+,0-1 Years,1,0-2 Years,Medium,2,11-15%,1,6-10 Years,11–15 Years,2,12,High,3,10,9,0,8
35,35-44,0,No,Active,0,Travel_Rarely,6-10 Years,1029,Research & Development,R & D,11-20,16,3,Bachelor,Life Sciences,EMP-1529,Very High,4,11-20 Years,Female,91,$7000-$10000,Medium,Medium,2,3,Healthcare Representative,2,Single,8606,21195,1,No,Standard,0,19,3,1-2,2–3 Years,2,3-5 Years,Very High,4,16-20%,0,11+ Years,11–15 Years,3,11,Low,1,11,8,3,3
35,35-44,0,No,Active,0,Travel_Rarely,6-10 Years,1137,Research & Development,R & D,21+,21,1,Below College,Life Sciences,EMP-942,Very High,4,6-10 Years,Female,51,$3000-$5000,High,Very High,3,2,Healthcare Representative,4,Married,4014,19170,1,Yes,Overtime,1,25,4,1-2,0-1 Years,1,0-2 Years,Very High,4,21%+,1,6-10 Years,6–10 Years,2,10,Low,1,10,6,0,7
35,35-44,0,No,Active,0,Travel_Rarely,6-10 Years,1224,Sales,Sales,6-10,7,4,Master,Life Sciences,EMP-1962,High,3,6-10 Years,Female,55,$5000-$7000,High,Very High,3,2,Sales Executive,4,Married,5204,13586,1,Yes,Overtime,1,11,3,1-2,0-1 Years,1,0-2 Years,Very High,4,11-15%,0,6-10 Years,6–10 Years,2,10,High,3,10,8,0,9
35,35-44,0,No,Active,0,Travel_Rarely,6-10 Years,1232,Sales,Sales,11-20,16,3,Bachelor,Marketing,EMP-406,High,3,11-20 Years,Male,96,$7000-$10000,High,Medium,3,3,Sales Executive,2,Married,8020,5100,0,No,Standard,0,15,3,0,6+ Years,4,6+ Years,High,3,11-15%,2,11+ Years,11–15 Years,3,12,Medium,2,11,9,6,9
35,35-44,0,No,Active,0,Travel_Rarely,6-10 Years,1276,Research & Development,R & D,11-20,16,3,Bachelor,Life Sciences,EMP-586,Very High,4,6-10 Years,Male,72,$7000-$10000,High,High,3,3,Healthcare Representative,3,Married,7632,14295,4,Yes,Overtime,1,12,3,9+,0-1 Years,1,0-2 Years,High,3,11-15%,0,6-10 Years,6–10 Years,2,10,High,3,8,7,0,0
35,35-44,0,No,Active,0,Travel_Rarely,6-10 Years,1296,Research & Development,R & D,0-5,5,4,Master,Technical Degree,EMP-464,High,3,11-20 Years,Male,62,$7000-$10000,High,Medium,3,3,Manufacturing Director,2,Single,8095,18264,0,No,Standard,0,13,3,0,0-1 Years,1,0-2 Years,Very High,4,11-15%,0,11+ Years,16–20 Years,5,17,High,3,16,6,0,13
35,35-44,0,No,Active,0,Travel_Rarely,6-10 Years,1315,Research & Development,R & D,21+,22,3,Bachelor,Life Sciences,EMP-381,Medium,2,6-10 Years,Female,71,$10000-$15000,Very High,Medium,4,3,Manager,2,Divorced,11996,19100,7,No,Standard,0,18,3,9+,6+ Years,4,6+ Years,Medium,2,16-20%,1,6-10 Years,6–10 Years,6,10,Medium,2,7,7,6,2
35,35-44,0,No,Active,0,Travel_Rarely,6-10 Years,1361,Sales,Sales,11-20,17,4,Master,Life Sciences,EMP-1218,High,3,11-20 Years,Male,94,$7000-$10000,High,Low,3,2,Sales Executive,1,Married,8966,21026,3,Yes,Overtime,1,15,3,9+,0-1 Years,1,0-2 Years,Very High,4,11-15%,3,6-10 Years,11–15 Years,2,15,High,3,7,7,1,7
35,35-44,0,No,Active,0,Travel_Rarely,6-10 Years,1370,Research & Development,R & D,21+,27,4,Master,Life Sciences,EMP-1728,Very High,4,11-20 Years,Male,49,$5000-$7000,High,High,3,2,Manufacturing Director,3,Married,6883,5151,2,No,Standard,0,16,3,1-2,0-1 Years,1,0-2 Years,Medium,2,16-20%,1,6-10 Years,16–20 Years,3,17,High,3,7,7,0,7
35,35-44,0,No,Active,0,Travel_Rarely,6-10 Years,1395,Research & Development,R & D,6-10,9,4,Master,Medical,EMP-2008,Medium,2,6-10 Years,Male,48,$5000-$7000,High,High,3,2,Research Scientist,3,Single,5098,18698,1,No,Standard,0,19,3,1-2,0-1 Years,1,0-2 Years,Medium,2,16-20%,0,6-10 Years,6–10 Years,5,10,High,3,10,7,0,8
35,35-44,1,Yes,Left,1,Travel_Frequently,0-2 Years,130,Research & Development,R & D,21+,25,4,Master,Life Sciences,EMP-881,Very High,4,6-10 Years,Female,96,$0-$3000,High,Medium,3,1,Research Scientist,2,Divorced,2022,16612,1,Yes,Overtime,1,19,3,1-2,6+ Years,4,6+ Years,Low,1,16-20%,1,6-10 Years,6–10 Years,3,10,Medium,2,10,2,7,8
35,35-44,1,Yes,Left,1,Travel_Frequently,0-2 Years,662,Sales,Sales,11-20,18,4,Master,Marketing,EMP-1380,Very High,4,0-5 Years,Female,67,$3000-$5000,High,High,3,2,Sales Executive,3,Married,4614,23288,0,Yes,Overtime,1,18,3,0,2–3 Years,2,3-5 Years,High,3,16-20%,1,2-5 Years,0–5 Years,0,5,Medium,2,4,2,3,2
35,35-44,1,Yes,Left,1,Travel_Frequently,6-10 Years,880,Sales,Sales,11-20,12,4,Master,Other,EMP-1667,Very High,4,11-20 Years,Male,36,$3000-$5000,High,Very High,3,2,Sales Executive,4,Single,4581,10414,3,Yes,Overtime,1,24,4,9+,6+ Years,4,6+ Years,Low,1,21%+,0,11+ Years,11–15 Years,2,13,Very High,4,11,9,6,7
35,35-44,1,Yes,Left,1,Travel_Rarely,0-2 Years,104,Research & Development,R & D,0-5,2,3,Bachelor,Life Sciences,EMP-1569,Low,1,0-5 Years,Female,69,$0-$3000,High,Low,3,1,Laboratory Technician,1,Divorced,2074,26619,1,Yes,Overtime,1,12,3,1-2,0-1 Years,1,0-2 Years,Very High,4,11-15%,1,0-1 Years,0–5 Years,2,1,High,3,1,0,0,0
35,35-44,1,Yes,Left,1,Travel_Rarely,0-2 Years,556,Research & Development,R & D,21+,23,2,College,Life Sciences,EMP-261,Medium,2,6-10 Years,Male,50,$5000-$7000,Medium,High,2,2,Manufacturing Director,3,Married,5916,15497,3,Yes,Overtime,1,13,3,9+,0-1 Years,1,0-2 Years,Low,1,11-15%,0,0-1 Years,6–10 Years,1,8,High,3,1,0,0,1
35,35-44,1,Yes,Left,1,Travel_Rarely,0-2 Years,622,Research & Development,R & D,11-20,14,4,Master,Other,EMP-1010,High,3,0-5 Years,Male,39,$3000-$5000,Medium,Medium,2,1,Laboratory Technician,2,Divorced,3743,10074,1,Yes,Overtime,1,24,4,1-2,0-1 Years,1,0-2 Years,Very High,4,21%+,1,2-5 Years,0–5 Years,2,5,Low,1,4,2,0,2
35,35-44,1,Yes,Left,1,Travel_Rarely,0-2 Years,763,Sales,Sales,11-20,15,2,College,Medical,EMP-1645,Low,1,6-10 Years,Male,59,$5000-$7000,Low,Very High,1,2,Sales Executive,4,Divorced,5440,22098,6,Yes,Overtime,1,14,3,9+,2–3 Years,2,0-2 Years,Very High,4,11-15%,2,2-5 Years,6–10 Years,2,7,Medium,2,2,2,2,2
35,35-44,1,Yes,Left,1,Travel_Rarely,11+ Years,737,Sales,Sales,6-10,10,3,Bachelor,Medical,EMP-1639,Very High,4,11-20 Years,Male,55,$10000-$15000,Medium,Low,2,3,Sales Executive,1,Married,10306,21530,9,No,Standard,0,17,3,9+,6+ Years,4,6+ Years,High,3,16-20%,0,11+ Years,11–15 Years,3,15,High,3,13,12,6,0
35,35-44,1,Yes,Left,1,Travel_Rarely,6-10 Years,303,Sales,Sales,21+,27,3,Bachelor,Life Sciences,EMP-1797,High,3,6-10 Years,Male,84,$5000-$7000,High,Very High,3,2,Sales Executive,4,Single,5813,13492,1,Yes,Overtime,1,18,3,1-2,6+ Years,4,6+ Years,Very High,4,16-20%,0,6-10 Years,6–10 Years,2,10,High,3,10,7,7,7
35,35-44,1,Yes,Left,1,Travel_Rarely,6-10 Years,1204,Sales,Sales,0-5,4,3,Bachelor,Technical Degree,EMP-1100,Very High,4,6-10 Years,Male,86,$7000-$10000,High,Low,3,3,Sales Executive,1,Single,9582,10333,0,Yes,Overtime,1,22,4,0,4–5 Years,3,3-5 Years,Low,1,21%+,0,6-10 Years,6–10 Years,2,9,High,3,8,7,4,7
36,35-44,0,No,Active,0,Non-Travel,0-2 Years,845,Sales,Sales,0-5,1,5,Doctor,Medical,EMP-479,Very High,4,6-10 Years,Female,45,$5000-$7000,High,Very High,3,2,Sales Executive,4,Single,6653,15276,4,No,Standard,0,15,3,9+,0-1 Years,1,0-2 Years,Medium,2,11-15%,0,0-1 Years,6–10 Years,6,7,High,3,1,0,0,0
36,35-44,0,No,Active,0,Non-Travel,0-2 Years,894,Research & Development,R & D,0-5,1,4,Master,Medical,EMP-1662,Very High,4,0-5 Years,Female,33,$3000-$5000,Medium,High,2,2,Manufacturing Director,3,Married,4374,15411,0,No,Standard,0,15,3,0,0-1 Years,1,0-2 Years,High,3,11-15%,0,2-5 Years,0–5 Years,6,4,High,3,3,2,1,2
36,35-44,0,No,Active,0,Non-Travel,11+ Years,301,Sales,Sales,11-20,15,4,Master,Marketing,EMP-2036,Very High,4,11-20 Years,Male,88,$5000-$7000,Low,Very High,1,2,Sales Executive,4,Divorced,5406,10436,1,No,Standard,0,24,4,1-2,6+ Years,4,6+ Years,Low,1,21%+,1,11+ Years,11–15 Years,4,15,Medium,2,15,12,11,11
36,35-44,0,No,Active,0,Non-Travel,3-5 Years,635,Sales,Sales,6-10,10,4,Master,Medical,EMP-592,Medium,2,6-10 Years,Male,32,$7000-$10000,High,Very High,3,3,Sales Executive,4,Single,9980,15318,1,No,Standard,0,14,3,1-2,6+ Years,4,6+ Years,Very High,4,11-15%,0,6-10 Years,6–10 Years,3,10,Medium,2,10,3,9,7
36,35-44,0,No,Active,0,Non-Travel,3-5 Years,1351,Research & Development,R & D,6-10,9,4,Master,Life Sciences,EMP-1949,Low,1,0-5 Years,Male,66,$0-$3000,Very High,Medium,4,1,Laboratory Technician,2,Married,2810,9238,1,No,Standard,0,22,4,1-2,0-1 Years,1,0-2 Years,Medium,2,21%+,0,2-5 Years,0–5 Years,3,5,High,3,5,4,0,2
36,35-44,0,No,Active,0,Non-Travel,6-10 Years,217,Research & Development,R & D,11-20,18,4,Master,Life Sciences,EMP-1133,Low,1,11-20 Years,Male,78,$7000-$10000,High,Very High,3,2,Manufacturing Director,4,Single,7779,23238,2,No,Standard,0,20,4,1-2,0-1 Years,1,0-2 Years,Low,1,16-20%,0,11+ Years,16–20 Years,0,18,High,3,11,9,0,9
36,35-44,0,No,Active,0,Non-Travel,6-10 Years,427,Research & Development,R & D,6-10,8,3,Bachelor,Life Sciences,EMP-742,Low,1,6-10 Years,Female,63,$10000-$15000,Very High,Low,4,3,Research Director,1,Married,11713,20335,9,No,Standard,0,14,3,9+,0-1 Years,1,0-2 Years,Low,1,11-15%,1,6-10 Years,6–10 Years,2,10,High,3,8,7,0,5
36,35-44,0,No,Active,0,Non-Travel,6-10 Years,1105,Research & Development,R & D,21+,24,4,Master,Life Sciences,EMP-419,Medium,2,11-20 Years,Female,47,$5000-$7000,High,Medium,3,2,Laboratory Technician,2,Married,5674,6927,7,No,Standard,0,15,3,9+,0-1 Years,1,0-2 Years,High,3,11-15%,1,6-10 Years,11–15 Years,3,11,High,3,9,8,0,8
36,35-44,0,No,Active,0,Non-Travel,6-10 Years,1229,Sales,Sales,6-10,8,4,Master,Technical Degree,EMP-990,Low,1,11-20 Years,Male,84,$5000-$7000,High,Very High,3,2,Sales Executive,4,Divorced,5079,25952,4,No,Standard,0,13,3,9+,0-1 Years,1,0-2 Years,Very High,4,11-15%,2,6-10 Years,11–15 Years,3,12,High,3,7,7,0,7
36,35-44,0,No,Active,0,Non-Travel,6-10 Years,1434,Sales,Sales,6-10,8,4,Master,Life Sciences,EMP-789,Low,1,6-10 Years,Male,76,$7000-$10000,Medium,Low,2,3,Sales Executive,1,Single,7587,14229,1,No,Standard,0,15,3,1-2,0-1 Years,1,0-2 Years,Medium,2,11-15%,0,6-10 Years,6–10 Years,1,10,High,3,10,7,0,9
36,35-44,0,No,Active,0,Travel_Frequently,0-2 Years,566,Research & Development,R & D,11-20,18,4,Master,Life Sciences,EMP-407,High,3,0-5 Years,Male,81,$3000-$5000,Very High,Very High,4,1,Laboratory Technician,4,Married,3688,7122,4,No,Standard,0,18,3,9+,0-1 Years,1,0-2 Years,Very High,4,16-20%,2,0-1 Years,0–5 Years,2,4,High,3,1,0,0,0
36,35-44,0,No,Active,0,Travel_Frequently,0-2 Years,635,Research & Development,R & D,11-20,18,1,Below College,Medical,EMP-286,Medium,2,6-10 Years,Female,73,$0-$3000,High,Very High,3,1,Laboratory Technician,4,Single,2153,7703,1,No,Standard,0,13,3,1-2,0-1 Years,1,0-2 Years,Low,1,11-15%,0,6-10 Years,6–10 Years,2,8,High,3,8,1,1,7
36,35-44,0,No,Active,0,Travel_Frequently,0-2 Years,688,Research & Development,R & D,0-5,4,2,College,Life Sciences,EMP-2025,Very High,4,11-20 Years,Female,97,$5000-$7000,High,Medium,3,2,Manufacturing Director,2,Divorced,5131,9192,7,No,Standard,0,13,3,9+,0-1 Years,1,0-2 Years,Medium,2,11-15%,3,2-5 Years,16–20 Years,3,18,High,3,4,2,0,2
36,35-44,0,No,Active,0,Travel_Frequently,0-2 Years,884,Research & Development,R & D,21+,23,2,College,Medical,EMP-2061,High,3,11-20 Years,Male,41,$0-$3000,Very High,Very High,4,2,Laboratory Technician,4,Married,2571,12290,4,No,Standard,0,17,3,9+,0-1 Years,1,0-2 Years,High,3,16-20%,1,2-5 Years,16–20 Years,3,17,High,3,5,2,0,3
36,35-44,0,No,Active,0,Travel_Frequently,0-2 Years,1213,Human Resources,HR,0-5,2,1,Below College,Human Resources,EMP-1890,Medium,2,6-10 Years,Male,94,$3000-$5000,Medium,Very High,2,2,Human Resources,4,Single,3886,4223,1,No,Standard,0,21,4,1-2,0-1 Years,1,0-2 Years,Very High,4,21%+,0,6-10 Years,6–10 Years,2,10,Medium,2,10,1,0,8
36,35-44,0,No,Active,0,Travel_Frequently,0-2 Years,1302,Research & Development,R & D,6-10,6,4,Master,Life Sciences,EMP-1594,Low,1,6-10 Years,Male,80,$5000-$7000,Very High,Low,4,2,Laboratory Technician,1,Married,5562,19711,3,Yes,Overtime,1,13,3,9+,0-1 Years,1,0-2 Years,Very High,4,11-15%,1,2-5 Years,6–10 Years,3,9,High,3,3,2,0,2
36,35-44,0,No,Active,0,Travel_Frequently,3-5 Years,1195,Research & Development,R & D,11-20,11,3,Bachelor,Life Sciences,EMP-85,Medium,2,6-10 Years,Male,95,$5000-$7000,Medium,Medium,2,2,Manufacturing Director,2,Single,6499,22656,1,No,Standard,0,13,3,1-2,0-1 Years,1,0-2 Years,High,3,11-15%,0,6-10 Years,6–10 Years,3,6,High,3,6,5,0,3
36,35-44,0,No,Active,0,Travel_Frequently,6-10 Years,469,Research & Development,R & D,0-5,3,3,Bachelor,Technical Degree,EMP-1257,High,3,11-20 Years,Male,46,$3000-$5000,High,Medium,3,1,Research Scientist,2,Married,3692,9256,1,No,Standard,0,12,3,1-2,0-1 Years,1,0-2 Years,High,3,11-15%,0,11+ Years,11–15 Years,2,12,Medium,2,11,10,0,7
36,35-44,0,No,Active,0,Travel_Frequently,6-10 Years,541,Sales,Sales,0-5,3,4,Master,Medical,EMP-481,Low,1,11-20 Years,Male,48,$7000-$10000,Medium,Very High,2,3,Sales Executive,4,Married,9699,7246,4,No,Standard,0,11,3,9+,0-1 Years,1,0-2 Years,Low,1,11-15%,1,11+ Years,16–20 Years,2,16,High,3,13,9,1,12
36,35-44,0,No,Active,0,Travel_Frequently,6-10 Years,607,Sales,Sales,6-10,7,3,Bachelor,Marketing,EMP-1362,Low,1,11-20 Years,Female,83,$3000-$5000,Very High,Low,4,2,Sales Executive,1,Married,4639,2261,2,No,Standard,0,16,3,1-2,6+ Years,4,6+ Years,Very High,4,16-20%,1,11+ Years,16–20 Years,2,17,Medium,2,15,7,6,13
36,35-44,0,No,Active,0,Travel_Frequently,6-10 Years,1467,Sales,Sales,11-20,11,2,College,Technical Degree,EMP-154,Medium,2,6-10 Years,Female,92,$7000-$10000,High,Very High,3,3,Sales Executive,4,Married,9738,22952,0,No,Standard,0,14,3,0,2–3 Years,2,0-2 Years,High,3,11-15%,1,6-10 Years,6–10 Years,6,10,High,3,9,7,2,8
36,35-44,0,No,Active,0,Travel_Frequently,6-10 Years,1480,Research & Development,R & D,0-5,3,2,College,Medical,EMP-238,Very High,4,11-20 Years,Male,30,$0-$3000,High,Medium,3,1,Laboratory Technician,2,Single,2088,15062,4,No,Standard,0,12,3,9+,6+ Years,4,6+ Years,High,3,11-15%,0,6-10 Years,11–15 Years,3,13,Medium,2,8,7,7,2
36,35-44,0,No,Active,0,Travel_Rarely,0-2 Years,132,Research & Development,R & D,6-10,6,3,Bachelor,Life Sciences,EMP-97,Medium,2,0-5 Years,Female,55,$3000-$5000,Very High,Very High,4,1,Laboratory Technician,4,Married,3038,22002,3,No,Standard,0,12,3,9+,0-1 Years,1,0-2 Years,Medium,2,11-15%,0,0-1 Years,0–5 Years,3,5,High,3,1,0,0,0
36,35-44,0,No,Active,0,Travel_Rarely,0-2 Years,188,Research & Development,R & D,6-10,7,4,Master,Other,EMP-949,Medium,2,6-10 Years,Male,65,$3000-$5000,High,Very High,3,1,Research Scientist,4,Single,4678,23293,2,No,Standard,0,18,3,1-2,0-1 Years,1,0-2 Years,High,3,16-20%,0,6-10 Years,6–10 Years,6,8,High,3,6,2,0,1
36,35-44,0,No,Active,0,Travel_Rarely,0-2 Years,216,Research & Development,R & D,6-10,6,2,College,Medical,EMP-178,Medium,2,6-10 Years,Male,84,$3000-$5000,High,Medium,3,2,Manufacturing Director,2,Divorced,4941,2819,6,No,Standard,0,20,4,9+,0-1 Years,1,0-2 Years,Very High,4,16-20%,2,2-5 Years,6–10 Years,0,7,High,3,3,2,0,1
36,35-44,0,No,Active,0,Travel_Rarely,0-2 Years,329,Research & Development,R & D,0-5,2,3,Bachelor,Life Sciences,EMP-501,Very High,4,6-10 Years,Female,96,$0-$3000,High,High,3,1,Research Scientist,3,Married,2543,11868,4,No,Standard,0,13,3,9+,2–3 Years,2,0-2 Years,Medium,2,11-15%,1,2-5 Years,6–10 Years,3,6,High,3,2,2,2,2
36,35-44,0,No,Active,0,Travel_Rarely,0-2 Years,329,Sales,Sales,11-20,16,4,Master,Marketing,EMP-1436,High,3,11-20 Years,Female,98,$5000-$7000,Medium,Low,2,2,Sales Executive,1,Married,5647,13494,4,No,Standard,0,13,3,9+,0-1 Years,1,0-2 Years,Low,1,11-15%,2,2-5 Years,11–15 Years,3,11,Medium,2,3,2,0,2
36,35-44,0,No,Active,0,Travel_Rarely,0-2 Years,335,Sales,Sales,11-20,17,2,College,Marketing,EMP-1908,High,3,11-20 Years,Male,33,$5000-$7000,Medium,Medium,2,2,Sales Executive,2,Married,5507,16822,2,No,Standard,0,16,3,1-2,0-1 Years,1,0-2 Years,High,3,16-20%,2,2-5 Years,11–15 Years,1,12,Low,1,4,2,1,3
36,35-44,0,No,Active,0,Travel_Rarely,0-2 Years,430,Research & Development,R & D,0-5,2,4,Master,Other,EMP-1847,Very High,4,11-20 Years,Female,73,$5000-$7000,High,Medium,3,2,Research Scientist,2,Married,6962,19573,4,Yes,Overtime,1,22,4,9+,0-1 Years,1,0-2 Years,Very High,4,21%+,1,0-1 Years,11–15 Years,2,15,High,3,1,0,0,0
36,35-44,0,No,Active,0,Travel_Rarely,0-2 Years,506,Research & Development,R & D,0-5,3,3,Bachelor,Technical Degree,EMP-397,High,3,6-10 Years,Male,30,$3000-$5000,High,Medium,3,2,Research Scientist,2,Single,4485,26285,4,No,Standard,0,12,3,9+,6+ Years,4,6+ Years,Very High,4,11-15%,0,6-10 Years,6–10 Years,2,10,High,3,8,0,7,7
36,35-44,0,No,Active,0,Travel_Rarely,0-2 Years,559,Research & Development,R & D,11-20,12,4,Master,Life Sciences,EMP-1614,High,3,6-10 Years,Female,76,$3000-$5000,High,High,3,2,Manufacturing Director,3,Married,4663,12421,9,Yes,Overtime,1,12,3,9+,0-1 Years,1,0-2 Years,Medium,2,11-15%,2,2-5 Years,6–10 Years,2,7,High,3,3,2,1,1
36,35-44,0,No,Active,0,Travel_Rarely,0-2 Years,711,Research & Development,R & D,0-5,5,4,Master,Life Sciences,EMP-1651,Medium,2,6-10 Years,Female,42,$7000-$10000,High,Low,3,3,Healthcare Representative,1,Married,8008,22792,4,No,Standard,0,12,3,9+,0-1 Years,1,0-2 Years,High,3,11-15%,2,2-5 Years,6–10 Years,6,9,High,3,3,2,0,2
36,35-44,0,No,Active,0,Travel_Rarely,0-2 Years,852,Research & Development,R & D,0-5,5,4,Master,Life Sciences,EMP-51,Medium,2,6-10 Years,Female,82,$3000-$5000,Medium,Low,2,1,Research Scientist,1,Married,3419,13072,9,Yes,Overtime,1,14,3,9+,0-1 Years,1,0-2 Years,Very High,4,11-15%,1,0-1 Years,6–10 Years,3,6,Very High,4,1,1,0,0
36,35-44,0,No,Active,0,Travel_Rarely,0-2 Years,884,Sales,Sales,0-5,1,4,Master,Life Sciences,EMP-1585,Medium,2,11-20 Years,Female,73,$5000-$7000,High,High,3,2,Sales Executive,3,Single,6815,21447,6,No,Standard,0,13,3,9+,0-1 Years,1,0-2 Years,Low,1,11-15%,0,0-1 Years,11–15 Years,5,15,High,3,1,0,0,0
36,35-44,0,No,Active,0,Travel_Rarely,0-2 Years,913,Research & Development,R & D,6-10,9,2,College,Medical,EMP-699,Medium,2,11-20 Years,Male,48,$7000-$10000,Medium,Medium,2,2,Manufacturing Director,2,Divorced,8847,13934,2,Yes,Overtime,1,11,3,1-2,0-1 Years,1,0-2 Years,High,3,11-15%,1,2-5 Years,11–15 Years,2,13,High,3,3,2,0,2
36,35-44,0,No,Active,0,Travel_Rarely,0-2 Years,922,Research & Development,R & D,0-5,3,2,College,Life Sciences,EMP-155,Low,1,6-10 Years,Female,39,$0-$3000,High,Very High,3,1,Laboratory Technician,4,Divorced,2835,2561,5,No,Standard,0,22,4,9+,0-1 Years,1,0-2 Years,Low,1,21%+,1,0-1 Years,6–10 Years,2,7,High,3,1,0,0,0
36,35-44,0,No,Active,0,Travel_Rarely,0-2 Years,1041,Human Resources,HR,11-20,13,3,Bachelor,Human Resources,EMP-829,High,3,6-10 Years,Male,36,$0-$3000,High,Medium,3,1,Human Resources,2,Married,2143,25527,4,No,Standard,0,13,3,9+,0-1 Years,1,0-2 Years,Medium,2,11-15%,1,2-5 Years,6–10 Years,2,8,High,3,5,2,0,4
36,35-44,0,No,Active,0,Travel_Rarely,0-2 Years,1157,Sales,Sales,0-5,2,4,Master,Life Sciences,EMP-1556,High,3,6-10 Years,Male,70,$0-$3000,High,Very High,3,1,Sales Representative,4,Single,2644,17001,3,Yes,Overtime,1,21,4,9+,0-1 Years,1,0-2 Years,Very High,4,21%+,0,2-5 Years,6–10 Years,3,7,Medium,2,3,2,1,2
36,35-44,0,No,Active,0,Travel_Rarely,0-2 Years,1351,Research & Development,R & D,21+,26,4,Master,Life Sciences,EMP-1682,Low,1,6-10 Years,Male,80,$5000-$7000,High,High,3,2,Healthcare Representative,3,Married,5347,7419,6,No,Standard,0,14,3,9+,0-1 Years,1,0-2 Years,Medium,2,11-15%,2,2-5 Years,6–10 Years,2,10,Medium,2,3,2,0,2
36,35-44,0,No,Active,0,Travel_Rarely,11+ Years,429,Research & Development,R & D,0-5,2,4,Master,Life Sciences,EMP-1294,High,3,11-20 Years,Female,53,$5000-$7000,High,Medium,3,2,Manufacturing Director,2,Single,5410,2323,9,Yes,Overtime,1,11,3,9+,4–5 Years,3,3-5 Years,Very High,4,11-15%,0,11+ Years,16–20 Years,2,18,High,3,16,14,5,12
36,35-44,0,No,Active,0,Travel_Rarely,11+ Years,928,Sales,Sales,0-5,1,2,College,Life Sciences,EMP-857,Medium,2,11-20 Years,Male,56,$5000-$7000,High,Very High,3,2,Sales Executive,4,Married,6201,2823,1,Yes,Overtime,1,14,3,1-2,4–5 Years,3,3-5 Years,Very High,4,11-15%,1,11+ Years,16–20 Years,1,18,Medium,2,18,14,4,11
36,35-44,0,No,Active,0,Travel_Rarely,11+ Years,1223,Research & Development,R & D,6-10,8,3,Bachelor,Technical Degree,EMP-83,High,3,11-20 Years,Female,59,$10000-$15000,High,High,3,3,Healthcare Representative,3,Divorced,10096,8202,1,No,Standard,0,13,3,1-2,6+ Years,4,6+ Years,Medium,2,11-15%,3,11+ Years,16–20 Years,2,17,High,3,17,14,12,8
36,35-44,0,No,Active,0,Travel_Rarely,11+ Years,1396,Research & Development,R & D,0-5,5,2,College,Life Sciences,EMP-304,Very High,4,11-20 Years,Male,62,$5000-$7000,High,Medium,3,2,Laboratory Technician,2,Single,5914,9945,8,No,Standard,0,16,3,9+,2–3 Years,2,3-5 Years,Very High,4,16-20%,0,11+ Years,16–20 Years,3,16,Very High,4,13,11,3,7
36,35-44,0,No,Active,0,Travel_Rarely,11+ Years,1403,Research & Development,R & D,6-10,6,3,Bachelor,Life Sciences,EMP-373,Very High,4,11-20 Years,Male,47,$3000-$5000,High,Very High,3,1,Laboratory Technician,4,Married,3210,20251,0,No,Standard,0,11,3,0,6+ Years,4,6+ Years,High,3,11-15%,1,11+ Years,16–20 Years,4,16,High,3,15,13,10,11
36,35-44,0,No,Active,0,Travel_Rarely,3-5 Years,172,Research & Development,R & D,0-5,4,4,Master,Life Sciences,EMP-1435,Low,1,6-10 Years,Male,37,$5000-$7000,Medium,Very High,2,2,Laboratory Technician,4,Single,5810,22604,1,No,Standard,0,16,3,1-2,0-1 Years,1,0-2 Years,High,3,16-20%,0,6-10 Years,6–10 Years,2,10,Medium,2,10,4,1,8
36,35-44,0,No,Active,0,Travel_Rarely,3-5 Years,311,Research & Development,R & D,6-10,7,3,Bachelor,Life Sciences,EMP-1659,Low,1,11-20 Years,Male,77,$0-$3000,High,Medium,3,1,Laboratory Technician,2,Single,2013,10950,2,No,Standard,0,11,3,1-2,0-1 Years,1,0-2 Years,High,3,11-15%,0,2-5 Years,11–15 Years,4,15,High,3,4,3,1,3
36,35-44,0,No,Active,0,Travel_Rarely,3-5 Years,1040,Research & Development,R & D,0-5,3,2,College,Life Sciences,EMP-1664,Very High,4,11-20 Years,Male,79,$5000-$7000,Very High,Low,4,2,Healthcare Representative,1,Divorced,6842,26308,6,No,Standard,0,20,4,9+,0-1 Years,1,0-2 Years,Low,1,16-20%,1,2-5 Years,11–15 Years,3,13,High,3,5,4,0,4
36,35-44,0,No,Active,0,Travel_Rarely,3-5 Years,1120,Sales,Sales,11-20,11,4,Master,Marketing,EMP-2045,Medium,2,6-10 Years,Female,100,$5000-$7000,Medium,Very High,2,2,Sales Executive,4,Married,6652,14369,4,No,Standard,0,13,3,9+,0-1 Years,1,0-2 Years,Low,1,11-15%,1,6-10 Years,6–10 Years,2,8,Medium,2,6,3,0,0
36,35-44,0,No,Active,0,Travel_Rarely,3-5 Years,1174,Sales,Sales,0-5,3,4,Master,Marketing,EMP-1425,Low,1,11-20 Years,Female,99,$7000-$10000,High,Medium,3,2,Sales Executive,2,Single,9278,20763,3,Yes,Overtime,1,16,3,9+,0-1 Years,1,0-2 Years,Very High,4,16-20%,0,2-5 Years,11–15 Years,3,15,High,3,5,4,0,1
36,35-44,0,No,Active,0,Travel_Rarely,3-5 Years,1278,Human Resources,HR,6-10,8,3,Bachelor,Life Sciences,EMP-878,Low,1,6-10 Years,Male,77,$0-$3000,Medium,Low,2,1,Human Resources,1,Married,2342,8635,0,No,Standard,0,21,4,0,0-1 Years,1,0-2 Years,High,3,21%+,0,2-5 Years,6–10 Years,3,6,High,3,5,4,0,3
36,35-44,0,No,Active,0,Travel_Rarely,6-10 Years,164,Sales,Sales,0-5,2,2,College,Medical,EMP-513,Medium,2,6-10 Years,Male,61,$7000-$10000,Medium,High,2,3,Sales Executive,3,Married,7596,3809,1,No,Standard,0,13,3,1-2,6+ Years,4,6+ Years,Medium,2,11-15%,2,6-10 Years,6–10 Years,2,10,High,3,10,9,9,0
36,35-44,0,No,Active,0,Travel_Rarely,6-10 Years,325,Research & Development,R & D,6-10,10,4,Master,Technical Degree,EMP-1312,Very High,4,6-10 Years,Female,63,$7000-$10000,High,High,3,3,Healthcare Representative,3,Married,7094,5747,3,No,Standard,0,12,3,9+,0-1 Years,1,0-2 Years,Low,1,11-15%,0,6-10 Years,6–10 Years,0,10,High,3,7,7,1,7
36,35-44,0,No,Active,0,Travel_Rarely,6-10 Years,363,Research & Development,R & D,0-5,1,3,Bachelor,Technical Degree,EMP-1237,High,3,11-20 Years,Female,77,$10000-$15000,Low,Low,1,3,Manufacturing Director,1,Divorced,10252,4235,2,Yes,Overtime,1,21,4,1-2,6+ Years,4,6+ Years,High,3,21%+,1,6-10 Years,16–20 Years,2,17,High,3,7,7,7,7
36,35-44,0,No,Active,0,Travel_Rarely,6-10 Years,530,Sales,Sales,0-5,2,4,Master,Life Sciences,EMP-1710,High,3,11-20 Years,Female,51,$3000-$5000,High,Very High,3,2,Sales Representative,4,Single,4502,7439,3,No,Standard,0,15,3,9+,6+ Years,4,6+ Years,High,3,11-15%,0,11+ Years,16–20 Years,2,17,Medium,2,13,7,6,7
36,35-44,0,No,Active,0,Travel_Rarely,6-10 Years,557,Sales,Sales,0-5,3,3,Bachelor,Medical,EMP-2024,Low,1,6-10 Years,Female,94,$7000-$10000,Medium,Very High,2,3,Sales Executive,4,Married,7644,12695,0,No,Standard,0,19,3,0,2–3 Years,2,3-5 Years,High,3,16-20%,2,6-10 Years,6–10 Years,2,10,High,3,9,7,3,4
36,35-44,0,No,Active,0,Travel_Rarely,6-10 Years,676,Research & Development,R & D,0-5,1,3,Bachelor,Other,EMP-823,High,3,6-10 Years,Female,35,$5000-$7000,High,Medium,3,2,Manufacturing Director,2,Married,5228,23361,0,No,Standard,0,15,3,0,0-1 Years,1,0-2 Years,Low,1,11-15%,1,6-10 Years,6–10 Years,2,10,High,3,9,7,0,5
36,35-44,0,No,Active,0,Travel_Rarely,6-10 Years,796,Research & Development,R & D,11-20,12,5,Doctor,Medical,EMP-1073,Very High,4,11-20 Years,Female,51,$7000-$10000,Medium,Very High,2,3,Manufacturing Director,4,Single,8858,15669,0,No,Standard,0,11,3,0,6+ Years,4,6+ Years,Medium,2,11-15%,0,11+ Years,11–15 Years,2,15,Medium,2,14,8,7,8
36,35-44,0,No,Active,0,Travel_Rarely,6-10 Years,917,Research & Development,R & D,6-10,6,4,Master,Life Sciences,EMP-1221,High,3,6-10 Years,Male,60,$0-$3000,Low,High,1,1,Laboratory Technician,3,Divorced,2741,6865,1,No,Standard,0,14,3,1-2,0-1 Years,1,0-2 Years,High,3,11-15%,1,6-10 Years,6–10 Years,4,7,High,3,7,7,1,7
36,35-44,0,No,Active,0,Travel_Rarely,6-10 Years,938,Research & Development,R & D,0-5,2,4,Master,Medical,EMP-958,High,3,11-20 Years,Male,79,$0-$3000,High,High,3,1,Laboratory Technician,3,Single,2519,12287,4,No,Standard,0,21,4,9+,2–3 Years,2,3-5 Years,High,3,21%+,0,11+ Years,16–20 Years,6,16,High,3,11,8,3,9
36,35-44,0,No,Active,0,Travel_Rarely,6-10 Years,1266,Sales,Sales,6-10,10,4,Master,Technical Degree,EMP-1880,Medium,2,6-10 Years,Female,63,$5000-$7000,Medium,High,2,2,Sales Executive,3,Married,5673,6060,1,Yes,Overtime,1,13,3,1-2,0-1 Years,1,0-2 Years,Low,1,11-15%,1,6-10 Years,6–10 Years,4,10,High,3,10,9,1,7
36,35-44,0,No,Active,0,Travel_Rarely,6-10 Years,1299,Research & Development,R & D,21+,27,3,Bachelor,Medical,EMP-13,High,3,11-20 Years,Male,94,$5000-$7000,High,High,3,2,Healthcare Representative,3,Married,5237,16577,6,No,Standard,0,13,3,9+,6+ Years,4,6+ Years,Medium,2,11-15%,2,6-10 Years,16–20 Years,3,17,Medium,2,7,7,7,7
36,35-44,0,No,Active,0,Travel_Rarely,6-10 Years,1383,Research & Development,R & D,6-10,10,3,Bachelor,Life Sciences,EMP-1790,Very High,4,11-20 Years,Male,90,$7000-$10000,High,Low,3,3,Healthcare Representative,1,Married,8321,25949,7,Yes,Overtime,1,13,3,9+,4–5 Years,3,3-5 Years,Very High,4,11-15%,1,11+ Years,11–15 Years,1,15,High,3,12,8,5,7
36,35-44,0,No,Active,0,Travel_Rarely,6-10 Years,1425,Research & Development,R & D,11-20,14,1,Below College,Life Sciences,EMP-924,High,3,11-20 Years,Male,68,$5000-$7000,High,Very High,3,2,Healthcare Representative,4,Married,6586,4821,0,Yes,Overtime,1,17,3,0,4–5 Years,3,3-5 Years,Low,1,16-20%,1,11+ Years,16–20 Years,2,17,Medium,2,16,8,4,11
36,35-44,1,Yes,Left,1,Travel_Rarely,0-2 Years,318,Research & Development,R & D,6-10,9,3,Bachelor,Medical,EMP-90,Very High,4,0-5 Years,Male,79,$3000-$5000,Medium,High,2,1,Research Scientist,3,Married,3388,21777,0,Yes,Overtime,1,17,3,0,0-1 Years,1,0-2 Years,Low,1,16-20%,1,0-1 Years,0–5 Years,0,2,Medium,2,1,0,0,0
36,35-44,1,Yes,Left,1,Travel_Rarely,0-2 Years,660,Research & Development,R & D,11-20,15,3,Bachelor,Other,EMP-1052,Low,1,6-10 Years,Male,81,$3000-$5000,High,High,3,2,Laboratory Technician,3,Divorced,4834,7858,7,No,Standard,0,14,3,9+,0-1 Years,1,0-2 Years,Medium,2,11-15%,1,0-1 Years,6–10 Years,3,9,Medium,2,1,0,0,0
36,35-44,1,Yes,Left,1,Travel_Rarely,0-2 Years,1456,Sales,Sales,11-20,13,5,Doctor,Marketing,EMP-1733,Medium,2,11-20 Years,Male,96,$5000-$7000,Medium,Low,2,2,Sales Executive,1,Divorced,6134,8658,5,Yes,Overtime,1,13,3,9+,2–3 Years,2,0-2 Years,Medium,2,11-15%,3,2-5 Years,16–20 Years,3,16,High,3,2,2,2,2
36,35-44,1,Yes,Left,1,Travel_Rarely,11+ Years,885,Research & Development,R & D,11-20,16,4,Master,Life Sciences,EMP-1042,High,3,11-20 Years,Female,43,$0-$3000,Very High,Low,4,1,Laboratory Technician,1,Single,2743,8269,1,No,Standard,0,16,3,1-2,6+ Years,4,6+ Years,High,3,16-20%,0,11+ Years,16–20 Years,1,18,High,3,17,13,15,14
36,35-44,1,Yes,Left,1,Travel_Rarely,3-5 Years,1218,Sales,Sales,6-10,9,4,Master,Life Sciences,EMP-27,High,3,6-10 Years,Male,82,$3000-$5000,Medium,Low,2,1,Sales Representative,1,Single,3407,6986,7,No,Standard,0,23,4,9+,0-1 Years,1,0-2 Years,Medium,2,21%+,0,2-5 Years,6–10 Years,4,10,High,3,5,3,0,3
36,35-44,1,Yes,Left,1,Travel_Rarely,6-10 Years,530,Sales,Sales,0-5,3,1,Below College,Life Sciences,EMP-967,High,3,11-20 Years,Male,51,$10000-$15000,Medium,Very High,2,3,Sales Executive,4,Married,10325,5518,1,Yes,Overtime,1,11,3,1-2,2–3 Years,2,3-5 Years,Low,1,11-15%,1,11+ Years,16–20 Years,6,16,High,3,16,7,3,7
37,35-44,0,No,Active,0,Non-Travel,0-2 Years,728,Research & Development,R & D,0-5,1,4,Master,Medical,EMP-380,Low,1,11-20 Years,Female,80,$10000-$15000,High,Very High,3,3,Research Director,4,Divorced,13603,11677,2,Yes,Overtime,1,18,3,1-2,0-1 Years,1,0-2 Years,Low,1,16-20%,2,2-5 Years,11–15 Years,2,15,High,3,5,2,0,2
37,35-44,0,No,Active,0,Non-Travel,0-2 Years,1040,Research & Development,R & D,0-5,2,2,College,Life Sciences,EMP-139,High,3,11-20 Years,Male,100,$5000-$7000,Medium,Very High,2,2,Healthcare Representative,4,Divorced,5163,15850,5,No,Standard,0,14,3,9+,0-1 Years,1,0-2 Years,Very High,4,11-15%,1,0-1 Years,16–20 Years,2,17,Very High,4,1,0,0,0
37,35-44,0,No,Active,0,Non-Travel,0-2 Years,1252,Sales,Sales,11-20,19,2,College,Medical,EMP-904,Low,1,6-10 Years,Male,32,$7000-$10000,High,Medium,3,3,Sales Executive,2,Single,7642,4814,1,Yes,Overtime,1,13,3,1-2,0-1 Years,1,0-2 Years,Very High,4,11-15%,0,6-10 Years,6–10 Years,2,10,High,3,10,0,0,9
37,35-44,0,No,Active,0,Non-Travel,11+ Years,1063,Research & Development,R & D,21+,25,5,Doctor,Medical,EMP-529,Medium,2,11-20 Years,Female,72,$3000-$5000,High,High,3,2,Research Scientist,3,Married,4449,23866,3,Yes,Overtime,1,15,3,9+,6+ Years,4,6+ Years,Low,1,11-15%,2,11+ Years,11–15 Years,2,15,High,3,13,11,10,7
37,35-44,0,No,Active,0,Non-Travel,3-5 Years,142,Sales,Sales,6-10,9,4,Master,Medical,EMP-626,Low,1,6-10 Years,Male,69,$7000-$10000,High,Medium,3,3,Sales Executive,2,Divorced,8834,24666,1,No,Standard,0,13,3,1-2,6+ Years,4,6+ Years,Very High,4,11-15%,1,6-10 Years,6–10 Years,6,9,High,3,9,5,7,7
37,35-44,0,No,Active,0,Non-Travel,3-5 Years,1413,Research & Development,R & D,0-5,5,2,College,Technical Degree,EMP-1440,High,3,6-10 Years,Male,84,$3000-$5000,Very High,High,4,1,Laboratory Technician,3,Single,3500,25470,0,No,Standard,0,14,3,0,0-1 Years,1,0-2 Years,Low,1,11-15%,0,6-10 Years,6–10 Years,2,7,Low,1,6,5,1,3
37,35-44,0,No,Active,0,Travel_Frequently,0-2 Years,889,Research & Development,R & D,6-10,9,3,Bachelor,Medical,EMP-403,Medium,2,0-5 Years,Male,53,$0-$3000,High,Very High,3,1,Research Scientist,4,Married,2326,11411,1,Yes,Overtime,1,12,3,1-2,0-1 Years,1,0-2 Years,High,3,11-15%,3,2-5 Years,0–5 Years,3,4,Medium,2,4,2,1,2
37,35-44,0,No,Active,0,Travel_Frequently,3-5 Years,1231,Sales,Sales,21+,21,2,College,Medical,EMP-900,High,3,6-10 Years,Female,54,$0-$3000,High,Very High,3,1,Sales Representative,4,Married,2973,21222,5,No,Standard,0,15,3,9+,0-1 Years,1,0-2 Years,Medium,2,11-15%,1,2-5 Years,6–10 Years,3,10,High,3,5,4,0,0
37,35-44,0,No,Active,0,Travel_Frequently,3-5 Years,1278,Sales,Sales,0-5,1,4,Master,Medical,EMP-1700,High,3,6-10 Years,Male,31,$7000-$10000,Low,Very High,1,2,Sales Executive,4,Divorced,9525,7677,1,No,Standard,0,14,3,1-2,0-1 Years,1,0-2 Years,High,3,11-15%,2,6-10 Years,6–10 Years,2,6,Medium,2,6,3,1,3
37,35-44,0,No,Active,0,Travel_Frequently,6-10 Years,319,Sales,Sales,0-5,4,4,Master,Marketing,EMP-311,Low,1,11-20 Years,Male,41,$0-$3000,High,Very High,3,1,Sales Representative,4,Divorced,2793,2539,4,No,Standard,0,17,3,9+,4–5 Years,3,3-5 Years,High,3,16-20%,1,6-10 Years,11–15 Years,2,13,High,3,9,8,5,8
37,35-44,0,No,Active,0,Travel_Frequently,6-10 Years,663,Research & Development,R & D,11-20,11,3,Bachelor,Other,EMP-306,Medium,2,6-10 Years,Male,47,$10000-$15000,High,Very High,3,3,Research Director,4,Divorced,12185,10056,1,Yes,Overtime,1,14,3,1-2,0-1 Years,1,0-2 Years,High,3,11-15%,3,6-10 Years,6–10 Years,1,10,High,3,10,8,0,7
37,35-44,0,No,Active,0,Travel_Rarely,0-2 Years,309,Sales,Sales,6-10,10,4,Master,Life Sciences,EMP-1105,Very High,4,6-10 Years,Female,88,$5000-$7000,Medium,Very High,2,2,Sales Executive,4,Divorced,6694,24223,2,Yes,Overtime,1,14,3,1-2,0-1 Years,1,0-2 Years,High,3,11-15%,3,0-1 Years,6–10 Years,5,8,High,3,1,0,0,0
37,35-44,0,No,Active,0,Travel_Rarely,0-2 Years,342,Sales,Sales,11-20,16,4,Master,Marketing,EMP-868,Very High,4,6-10 Years,Male,66,$5000-$7000,Medium,High,2,2,Sales Executive,3,Divorced,6334,24558,4,No,Standard,0,19,3,9+,0-1 Years,1,0-2 Years,Very High,4,16-20%,2,0-1 Years,6–10 Years,2,9,High,3,1,0,0,0
37,35-44,0,No,Active,0,Travel_Rarely,0-2 Years,367,Research & Development,R & D,21+,25,2,College,Medical,EMP-1161,High,3,6-10 Years,Female,52,$5000-$7000,Medium,Very High,2,2,Healthcare Representative,4,Divorced,5731,17171,7,No,Standard,0,13,3,9+,0-1 Years,1,0-2 Years,High,3,11-15%,2,6-10 Years,6–10 Years,2,9,High,3,6,2,1,3
37,35-44,0,No,Active,0,Travel_Rarely,0-2 Years,397,Research & Development,R & D,6-10,7,4,Master,Medical,EMP-102,Low,1,11-20 Years,Male,30,$10000-$15000,High,High,3,3,Research Director,3,Single,13664,25258,4,No,Standard,0,13,3,9+,0-1 Years,1,0-2 Years,Low,1,11-15%,0,2-5 Years,16–20 Years,3,16,Very High,4,5,2,0,2
37,35-44,0,No,Active,0,Travel_Rarely,0-2 Years,408,Research & Development,R & D,11-20,19,2,College,Life Sciences,EMP-61,Medium,2,6-10 Years,Male,73,$3000-$5000,High,Medium,3,1,Research Scientist,2,Married,3022,10227,4,No,Standard,0,21,4,9+,0-1 Years,1,0-2 Years,Low,1,21%+,0,0-1 Years,6–10 Years,1,8,High,3,1,0,0,0
37,35-44,0,No,Active,0,Travel_Rarely,0-2 Years,558,Sales,Sales,0-5,2,3,Bachelor,Marketing,EMP-656,Very High,4,11-20 Years,Male,75,$7000-$10000,High,High,3,2,Sales Executive,3,Married,9602,3010,4,Yes,Overtime,1,11,3,9+,0-1 Years,1,0-2 Years,High,3,11-15%,1,2-5 Years,16–20 Years,3,17,Medium,2,3,0,1,0
37,35-44,0,No,Active,0,Travel_Rarely,0-2 Years,589,Sales,Sales,6-10,9,2,College,Marketing,EMP-1787,Medium,2,0-5 Years,Male,46,$3000-$5000,Medium,Medium,2,2,Sales Executive,2,Married,4189,8800,1,No,Standard,0,14,3,1-2,0-1 Years,1,0-2 Years,Low,1,11-15%,2,2-5 Years,0–5 Years,2,5,High,3,5,2,0,3
37,35-44,0,No,Active,0,Travel_Rarely,0-2 Years,1017,Research & Development,R & D,0-5,1,2,College,Medical,EMP-340,High,3,11-20 Years,Female,83,$3000-$5000,Medium,Low,2,1,Research Scientist,1,Married,3920,18697,2,No,Standard,0,14,3,1-2,0-1 Years,1,0-2 Years,Low,1,11-15%,1,2-5 Years,16–20 Years,2,17,Medium,2,3,1,0,2
37,35-44,0,No,Active,0,Travel_Rarely,0-2 Years,1192,Research & Development,R & D,0-5,5,2,College,Medical,EMP-460,Very High,4,6-10 Years,Male,61,$5000-$7000,High,Very High,3,2,Manufacturing Director,4,Divorced,6347,23177,7,No,Standard,0,16,3,9+,0-1 Years,1,0-2 Years,High,3,16-20%,2,6-10 Years,6–10 Years,2,8,Medium,2,6,2,0,4
37,35-44,0,No,Active,0,Travel_Rarely,0-2 Years,1225,Research & Development,R & D,6-10,10,2,College,Life Sciences,EMP-715,Very High,4,0-5 Years,Male,80,$3000-$5000,Very High,Very High,4,1,Research Scientist,4,Single,4680,15232,3,No,Standard,0,17,3,9+,0-1 Years,1,0-2 Years,Low,1,16-20%,0,0-1 Years,0–5 Years,2,4,High,3,1,0,0,0
37,35-44,0,No,Active,0,Travel_Rarely,0-2 Years,1239,Human Resources,HR,6-10,8,2,College,Other,EMP-1794,High,3,11-20 Years,Male,89,$3000-$5000,High,Medium,3,2,Human Resources,2,Divorced,4071,12832,2,No,Standard,0,13,3,1-2,4–5 Years,3,3-5 Years,High,3,11-15%,0,6-10 Years,16–20 Years,4,19,Medium,2,10,0,4,7
37,35-44,0,No,Active,0,Travel_Rarely,0-2 Years,1305,Research & Development,R & D,6-10,10,4,Master,Life Sciences,EMP-518,High,3,11-20 Years,Male,49,$3000-$5000,High,Medium,3,2,Manufacturing Director,2,Single,4197,21123,2,Yes,Overtime,1,12,3,1-2,0-1 Years,1,0-2 Years,Very High,4,11-15%,0,0-1 Years,16–20 Years,2,18,Medium,2,1,0,0,1
37,35-44,0,No,Active,0,Travel_Rarely,0-2 Years,1462,Research & Development,R & D,11-20,11,3,Bachelor,Medical,EMP-1411,Low,1,6-10 Years,Female,94,$3000-$5000,High,High,3,1,Laboratory Technician,3,Single,3629,19106,4,No,Standard,0,18,3,9+,0-1 Years,1,0-2 Years,Low,1,16-20%,0,2-5 Years,6–10 Years,6,8,High,3,3,2,0,2
37,35-44,0,No,Active,0,Travel_Rarely,11+ Years,161,Research & Development,R & D,6-10,10,3,Bachelor,Life Sciences,EMP-2017,High,3,11-20 Years,Female,42,$10000-$15000,Very High,Very High,4,3,Research Director,4,Married,13744,15471,1,Yes,Overtime,1,25,4,1-2,6+ Years,4,6+ Years,Low,1,21%+,1,11+ Years,16–20 Years,2,16,High,3,16,11,6,8
37,35-44,0,No,Active,0,Travel_Rarely,11+ Years,1372,Research & Development,R & D,0-5,1,3,Bachelor,Life Sciences,EMP-391,Very High,4,11-20 Years,Female,42,$0-$3000,High,Very High,3,1,Research Scientist,4,Single,2115,15881,1,No,Standard,0,12,3,1-2,4–5 Years,3,3-5 Years,Medium,2,11-15%,0,11+ Years,16–20 Years,3,17,High,3,17,12,5,7
37,35-44,0,No,Active,0,Travel_Rarely,3-5 Years,124,Research & Development,R & D,0-5,3,3,Bachelor,Other,EMP-1062,Very High,4,6-10 Years,Female,35,$3000-$5000,High,Medium,3,2,Healthcare Representative,2,Single,4107,13848,3,No,Standard,0,15,3,9+,0-1 Years,1,0-2 Years,Low,1,11-15%,0,2-5 Years,6–10 Years,3,8,Medium,2,4,3,0,1
37,35-44,0,No,Active,0,Travel_Rarely,3-5 Years,228,Sales,Sales,6-10,6,4,Master,Medical,EMP-378,High,3,6-10 Years,Male,98,$5000-$7000,High,Very High,3,2,Sales Executive,4,Married,6502,22825,4,No,Standard,0,14,3,9+,0-1 Years,1,0-2 Years,Medium,2,11-15%,1,2-5 Years,6–10 Years,5,7,Very High,4,5,4,0,1
37,35-44,0,No,Active,0,Travel_Rarely,3-5 Years,446,Research & Development,R & D,0-5,1,4,Master,Life Sciences,EMP-635,Medium,2,6-10 Years,Female,65,$5000-$7000,High,Medium,3,2,Manufacturing Director,2,Married,6447,15701,6,No,Standard,0,12,3,9+,4–5 Years,3,3-5 Years,Medium,2,11-15%,1,6-10 Years,6–10 Years,2,8,Medium,2,6,5,4,3
37,35-44,0,No,Active,0,Travel_Rarely,3-5 Years,571,Research & Development,R & D,6-10,10,1,Below College,Life Sciences,EMP-802,Very High,4,6-10 Years,Female,82,$0-$3000,High,Low,3,1,Research Scientist,1,Divorced,2782,19905,0,Yes,Overtime,1,13,3,0,4–5 Years,3,3-5 Years,Medium,2,11-15%,2,2-5 Years,6–10 Years,3,6,Medium,2,5,3,4,3
37,35-44,0,No,Active,0,Travel_Rarely,3-5 Years,671,Research & Development,R & D,11-20,19,3,Bachelor,Life Sciences,EMP-1631,High,3,6-10 Years,Male,85,$5000-$7000,High,High,3,2,Manufacturing Director,3,Married,5768,26493,3,No,Standard,0,17,3,9+,0-1 Years,1,0-2 Years,Low,1,16-20%,3,2-5 Years,6–10 Years,2,9,Medium,2,4,3,0,2
37,35-44,0,No,Active,0,Travel_Rarely,3-5 Years,783,Research & Development,R & D,6-10,7,4,Master,Medical,EMP-1885,Very High,4,11-20 Years,Male,78,$3000-$5000,High,Low,3,2,Research Scientist,1,Married,4284,13588,5,Yes,Overtime,1,22,4,9+,0-1 Years,1,0-2 Years,High,3,21%+,1,2-5 Years,16–20 Years,2,16,High,3,5,3,0,4
37,35-44,0,No,Active,0,Travel_Rarely,3-5 Years,799,Research & Development,R & D,0-5,1,3,Bachelor,Technical Degree,EMP-623,Medium,2,11-20 Years,Female,59,$7000-$10000,High,Very High,3,3,Manufacturing Director,4,Single,7491,23848,4,No,Standard,0,17,3,9+,0-1 Years,1,0-2 Years,Very High,4,16-20%,0,6-10 Years,11–15 Years,3,12,Very High,4,6,5,1,2
37,35-44,0,No,Active,0,Travel_Rarely,3-5 Years,921,Research & Development,R & D,6-10,10,3,Bachelor,Medical,EMP-486,High,3,11-20 Years,Female,98,$3000-$5000,High,Low,3,1,Laboratory Technician,1,Married,3452,17663,6,No,Standard,0,20,4,9+,0-1 Years,1,0-2 Years,Medium,2,16-20%,1,2-5 Years,16–20 Years,3,17,High,3,5,4,0,3
37,35-44,0,No,Active,0,Travel_Rarely,3-5 Years,1115,Research & Development,R & D,0-5,1,4,Master,Life Sciences,EMP-77,Low,1,6-10 Years,Male,51,$5000-$7000,Medium,High,2,2,Manufacturing Director,3,Divorced,5993,2689,1,No,Standard,0,18,3,1-2,0-1 Years,1,0-2 Years,High,3,16-20%,1,6-10 Years,6–10 Years,2,7,Very High,4,7,5,0,7
37,35-44,0,No,Active,0,Travel_Rarely,3-5 Years,1189,Sales,Sales,0-5,3,3,Bachelor,Life Sciences,EMP-152,High,3,11-20 Years,Male,87,$7000-$10000,High,Very High,3,3,Sales Executive,4,Single,7428,14506,2,No,Standard,0,12,3,1-2,0-1 Years,1,0-2 Years,Low,1,11-15%,0,2-5 Years,11–15 Years,3,12,High,3,5,3,1,3
37,35-44,0,No,Active,0,Travel_Rarely,3-5 Years,1439,Research & Development,R & D,0-5,4,1,Below College,Life Sciences,EMP-1394,High,3,6-10 Years,Male,54,$0-$3000,High,High,3,1,Research Scientist,3,Married,2996,5182,7,Yes,Overtime,1,15,3,9+,0-1 Years,1,0-2 Years,Very High,4,11-15%,0,6-10 Years,6–10 Years,2,8,High,3,6,4,1,3
37,35-44,0,No,Active,0,Travel_Rarely,3-5 Years,1470,Research & Development,R & D,6-10,10,3,Bachelor,Medical,EMP-1640,Medium,2,6-10 Years,Female,71,$3000-$5000,High,Medium,3,1,Research Scientist,2,Married,3936,9953,1,No,Standard,0,11,3,1-2,6+ Years,4,6+ Years,Low,1,11-15%,1,6-10 Years,6–10 Years,2,8,Low,1,8,4,7,7
37,35-44,0,No,Active,0,Travel_Rarely,6-10 Years,290,Research & Development,R & D,21+,21,3,Bachelor,Life Sciences,EMP-267,Medium,2,6-10 Years,Male,65,$3000-$5000,Very High,Low,4,1,Research Scientist,1,Married,3564,22977,1,Yes,Overtime,1,12,3,1-2,0-1 Years,1,0-2 Years,Low,1,11-15%,1,6-10 Years,6–10 Years,3,8,Medium,2,8,7,1,7
37,35-44,0,No,Active,0,Travel_Rarely,6-10 Years,482,Research & Development,R & D,0-5,3,3,Bachelor,Other,EMP-689,High,3,6-10 Years,Male,36,$7000-$10000,High,High,3,3,Manufacturing Director,3,Married,9434,9606,1,No,Standard,0,15,3,1-2,6+ Years,4,6+ Years,High,3,11-15%,1,6-10 Years,6–10 Years,2,10,High,3,10,7,7,8
37,35-44,0,No,Active,0,Travel_Rarely,6-10 Years,674,Research & Development,R & D,11-20,13,3,Bachelor,Medical,EMP-1543,Low,1,6-10 Years,Male,47,$3000-$5000,High,Very High,3,2,Research Scientist,4,Married,4285,3031,1,No,Standard,0,17,3,1-2,2–3 Years,2,3-5 Years,Low,1,16-20%,0,6-10 Years,6–10 Years,2,10,High,3,10,8,3,7
37,35-44,0,No,Active,0,Travel_Rarely,6-10 Years,977,Research & Development,R & D,0-5,1,3,Bachelor,Life Sciences,EMP-1196,Very High,4,11-20 Years,Female,56,$5000-$7000,Medium,Very High,2,2,Manufacturing Director,4,Married,6474,9961,1,No,Standard,0,13,3,1-2,2–3 Years,2,3-5 Years,Medium,2,11-15%,1,11+ Years,11–15 Years,2,14,Medium,2,14,8,3,11
37,35-44,0,No,Active,0,Travel_Rarely,6-10 Years,1107,Research & Development,R & D,11-20,14,3,Bachelor,Life Sciences,EMP-515,Very High,4,11-20 Years,Female,95,$3000-$5000,High,Low,3,1,Laboratory Technician,1,Divorced,3034,26914,1,No,Standard,0,12,3,1-2,6+ Years,4,6+ Years,High,3,11-15%,1,11+ Years,16–20 Years,2,18,Medium,2,18,7,12,17
37,35-44,0,No,Active,0,Travel_Rarely,6-10 Years,1319,Research & Development,R & D,6-10,6,3,Bachelor,Medical,EMP-474,High,3,11-20 Years,Male,51,$5000-$7000,Very High,Low,4,2,Research Scientist,1,Divorced,5974,17001,4,Yes,Overtime,1,13,3,9+,6+ Years,4,6+ Years,Low,1,11-15%,2,6-10 Years,11–15 Years,2,13,High,3,7,7,6,7
37,35-44,1,Yes,Left,1,Travel_Frequently,0-2 Years,504,Research & Development,R & D,6-10,10,3,Bachelor,Medical,EMP-342,Low,1,11-20 Years,Male,61,$10000-$15000,High,High,3,3,Manufacturing Director,3,Divorced,10048,22573,6,No,Standard,0,11,3,9+,0-1 Years,1,0-2 Years,Medium,2,11-15%,2,0-1 Years,16–20 Years,5,17,High,3,1,0,0,0
37,35-44,1,Yes,Left,1,Travel_Rarely,0-2 Years,625,Sales,Sales,0-5,1,4,Master,Life Sciences,EMP-970,Low,1,11-20 Years,Male,46,$10000-$15000,Medium,High,2,3,Sales Executive,3,Married,10609,14922,5,No,Standard,0,11,3,9+,6+ Years,4,6+ Years,High,3,11-15%,0,11+ Years,16–20 Years,2,17,Low,1,14,1,11,7
37,35-44,1,Yes,Left,1,Travel_Rarely,0-2 Years,807,Human Resources,HR,6-10,6,4,Master,Human Resources,EMP-133,High,3,6-10 Years,Male,63,$0-$3000,High,Low,3,1,Human Resources,1,Divorced,2073,23648,4,Yes,Overtime,1,22,4,9+,0-1 Years,1,0-2 Years,Very High,4,21%+,0,2-5 Years,6–10 Years,3,7,High,3,3,2,0,2
37,35-44,1,Yes,Left,1,Travel_Rarely,0-2 Years,1141,Research & Development,R & D,11-20,11,2,College,Medical,EMP-1033,Low,1,11-20 Years,Female,61,$3000-$5000,Low,Medium,1,2,Healthcare Representative,2,Married,4777,14382,5,No,Standard,0,15,3,9+,0-1 Years,1,0-2 Years,Low,1,11-15%,0,0-1 Years,11–15 Years,2,15,Low,1,1,0,0,0
37,35-44,1,Yes,Left,1,Travel_Rarely,0-2 Years,1373,Research & Development,R & D,0-5,2,2,College,Other,EMP-4,Very High,4,6-10 Years,Male,92,$0-$3000,Medium,High,2,1,Laboratory Technician,3,Single,2090,2396,6,Yes,Overtime,1,15,3,9+,0-1 Years,1,0-2 Years,Medium,2,11-15%,0,0-1 Years,6–10 Years,3,7,High,3,0,0,0,0
37,35-44,1,Yes,Left,1,Travel_Rarely,3-5 Years,370,Research & Development,R & D,6-10,10,4,Master,Medical,EMP-1809,Very High,4,6-10 Years,Male,58,$3000-$5000,High,Low,3,2,Manufacturing Director,1,Single,4213,4992,1,No,Standard,0,15,3,1-2,0-1 Years,1,0-2 Years,Medium,2,11-15%,0,6-10 Years,6–10 Years,4,10,Low,1,10,3,0,8
38,35-44,0,No,Active,0,Non-Travel,11+ Years,573,Research & Development,R & D,6-10,6,3,Bachelor,Medical,EMP-107,Medium,2,11-20 Years,Female,79,$5000-$7000,Low,Very High,1,2,Research Scientist,4,Divorced,5329,15717,7,Yes,Overtime,1,12,3,9+,0-1 Years,1,0-2 Years,Very High,4,11-15%,3,11+ Years,16–20 Years,3,17,High,3,13,11,1,9
38,35-44,0,No,Active,0,Non-Travel,3-5 Years,152,Sales,Sales,6-10,10,3,Bachelor,Technical Degree,EMP-983,High,3,6-10 Years,Female,85,$5000-$7000,High,Very High,3,2,Sales Executive,4,Single,5666,19899,1,Yes,Overtime,1,13,3,1-2,0-1 Years,1,0-2 Years,Medium,2,11-15%,0,2-5 Years,6–10 Years,1,6,High,3,5,3,1,3
38,35-44,0,No,Active,0,Non-Travel,6-10 Years,1327,Sales,Sales,0-5,2,2,College,Life Sciences,EMP-361,Very High,4,11-20 Years,Male,39,$5000-$7000,Medium,Very High,2,2,Sales Executive,4,Married,5249,19682,3,No,Standard,0,18,3,9+,6+ Years,4,6+ Years,Very High,4,16-20%,1,6-10 Years,11–15 Years,0,13,High,3,8,7,7,5
38,35-44,0,No,Active,0,Non-Travel,6-10 Years,1336,Human Resources,HR,0-5,2,3,Bachelor,Human Resources,EMP-1805,Low,1,11-20 Years,Male,100,$0-$3000,High,Medium,3,1,Human Resources,2,Divorced,2592,7129,5,No,Standard,0,13,3,9+,2–3 Years,2,3-5 Years,Very High,4,11-15%,3,11+ Years,11–15 Years,3,13,High,3,11,10,3,8
38,35-44,0,No,Active,0,Travel_Frequently,0-2 Years,594,Research & Development,R & D,0-5,2,2,College,Medical,EMP-1760,High,3,6-10 Years,Female,75,$0-$3000,Medium,Medium,2,1,Laboratory Technician,2,Married,2468,15963,4,No,Standard,0,14,3,9+,0-1 Years,1,0-2 Years,Medium,2,11-15%,1,6-10 Years,6–10 Years,4,9,Medium,2,6,1,0,5
38,35-44,0,No,Active,0,Travel_Frequently,0-2 Years,693,Research & Development,R & D,6-10,7,3,Bachelor,Life Sciences,EMP-1382,Very High,4,0-5 Years,Male,57,$0-$3000,Very High,High,4,1,Research Scientist,3,Divorced,2610,15748,1,No,Standard,0,11,3,1-2,0-1 Years,1,0-2 Years,Very High,4,11-15%,3,2-5 Years,0–5 Years,2,4,High,3,4,2,0,3
38,35-44,0,No,Active,0,Travel_Frequently,0-2 Years,1186,Research & Development,R & D,0-5,3,4,Master,Other,EMP-1060,High,3,6-10 Years,Male,44,$0-$3000,High,High,3,1,Research Scientist,3,Married,2821,2997,3,No,Standard,0,16,3,9+,2–3 Years,2,0-2 Years,Low,1,16-20%,1,2-5 Years,6–10 Years,2,8,High,3,2,2,2,2
38,35-44,0,No,Active,0,Travel_Frequently,0-2 Years,1391,Research & Development,R & D,6-10,10,1,Below College,Medical,EMP-1006,High,3,0-5 Years,Male,66,$0-$3000,High,High,3,1,Research Scientist,3,Married,2684,12127,0,No,Standard,0,17,3,0,0-1 Years,1,0-2 Years,Medium,2,16-20%,1,2-5 Years,0–5 Years,0,3,Medium,2,2,1,0,2
38,35-44,0,No,Active,0,Travel_Frequently,0-2 Years,1444,Human Resources,HR,0-5,1,4,Master,Other,EMP-1972,Very High,4,6-10 Years,Male,88,$0-$3000,High,Medium,3,1,Human Resources,2,Married,2991,5224,0,Yes,Overtime,1,11,3,0,0-1 Years,1,0-2 Years,Medium,2,11-15%,1,6-10 Years,6–10 Years,2,7,High,3,6,2,1,2
38,35-44,0,No,Active,0,Travel_Frequently,0-2 Years,1490,Research & Development,R & D,0-5,2,2,College,Life Sciences,EMP-556,Very High,4,0-5 Years,Male,42,$0-$3000,High,Very High,3,1,Laboratory Technician,4,Married,1702,12106,1,Yes,Overtime,1,23,4,1-2,0-1 Years,1,0-2 Years,High,3,21%+,1,0-1 Years,0–5 Years,3,1,High,3,1,0,0,0
38,35-44,0,No,Active,0,Travel_Frequently,11+ Years,1189,Research & Development,R & D,0-5,1,3,Bachelor,Life Sciences,EMP-1668,Very High,4,11-20 Years,Male,90,$3000-$5000,High,Very High,3,2,Research Scientist,4,Married,4735,9867,7,No,Standard,0,15,3,9+,2–3 Years,2,0-2 Years,Very High,4,11-15%,2,11+ Years,16–20 Years,4,19,Very High,4,13,11,2,9
38,35-44,0,No,Active,0,Travel_Frequently,11+ Years,1394,Research & Development,R & D,6-10,8,3,Bachelor,Medical,EMP-1937,Very High,4,11-20 Years,Female,58,$0-$3000,Medium,Medium,2,2,Research Scientist,2,Divorced,2133,18115,1,Yes,Overtime,1,16,3,1-2,0-1 Years,1,0-2 Years,High,3,16-20%,1,11+ Years,16–20 Years,3,20,High,3,20,11,0,7
38,35-44,0,No,Active,0,Travel_Frequently,3-5 Years,148,Research & Development,R & D,0-5,2,3,Bachelor,Medical,EMP-1675,Very High,4,0-5 Years,Female,42,$0-$3000,Medium,Medium,2,1,Laboratory Technician,2,Single,2440,23826,1,No,Standard,0,22,4,1-2,2–3 Years,2,3-5 Years,Medium,2,21%+,0,2-5 Years,0–5 Years,3,4,High,3,4,3,3,3
38,35-44,0,No,Active,0,Travel_Frequently,3-5 Years,471,Research & Development,R & D,11-20,12,3,Bachelor,Life Sciences,EMP-837,Low,1,11-20 Years,Male,45,$5000-$7000,Medium,Low,2,2,Healthcare Representative,1,Divorced,6288,4284,2,No,Standard,0,15,3,1-2,0-1 Years,1,0-2 Years,High,3,11-15%,1,2-5 Years,11–15 Years,3,13,Medium,2,4,3,1,2
38,35-44,0,No,Active,0,Travel_Frequently,3-5 Years,508,Research & Development,R & D,6-10,6,4,Master,Life Sciences,EMP-1997,Low,1,6-10 Years,Male,72,$5000-$7000,Medium,High,2,2,Manufacturing Director,3,Married,5321,14284,2,No,Standard,0,11,3,1-2,6+ Years,4,6+ Years,Very High,4,11-15%,1,6-10 Years,6–10 Years,1,10,High,3,8,3,7,7
38,35-44,0,No,Active,0,Travel_Frequently,3-5 Years,653,Research & Development,R & D,21+,29,5,Doctor,Life Sciences,EMP-79,Very High,4,6-10 Years,Female,50,$0-$3000,High,Very High,3,2,Laboratory Technician,4,Single,2406,5456,1,No,Standard,0,11,3,1-2,6+ Years,4,6+ Years,Very High,4,11-15%,0,6-10 Years,6–10 Years,2,10,High,3,10,3,9,9
38,35-44,0,No,Active,0,Travel_Frequently,3-5 Years,888,Human Resources,HR,6-10,10,4,Master,Human Resources,EMP-1563,High,3,6-10 Years,Male,71,$5000-$7000,High,High,3,2,Human Resources,3,Married,6077,14814,3,No,Standard,0,11,3,9+,0-1 Years,1,0-2 Years,High,3,11-15%,0,6-10 Years,6–10 Years,2,10,High,3,6,3,1,2
38,35-44,0,No,Active,0,Travel_Frequently,6-10 Years,216,Research & Development,R & D,21+,23,3,Bachelor,Life Sciences,EMP-12,Very High,4,6-10 Years,Male,44,$7000-$10000,Medium,High,2,3,Manufacturing Director,3,Single,9526,8787,0,No,Standard,0,21,4,0,0-1 Years,1,0-2 Years,Medium,2,21%+,0,6-10 Years,6–10 Years,2,10,High,3,9,7,1,8
38,35-44,0,No,Active,0,Travel_Frequently,6-10 Years,240,Research & Development,R & D,0-5,2,4,Master,Life Sciences,EMP-803,Low,1,11-20 Years,Female,75,$5000-$7000,Very High,Low,4,2,Manufacturing Director,1,Single,5980,26085,6,Yes,Overtime,1,12,3,9+,4–5 Years,3,3-5 Years,Very High,4,11-15%,0,11+ Years,16–20 Years,2,17,High,3,15,7,4,12
38,35-44,0,No,Active,0,Travel_Rarely,0-2 Years,130,Sales,Sales,0-5,2,2,College,Marketing,EMP-1125,Very High,4,6-10 Years,Male,32,$7000-$10000,High,Medium,3,3,Sales Executive,2,Single,7351,20619,7,No,Standard,0,16,3,9+,0-1 Years,1,0-2 Years,High,3,16-20%,0,0-1 Years,6–10 Years,2,10,High,3,1,0,0,0
38,35-44,0,No,Active,0,Travel_Rarely,0-2 Years,168,Research & Development,R & D,0-5,1,3,Bachelor,Life Sciences,EMP-743,High,3,6-10 Years,Female,81,$7000-$10000,High,High,3,3,Manufacturing Director,3,Single,7861,15397,4,Yes,Overtime,1,14,3,9+,0-1 Years,1,0-2 Years,Very High,4,11-15%,0,0-1 Years,6–10 Years,4,10,Very High,4,1,0,0,0
38,35-44,0,No,Active,0,Travel_Rarely,0-2 Years,268,Research & Development,R & D,0-5,2,5,Doctor,Medical,EMP-773,Very High,4,6-10 Years,Male,92,$3000-$5000,High,High,3,1,Research Scientist,3,Married,3057,20471,6,Yes,Overtime,1,13,3,9+,0-1 Years,1,0-2 Years,Medium,2,11-15%,1,0-1 Years,6–10 Years,0,6,Low,1,1,0,0,1
38,35-44,0,No,Active,0,Travel_Rarely,0-2 Years,322,Sales,Sales,6-10,7,2,College,Medical,EMP-382,Low,1,6-10 Years,Female,44,$5000-$7000,Very High,Low,4,2,Sales Executive,1,Divorced,5605,19191,1,Yes,Overtime,1,24,4,1-2,6+ Years,4,6+ Years,High,3,21%+,1,6-10 Years,6–10 Years,3,8,High,3,8,0,7,7
38,35-44,0,No,Active,0,Travel_Rarely,0-2 Years,362,Research & Development,R & D,0-5,1,1,Below College,Life Sciences,EMP-662,High,3,6-10 Years,Female,43,$0-$3000,High,Low,3,1,Research Scientist,1,Single,2619,14561,3,No,Standard,0,17,3,9+,0-1 Years,1,0-2 Years,Very High,4,16-20%,0,0-1 Years,6–10 Years,3,8,Medium,2,0,0,0,0
38,35-44,0,No,Active,0,Travel_Rarely,0-2 Years,364,Research & Development,R & D,0-5,3,5,Doctor,Technical Degree,EMP-193,Very High,4,11-20 Years,Female,32,$3000-$5000,High,High,3,2,Research Scientist,3,Single,4317,2302,3,Yes,Overtime,1,20,4,9+,2–3 Years,2,0-2 Years,Medium,2,16-20%,0,2-5 Years,16–20 Years,2,19,High,3,3,2,2,2
38,35-44,0,No,Active,0,Travel_Rarely,0-2 Years,371,Research & Development,R & D,0-5,2,3,Bachelor,Life Sciences,EMP-24,Very High,4,6-10 Years,Male,45,$3000-$5000,High,Very High,3,1,Research Scientist,4,Single,3944,4306,5,Yes,Overtime,1,11,3,9+,0-1 Years,1,0-2 Years,High,3,11-15%,0,2-5 Years,6–10 Years,3,6,High,3,3,2,1,2
38,35-44,0,No,Active,0,Travel_Rarely,0-2 Years,395,Sales,Sales,6-10,9,3,Bachelor,Marketing,EMP-893,Medium,2,0-5 Years,Male,98,$0-$3000,Medium,Medium,2,1,Sales Representative,2,Married,2899,12102,0,No,Standard,0,19,3,0,0-1 Years,1,0-2 Years,Very High,4,16-20%,1,2-5 Years,0–5 Years,3,3,High,3,2,2,1,2
38,35-44,0,No,Active,0,Travel_Rarely,0-2 Years,437,Sales,Sales,11-20,16,3,Bachelor,Life Sciences,EMP-1583,Medium,2,6-10 Years,Female,90,$3000-$5000,High,Medium,3,2,Sales Executive,2,Single,4198,16379,2,No,Standard,0,12,3,1-2,0-1 Years,1,0-2 Years,Medium,2,11-15%,0,2-5 Years,6–10 Years,5,8,Very High,4,3,2,1,2
38,35-44,0,No,Active,0,Travel_Rarely,0-2 Years,688,Research & Development,R & D,21+,23,4,Master,Life Sciences,EMP-393,Very High,4,6-10 Years,Male,82,$5000-$7000,High,Very High,3,2,Healthcare Representative,4,Divorced,5745,18899,9,No,Standard,0,14,3,9+,0-1 Years,1,0-2 Years,Medium,2,11-15%,1,2-5 Years,6–10 Years,2,10,High,3,2,2,1,2
38,35-44,0,No,Active,0,Travel_Rarely,0-2 Years,723,Sales,Sales,0-5,2,4,Master,Marketing,EMP-1835,Medium,2,11-20 Years,Female,77,$5000-$7000,Low,Very High,1,2,Sales Representative,4,Married,5405,4244,2,Yes,Overtime,1,20,4,1-2,0-1 Years,1,0-2 Years,Low,1,16-20%,2,2-5 Years,16–20 Years,4,20,Medium,2,4,2,0,3
38,35-44,0,No,Active,0,Travel_Rarely,0-2 Years,833,Research & Development,R & D,11-20,18,3,Bachelor,Medical,EMP-1766,Medium,2,11-20 Years,Male,60,$5000-$7000,Low,Very High,1,2,Healthcare Representative,4,Married,5811,24539,3,Yes,Overtime,1,16,3,9+,0-1 Years,1,0-2 Years,High,3,16-20%,1,0-1 Years,11–15 Years,2,15,High,3,1,0,1,0
38,35-44,0,No,Active,0,Travel_Rarely,0-2 Years,1035,Sales,Sales,0-5,3,4,Master,Life Sciences,EMP-1036,Medium,2,11-20 Years,Male,42,$5000-$7000,High,Very High,3,2,Sales Executive,4,Single,6861,4981,8,Yes,Overtime,1,12,3,9+,0-1 Years,1,0-2 Years,High,3,11-15%,0,0-1 Years,16–20 Years,1,19,High,3,1,0,0,0
38,35-44,0,No,Active,0,Travel_Rarely,0-2 Years,1206,Research & Development,R & D,6-10,9,2,College,Life Sciences,EMP-1940,Medium,2,6-10 Years,Male,71,$3000-$5000,High,Very High,3,1,Research Scientist,4,Divorced,4771,14293,2,No,Standard,0,19,3,1-2,0-1 Years,1,0-2 Years,Very High,4,16-20%,2,2-5 Years,6–10 Years,0,10,Very High,4,5,2,0,3
38,35-44,0,No,Active,0,Travel_Rarely,0-2 Years,1261,Research & Development,R & D,0-5,2,4,Master,Life Sciences,EMP-271,Very High,4,11-20 Years,Male,88,$5000-$7000,High,High,3,2,Manufacturing Director,3,Married,6553,7259,9,No,Standard,0,14,3,9+,0-1 Years,1,0-2 Years,Medium,2,11-15%,0,0-1 Years,11–15 Years,3,14,High,3,1,0,0,0
38,35-44,0,No,Active,0,Travel_Rarely,0-2 Years,1380,Research & Development,R & D,6-10,9,2,College,Life Sciences,EMP-245,High,3,0-5 Years,Female,75,$0-$3000,High,Very High,3,1,Laboratory Technician,4,Single,2288,6319,1,No,Standard,0,12,3,1-2,2–3 Years,2,0-2 Years,High,3,11-15%,0,2-5 Years,0–5 Years,3,2,High,3,2,2,2,1
38,35-44,0,No,Active,0,Travel_Rarely,0-2 Years,1404,Sales,Sales,0-5,1,3,Bachelor,Life Sciences,EMP-1961,Low,1,11-20 Years,Male,59,$0-$3000,Medium,Low,2,1,Sales Representative,1,Single,2858,11473,4,No,Standard,0,14,3,9+,0-1 Years,1,0-2 Years,Low,1,11-15%,0,0-1 Years,16–20 Years,3,20,Medium,2,1,0,0,0
38,35-44,0,No,Active,0,Travel_Rarely,0-2 Years,1495,Research & Development,R & D,0-5,4,2,College,Medical,EMP-1687,Very High,4,6-10 Years,Female,87,$3000-$5000,High,High,3,1,Laboratory Technician,3,Married,3306,26176,7,No,Standard,0,19,3,9+,0-1 Years,1,0-2 Years,Very High,4,16-20%,1,0-1 Years,6–10 Years,5,7,Medium,2,0,0,0,0
38,35-44,0,No,Active,0,Travel_Rarely,0-2 Years,1495,Research & Development,R & D,6-10,10,3,Bachelor,Medical,EMP-634,High,3,11-20 Years,Female,76,$7000-$10000,High,High,3,2,Healthcare Representative,3,Married,9824,22174,3,No,Standard,0,19,3,9+,0-1 Years,1,0-2 Years,High,3,16-20%,1,0-1 Years,16–20 Years,4,18,High,3,1,0,0,0
38,35-44,0,No,Active,0,Travel_Rarely,11+ Years,201,Research & Development,R & D,6-10,10,3,Bachelor,Medical,EMP-2015,Medium,2,11-20 Years,Female,99,$10000-$15000,Low,High,1,3,Research Director,3,Married,13206,3376,3,No,Standard,0,12,3,9+,0-1 Years,1,0-2 Years,Low,1,11-15%,1,11+ Years,16–20 Years,3,20,High,3,18,16,1,11
38,35-44,0,No,Active,0,Travel_Rarely,11+ Years,1321,Sales,Sales,0-5,1,4,Master,Life Sciences,EMP-1995,Very High,4,11-20 Years,Male,86,$3000-$5000,High,Medium,3,2,Sales Executive,2,Married,4440,7636,0,No,Standard,0,15,3,0,4–5 Years,3,3-5 Years,Low,1,11-15%,2,11+ Years,16–20 Years,3,16,High,3,15,13,5,8
38,35-44,0,No,Active,0,Travel_Rarely,11+ Years,1333,Research & Development,R & D,0-5,1,3,Bachelor,Technical Degree,EMP-950,Very High,4,11-20 Years,Female,80,$10000-$15000,High,Low,3,3,Research Director,1,Married,13582,16292,1,No,Standard,0,13,3,1-2,4–5 Years,3,3-5 Years,Medium,2,11-15%,1,11+ Years,11–15 Years,3,15,High,3,15,12,5,11
38,35-44,0,No,Active,0,Travel_Rarely,3-5 Years,397,Research & Development,R & D,0-5,2,2,College,Medical,EMP-1638,Very High,4,6-10 Years,Female,54,$7000-$10000,Medium,High,2,3,Manufacturing Director,3,Married,7756,14199,3,Yes,Overtime,1,19,3,9+,0-1 Years,1,0-2 Years,Very High,4,16-20%,1,2-5 Years,6–10 Years,6,10,Very High,4,5,4,0,2
38,35-44,0,No,Active,0,Travel_Rarely,3-5 Years,702,Sales,Sales,0-5,1,4,Master,Life Sciences,EMP-230,Low,1,11-20 Years,Female,59,$7000-$10000,Medium,Very High,2,2,Sales Executive,4,Single,8686,12930,4,No,Standard,0,22,4,9+,0-1 Years,1,0-2 Years,High,3,21%+,0,6-10 Years,11–15 Years,2,12,Very High,4,8,3,0,7
38,35-44,0,No,Active,0,Travel_Rarely,3-5 Years,1153,Research & Development,R & D,6-10,6,2,College,Other,EMP-1782,Very High,4,0-5 Years,Female,40,$3000-$5000,Medium,High,2,1,Laboratory Technician,3,Married,3702,16376,1,No,Standard,0,11,3,1-2,0-1 Years,1,0-2 Years,Medium,2,11-15%,1,2-5 Years,0–5 Years,3,5,High,3,5,4,0,4
38,35-44,0,No,Active,0,Travel_Rarely,6-10 Years,119,Sales,Sales,0-5,3,3,Bachelor,Life Sciences,EMP-307,Low,1,11-20 Years,Male,76,$10000-$15000,High,High,3,3,Sales Executive,3,Divorced,10609,9647,0,No,Standard,0,12,3,0,4–5 Years,3,3-5 Years,High,3,11-15%,2,11+ Years,16–20 Years,6,17,Medium,2,16,10,5,13
38,35-44,0,No,Active,0,Travel_Rarely,6-10 Years,243,Sales,Sales,6-10,7,4,Master,Marketing,EMP-709,Very High,4,6-10 Years,Female,46,$3000-$5000,Medium,Very High,2,2,Sales Executive,4,Single,4028,7791,0,No,Standard,0,20,4,0,0-1 Years,1,0-2 Years,Low,1,16-20%,0,6-10 Years,6–10 Years,2,8,High,3,7,7,0,5
38,35-44,0,No,Active,0,Travel_Rarely,6-10 Years,330,Research & Development,R & D,11-20,17,1,Below College,Life Sciences,EMP-1088,High,3,11-20 Years,Female,65,$7000-$10000,Medium,High,2,3,Healthcare Representative,3,Married,8823,24608,0,No,Standard,0,18,3,0,0-1 Years,1,0-2 Years,Low,1,16-20%,1,11+ Years,16–20 Years,4,20,Medium,2,19,9,1,9
38,35-44,0,No,Active,0,Travel_Rarely,6-10 Years,343,Research & Development,R & D,11-20,15,2,College,Life Sciences,EMP-461,High,3,11-20 Years,Male,92,$10000-$15000,Medium,Very High,2,3,Research Director,4,Divorced,11510,15682,0,Yes,Overtime,1,14,3,0,2–3 Years,2,0-2 Years,Medium,2,11-15%,1,11+ Years,11–15 Years,3,12,High,3,11,10,2,9
38,35-44,0,No,Active,0,Travel_Rarely,6-10 Years,345,Sales,Sales,6-10,10,2,College,Life Sciences,EMP-2041,Low,1,6-10 Years,Female,100,$5000-$7000,High,Very High,3,2,Sales Executive,4,Married,5343,5982,1,No,Standard,0,11,3,1-2,0-1 Years,1,0-2 Years,High,3,11-15%,1,6-10 Years,6–10 Years,1,10,High,3,10,7,1,9
38,35-44,0,No,Active,0,Travel_Rarely,6-10 Years,433,Human Resources,HR,0-5,1,3,Bachelor,Human Resources,EMP-1152,High,3,6-10 Years,Male,37,$0-$3000,Very High,High,4,1,Human Resources,3,Married,2844,6004,1,No,Standard,0,13,3,1-2,4–5 Years,3,3-5 Years,Very High,4,11-15%,1,6-10 Years,6–10 Years,2,7,Very High,4,7,6,5,0
38,35-44,0,No,Active,0,Travel_Rarely,6-10 Years,770,Sales,Sales,6-10,10,4,Master,Marketing,EMP-1119,High,3,6-10 Years,Male,73,$7000-$10000,Medium,High,2,3,Sales Executive,3,Divorced,8740,5569,0,Yes,Overtime,1,14,3,0,2–3 Years,2,0-2 Years,Medium,2,11-15%,2,6-10 Years,6–10 Years,2,9,High,3,8,7,2,7
38,35-44,0,No,Active,0,Travel_Rarely,6-10 Years,827,Research & Development,R & D,0-5,1,4,Master,Life Sciences,EMP-724,Medium,2,6-10 Years,Female,33,$7000-$10000,Very High,Very High,4,2,Healthcare Representative,4,Single,7625,19383,0,No,Standard,0,13,3,0,0-1 Years,1,0-2 Years,High,3,11-15%,0,6-10 Years,6–10 Years,4,10,Medium,2,9,7,1,8
38,35-44,0,No,Active,0,Travel_Rarely,6-10 Years,849,Research & Development,R & D,21+,25,2,College,Life Sciences,EMP-421,Low,1,11-20 Years,Female,81,$10000-$15000,Medium,Medium,2,3,Research Director,2,Married,12061,26707,3,No,Standard,0,17,3,9+,0-1 Years,1,0-2 Years,High,3,16-20%,1,6-10 Years,16–20 Years,2,19,High,3,10,8,0,1
38,35-44,0,No,Active,0,Travel_Rarely,6-10 Years,1009,Sales,Sales,0-5,2,2,College,Life Sciences,EMP-1355,Medium,2,11-20 Years,Female,31,$5000-$7000,High,Low,3,2,Sales Executive,1,Divorced,6893,19461,3,No,Standard,0,15,3,9+,0-1 Years,1,0-2 Years,Very High,4,11-15%,1,6-10 Years,11–15 Years,3,11,High,3,7,7,1,7
38,35-44,0,No,Active,0,Travel_Rarely,6-10 Years,1084,Research & Development,R & D,21+,29,3,Bachelor,Technical Degree,EMP-273,Very High,4,6-10 Years,Male,54,$5000-$7000,High,Very High,3,2,Manufacturing Director,4,Married,6261,4185,3,No,Standard,0,18,3,9+,0-1 Years,1,0-2 Years,Low,1,16-20%,1,6-10 Years,6–10 Years,3,9,Low,1,7,7,1,7
38,35-44,0,No,Active,0,Travel_Rarely,6-10 Years,1245,Sales,Sales,11-20,14,3,Bachelor,Life Sciences,EMP-1582,High,3,6-10 Years,Male,80,$7000-$10000,High,Medium,3,2,Sales Executive,2,Married,9924,12355,0,No,Standard,0,11,3,0,6+ Years,4,6+ Years,Very High,4,11-15%,1,6-10 Years,6–10 Years,3,10,High,3,9,8,7,7
38,35-44,1,Yes,Left,1,Travel_Rarely,0-2 Years,903,Research & Development,R & D,0-5,2,3,Bachelor,Medical,EMP-1573,High,3,6-10 Years,Male,81,$3000-$5000,High,Medium,3,2,Manufacturing Director,2,Married,4855,7653,4,No,Standard,0,11,3,9+,0-1 Years,1,0-2 Years,Low,1,11-15%,2,2-5 Years,6–10 Years,2,7,High,3,5,2,1,4
38,35-44,1,Yes,Left,1,Travel_Rarely,0-2 Years,1180,Research & Development,R & D,21+,29,1,Below College,Medical,EMP-282,Medium,2,11-20 Years,Male,70,$5000-$7000,High,Low,3,2,Healthcare Representative,1,Married,6673,11354,7,Yes,Overtime,1,19,3,9+,0-1 Years,1,0-2 Years,Medium,2,16-20%,0,0-1 Years,16–20 Years,2,17,High,3,1,0,0,0
39,35-44,0,No,Active,0,Non-Travel,0-2 Years,105,Research & Development,R & D,6-10,9,3,Bachelor,Life Sciences,EMP-2022,Very High,4,21+ Years,Male,87,$15000+,High,Very High,3,5,Manager,4,Single,19431,15302,2,No,Standard,0,13,3,1-2,0-1 Years,1,0-2 Years,High,3,11-15%,0,6-10 Years,21+ Years,3,21,Medium,2,6,0,1,3
39,35-44,0,No,Active,0,Non-Travel,0-2 Years,1251,Sales,Sales,21+,21,4,Master,Life Sciences,EMP-1929,Low,1,6-10 Years,Female,32,$5000-$7000,Low,High,1,2,Sales Executive,3,Married,5736,3987,6,No,Standard,0,19,3,9+,0-1 Years,1,0-2 Years,High,3,16-20%,1,2-5 Years,6–10 Years,1,10,High,3,3,2,1,2
39,35-44,0,No,Active,0,Non-Travel,3-5 Years,439,Research & Development,R & D,6-10,9,3,Bachelor,Life Sciences,EMP-1132,High,3,6-10 Years,Male,70,$5000-$7000,High,Medium,3,2,Laboratory Technician,2,Single,6782,8770,9,No,Standard,0,15,3,9+,0-1 Years,1,0-2 Years,High,3,11-15%,0,2-5 Years,6–10 Years,2,9,Medium,2,5,4,0,3
39,35-44,0,No,Active,0,Non-Travel,3-5 Years,1485,Research & Development,R & D,21+,25,2,College,Life Sciences,EMP-1397,High,3,11-20 Years,Male,71,$10000-$15000,High,High,3,3,Healthcare Representative,3,Married,10920,3449,3,No,Standard,0,21,4,9+,0-1 Years,1,0-2 Years,Medium,2,21%+,1,6-10 Years,11–15 Years,2,13,High,3,6,4,0,5
39,35-44,0,No,Active,0,Non-Travel,6-10 Years,792,Research & Development,R & D,0-5,1,3,Bachelor,Life Sciences,EMP-1737,Very High,4,6-10 Years,Male,77,$5000-$7000,High,Very High,3,2,Laboratory Technician,4,Married,6472,8989,1,Yes,Overtime,1,15,3,1-2,4–5 Years,3,3-5 Years,Very High,4,11-15%,1,6-10 Years,6–10 Years,2,9,High,3,9,8,5,8
39,35-44,0,No,Active,0,Travel_Frequently,0-2 Years,711,Research & Development,R & D,0-5,4,3,Bachelor,Medical,EMP-1633,Low,1,6-10 Years,Female,81,$5000-$7000,High,High,3,2,Manufacturing Director,3,Single,5042,3140,0,No,Standard,0,13,3,0,2–3 Years,2,3-5 Years,Very High,4,11-15%,0,6-10 Years,6–10 Years,2,10,Low,1,9,2,3,8
39,35-44,0,No,Active,0,Travel_Frequently,0-2 Years,766,Sales,Sales,11-20,20,3,Bachelor,Life Sciences,EMP-1812,High,3,6-10 Years,Male,83,$3000-$5000,High,Very High,3,2,Sales Executive,4,Divorced,4127,19188,2,No,Standard,0,18,3,1-2,2–3 Years,2,0-2 Years,Very High,4,16-20%,1,2-5 Years,6–10 Years,6,7,High,3,2,1,2,2
39,35-44,0,No,Active,0,Travel_Frequently,3-5 Years,443,Research & Development,R & D,6-10,8,1,Below College,Life Sciences,EMP-602,High,3,6-10 Years,Female,48,$3000-$5000,High,High,3,1,Laboratory Technician,3,Married,3755,17872,1,No,Standard,0,11,3,1-2,0-1 Years,1,0-2 Years,Low,1,11-15%,1,6-10 Years,6–10 Years,3,8,High,3,8,3,0,7
39,35-44,0,No,Active,0,Travel_Frequently,6-10 Years,505,Research & Development,R & D,0-5,2,4,Master,Technical Degree,EMP-343,High,3,11-20 Years,Female,64,$10000-$15000,High,High,3,3,Healthcare Representative,3,Single,10938,6420,0,No,Standard,0,25,4,0,6+ Years,4,6+ Years,Very High,4,21%+,0,11+ Years,16–20 Years,1,20,High,3,19,6,11,8
39,35-44,0,No,Active,0,Travel_Frequently,6-10 Years,672,Research & Development,R & D,6-10,7,2,College,Medical,EMP-444,High,3,21+ Years,Male,54,$15000+,Medium,Very High,2,5,Manager,4,Married,19272,21141,1,No,Standard,0,15,3,1-2,6+ Years,4,6+ Years,Low,1,11-15%,1,11+ Years,21+ Years,2,21,High,3,21,9,13,3
39,35-44,0,No,Active,0,Travel_Frequently,6-10 Years,945,Research & Development,R & D,21+,22,3,Bachelor,Medical,EMP-1043,Very High,4,21+ Years,Female,82,$10000-$15000,High,Low,3,3,Manufacturing Director,1,Single,10880,5083,1,Yes,Overtime,1,13,3,1-2,2–3 Years,2,0-2 Years,High,3,11-15%,0,11+ Years,21+ Years,2,21,High,3,21,6,2,8
39,35-44,0,No,Active,0,Travel_Frequently,6-10 Years,1218,Research & Development,R & D,0-5,1,1,Below College,Life Sciences,EMP-531,Medium,2,21+ Years,Male,52,$15000+,High,High,3,5,Manager,3,Divorced,19197,8213,1,Yes,Overtime,1,14,3,1-2,0-1 Years,1,0-2 Years,High,3,11-15%,1,11+ Years,21+ Years,3,21,High,3,21,8,1,6
39,35-44,0,No,Active,0,Travel_Rarely,0-2 Years,835,Research & Development,R & D,11-20,19,4,Master,Other,EMP-1871,Very High,4,6-10 Years,Male,41,$3000-$5000,High,Very High,3,2,Research Scientist,4,Divorced,3902,5141,8,No,Standard,0,14,3,9+,2–3 Years,2,0-2 Years,Medium,2,11-15%,3,2-5 Years,6–10 Years,2,7,High,3,2,2,2,2
39,35-44,0,No,Active,0,Travel_Rarely,0-2 Years,867,Research & Development,R & D,6-10,9,2,College,Medical,EMP-1936,Low,1,6-10 Years,Male,87,$5000-$7000,High,Low,3,2,Manufacturing Director,1,Married,5151,12315,1,No,Standard,0,25,4,1-2,6+ Years,4,6+ Years,Very High,4,21%+,1,6-10 Years,6–10 Years,3,10,High,3,10,0,7,9
39,35-44,0,No,Active,0,Travel_Rarely,0-2 Years,1089,Research & Development,R & D,6-10,6,3,Bachelor,Life Sciences,EMP-1525,Medium,2,6-10 Years,Female,32,$7000-$10000,High,Medium,3,3,Manufacturing Director,2,Single,8376,9150,4,No,Standard,0,18,3,9+,2–3 Years,2,0-2 Years,Very High,4,16-20%,0,2-5 Years,6–10 Years,3,9,High,3,2,0,2,2
39,35-44,0,No,Active,0,Travel_Rarely,0-2 Years,1431,Research & Development,R & D,0-5,1,4,Master,Medical,EMP-332,High,3,6-10 Years,Female,96,$0-$3000,High,High,3,1,Laboratory Technician,3,Divorced,2232,15417,7,No,Standard,0,14,3,9+,0-1 Years,1,0-2 Years,High,3,11-15%,3,2-5 Years,6–10 Years,1,7,High,3,3,2,1,2
39,35-44,0,No,Active,0,Travel_Rarely,11+ Years,1329,Sales,Sales,0-5,4,4,Master,Life Sciences,EMP-182,Very High,4,11-20 Years,Female,47,$5000-$7000,Medium,High,2,2,Sales Executive,3,Married,5902,14590,4,No,Standard,0,14,3,9+,4–5 Years,3,3-5 Years,High,3,11-15%,1,11+ Years,16–20 Years,1,17,Very High,4,15,11,5,9
39,35-44,0,No,Active,0,Travel_Rarely,3-5 Years,141,Human Resources,HR,0-5,3,3,Bachelor,Human Resources,EMP-760,High,3,11-20 Years,Female,44,$5000-$7000,Very High,Medium,4,2,Human Resources,2,Married,6389,18767,9,No,Standard,0,15,3,9+,2–3 Years,2,3-5 Years,High,3,11-15%,1,6-10 Years,11–15 Years,3,12,Low,1,8,3,3,6
39,35-44,0,No,Active,0,Travel_Rarely,3-5 Years,492,Research & Development,R & D,11-20,12,3,Bachelor,Medical,EMP-1654,Very High,4,6-10 Years,Male,66,$5000-$7000,High,Medium,3,2,Manufacturing Director,2,Married,5295,7693,4,No,Standard,0,21,4,9+,0-1 Years,1,0-2 Years,High,3,21%+,0,2-5 Years,6–10 Years,3,7,High,3,5,4,1,0
39,35-44,0,No,Active,0,Travel_Rarely,3-5 Years,1253,Research & Development,R & D,6-10,10,1,Below College,Medical,EMP-1800,High,3,6-10 Years,Male,65,$10000-$15000,High,High,3,3,Research Director,3,Single,13464,7914,7,No,Standard,0,21,4,9+,2–3 Years,2,0-2 Years,High,3,21%+,0,2-5 Years,6–10 Years,3,9,High,3,4,3,2,2
39,35-44,0,No,Active,0,Travel_Rarely,3-5 Years,1383,Human Resources,HR,0-5,2,3,Bachelor,Life Sciences,EMP-909,Very High,4,11-20 Years,Female,42,$5000-$7000,Medium,Very High,2,2,Human Resources,4,Married,5204,7790,8,No,Standard,0,11,3,9+,0-1 Years,1,0-2 Years,High,3,11-15%,2,2-5 Years,11–15 Years,2,13,High,3,5,4,0,4
39,35-44,0,No,Active,0,Travel_Rarely,3-5 Years,1498,Sales,Sales,21+,21,4,Master,Life Sciences,EMP-1390,Low,1,6-10 Years,Male,44,$5000-$7000,Medium,Very High,2,2,Sales Executive,4,Married,6120,3567,3,Yes,Overtime,1,12,3,9+,0-1 Years,1,0-2 Years,Very High,4,11-15%,2,2-5 Years,6–10 Years,2,8,Very High,4,5,4,1,4
39,35-44,0,No,Active,0,Travel_Rarely,6-10 Years,116,Research & Development,R & D,21+,24,1,Below College,Life Sciences,EMP-2014,Low,1,11-20 Years,Male,52,$3000-$5000,High,Very High,3,2,Research Scientist,4,Single,4108,5340,7,No,Standard,0,13,3,9+,0-1 Years,1,0-2 Years,Low,1,11-15%,0,6-10 Years,16–20 Years,2,18,High,3,7,7,1,7
39,35-44,0,No,Active,0,Travel_Rarely,6-10 Years,117,Research & Development,R & D,6-10,10,1,Below College,Medical,EMP-429,High,3,21+ Years,Male,99,$15000+,High,Low,3,4,Manager,1,Married,17068,5355,1,Yes,Overtime,1,14,3,1-2,6+ Years,4,6+ Years,Very High,4,11-15%,0,11+ Years,21+ Years,3,21,High,3,21,9,11,10
39,35-44,0,No,Active,0,Travel_Rarely,6-10 Years,119,Sales,Sales,11-20,15,4,Master,Marketing,EMP-1975,Medium,2,21+ Years,Male,77,$10000-$15000,High,Low,3,4,Sales Executive,1,Single,13341,25098,0,No,Standard,0,12,3,0,6+ Years,4,6+ Years,Low,1,11-15%,0,11+ Years,21+ Years,3,21,High,3,20,8,11,10
39,35-44,0,No,Active,0,Travel_Rarely,6-10 Years,170,Research & Development,R & D,0-5,3,2,College,Medical,EMP-1627,High,3,11-20 Years,Male,76,$3000-$5000,Medium,High,2,2,Laboratory Technician,3,Divorced,3069,10302,0,No,Standard,0,15,3,0,0-1 Years,1,0-2 Years,Very High,4,11-15%,1,6-10 Years,11–15 Years,3,11,High,3,10,8,0,7
39,35-44,0,No,Active,0,Travel_Rarely,6-10 Years,408,Research & Development,R & D,0-5,2,4,Master,Technical Degree,EMP-721,Very High,4,11-20 Years,Female,80,$3000-$5000,Medium,High,2,2,Healthcare Representative,3,Single,4553,20978,1,No,Standard,0,11,3,1-2,6+ Years,4,6+ Years,Low,1,11-15%,0,11+ Years,16–20 Years,4,20,High,3,20,7,11,10
39,35-44,0,No,Active,0,Travel_Rarely,6-10 Years,412,Research & Development,R & D,11-20,13,4,Master,Medical,EMP-1307,High,3,21+ Years,Female,94,$15000+,Medium,Medium,2,4,Manager,2,Divorced,17123,17334,6,Yes,Overtime,1,13,3,9+,6+ Years,4,6+ Years,Very High,4,11-15%,2,11+ Years,21+ Years,4,21,High,3,19,9,15,2
39,35-44,0,No,Active,0,Travel_Rarely,6-10 Years,466,Research & Development,R & D,0-5,1,1,Below College,Life Sciences,EMP-1026,Very High,4,21+ Years,Female,65,$10000-$15000,Medium,Very High,2,4,Manufacturing Director,4,Married,12742,7060,1,No,Standard,0,16,3,1-2,6+ Years,4,6+ Years,High,3,16-20%,1,11+ Years,21+ Years,3,21,High,3,21,6,11,8
39,35-44,0,No,Active,0,Travel_Rarely,6-10 Years,524,Research & Development,R & D,11-20,18,2,College,Life Sciences,EMP-1322,Low,1,6-10 Years,Male,32,$3000-$5000,High,High,3,2,Manufacturing Director,3,Single,4534,13352,0,No,Standard,0,11,3,0,0-1 Years,1,0-2 Years,Low,1,11-15%,0,6-10 Years,6–10 Years,6,9,High,3,8,7,1,7
39,35-44,0,No,Active,0,Travel_Rarely,6-10 Years,613,Research & Development,R & D,6-10,6,1,Below College,Medical,EMP-2062,Very High,4,6-10 Years,Male,42,$7000-$10000,Medium,Low,2,3,Healthcare Representative,1,Married,9991,21457,4,No,Standard,0,15,3,9+,0-1 Years,1,0-2 Years,Low,1,11-15%,1,6-10 Years,6–10 Years,5,9,High,3,7,7,1,7
39,35-44,0,No,Active,0,Travel_Rarely,6-10 Years,722,Sales,Sales,21+,24,1,Below College,Marketing,EMP-2056,Medium,2,21+ Years,Female,60,$10000-$15000,Medium,Very High,2,4,Sales Executive,4,Married,12031,8828,0,No,Standard,0,11,3,0,6+ Years,4,6+ Years,Low,1,11-15%,1,11+ Years,21+ Years,2,21,Medium,2,20,9,9,6
39,35-44,0,No,Active,0,Travel_Rarely,6-10 Years,903,Sales,Sales,0-5,2,5,Doctor,Life Sciences,EMP-985,Low,1,6-10 Years,Male,41,$7000-$10000,Very High,High,4,3,Sales Executive,3,Single,7880,2560,0,No,Standard,0,18,3,0,0-1 Years,1,0-2 Years,Very High,4,16-20%,0,6-10 Years,6–10 Years,3,9,High,3,8,7,0,7
39,35-44,0,No,Active,0,Travel_Rarely,6-10 Years,1132,Research & Development,R & D,0-5,1,3,Bachelor,Medical,EMP-417,High,3,11-20 Years,Male,48,$7000-$10000,Very High,Very High,4,3,Healthcare Representative,4,Divorced,9613,10942,0,No,Standard,0,17,3,0,2–3 Years,2,3-5 Years,Low,1,16-20%,3,11+ Years,16–20 Years,5,19,Medium,2,18,10,3,7
39,35-44,0,No,Active,0,Travel_Rarely,6-10 Years,1387,Research & Development,R & D,6-10,10,5,Doctor,Medical,EMP-1618,Medium,2,6-10 Years,Male,76,$5000-$7000,High,Low,3,2,Manufacturing Director,1,Married,5377,3835,2,No,Standard,0,13,3,1-2,6+ Years,4,6+ Years,Very High,4,11-15%,3,6-10 Years,6–10 Years,3,10,High,3,7,7,7,7
39,35-44,0,No,Active,0,Travel_Rarely,6-10 Years,1462,Sales,Sales,6-10,6,3,Bachelor,Medical,EMP-1588,Very High,4,11-20 Years,Male,38,$7000-$10000,Very High,High,4,3,Sales Executive,3,Married,8237,4658,2,No,Standard,0,11,3,1-2,6+ Years,4,6+ Years,Low,1,11-15%,1,6-10 Years,11–15 Years,3,11,High,3,7,6,7,6
39,35-44,1,Yes,Left,1,Non-Travel,0-2 Years,592,Research & Development,R & D,0-5,2,3,Bachelor,Life Sciences,EMP-1458,Low,1,11-20 Years,Female,54,$3000-$5000,Medium,Low,2,1,Laboratory Technician,1,Single,3646,17181,2,Yes,Overtime,1,23,4,1-2,0-1 Years,1,0-2 Years,Medium,2,21%+,0,0-1 Years,11–15 Years,2,11,Very High,4,1,0,0,0
39,35-44,1,Yes,Left,1,Travel_Frequently,6-10 Years,203,Research & Development,R & D,0-5,2,3,Bachelor,Life Sciences,EMP-1127,Low,1,21+ Years,Male,84,$10000-$15000,High,Very High,3,4,Healthcare Representative,4,Divorced,12169,13547,7,No,Standard,0,11,3,9+,6+ Years,4,6+ Years,Very High,4,11-15%,3,11+ Years,21+ Years,4,21,High,3,18,7,11,5
39,35-44,1,Yes,Left,1,Travel_Rarely,0-2 Years,360,Research & Development,R & D,21+,23,3,Bachelor,Medical,EMP-1310,High,3,6-10 Years,Male,93,$3000-$5000,High,Low,3,1,Research Scientist,1,Single,3904,22154,0,No,Standard,0,13,3,0,0-1 Years,1,0-2 Years,Low,1,11-15%,0,2-5 Years,6–10 Years,2,6,High,3,5,2,0,3
39,35-44,1,Yes,Left,1,Travel_Rarely,0-2 Years,895,Sales,Sales,0-5,5,3,Bachelor,Technical Degree,EMP-42,Very High,4,11-20 Years,Male,56,$0-$3000,High,Very High,3,2,Sales Representative,4,Married,2086,3335,3,No,Standard,0,14,3,9+,0-1 Years,1,0-2 Years,High,3,11-15%,1,0-1 Years,16–20 Years,6,19,Very High,4,1,0,0,0
39,35-44,1,Yes,Left,1,Travel_Rarely,0-2 Years,1122,Research & Development,R & D,6-10,6,3,Bachelor,Medical,EMP-932,Very High,4,6-10 Years,Male,70,$0-$3000,High,Low,3,1,Laboratory Technician,1,Married,2404,4303,7,Yes,Overtime,1,21,4,9+,2–3 Years,2,0-2 Years,Very High,4,21%+,0,2-5 Years,6–10 Years,2,8,Low,1,2,2,2,2
39,35-44,1,Yes,Left,1,Travel_Rarely,0-2 Years,1162,Sales,Sales,0-5,3,2,College,Medical,EMP-445,Very High,4,11-20 Years,Female,41,$5000-$7000,High,High,3,2,Sales Executive,3,Married,5238,17778,4,Yes,Overtime,1,18,3,9+,0-1 Years,1,0-2 Years,Low,1,16-20%,0,0-1 Years,11–15 Years,3,12,Medium,2,1,0,0,0
40,35-44,0,No,Active,0,Non-Travel,0-2 Years,458,Research & Development,R & D,11-20,16,2,College,Life Sciences,EMP-1340,High,3,6-10 Years,Male,74,$3000-$5000,High,High,3,1,Research Scientist,3,Divorced,3544,8532,9,No,Standard,0,16,3,9+,0-1 Years,1,0-2 Years,Medium,2,16-20%,1,2-5 Years,6–10 Years,0,6,High,3,4,2,0,0
40,35-44,0,No,Active,0,Non-Travel,0-2 Years,1094,Sales,Sales,21+,28,3,Bachelor,Other,EMP-615,High,3,11-20 Years,Male,58,$10000-$15000,Low,Low,1,3,Sales Executive,1,Divorced,10932,11373,3,No,Standard,0,15,3,9+,0-1 Years,1,0-2 Years,High,3,11-15%,1,0-1 Years,16–20 Years,2,20,High,3,1,0,0,1
40,35-44,0,No,Active,0,Non-Travel,0-2 Years,1142,Research & Development,R & D,6-10,8,2,College,Life Sciences,EMP-1552,Very High,4,6-10 Years,Male,72,$3000-$5000,High,Very High,3,2,Healthcare Representative,4,Divorced,4069,8841,3,Yes,Overtime,1,18,3,9+,2–3 Years,2,0-2 Years,High,3,16-20%,0,2-5 Years,6–10 Years,2,8,High,3,2,2,2,2
40,35-44,0,No,Active,0,Non-Travel,0-2 Years,1151,Research & Development,R & D,6-10,9,5,Doctor,Life Sciences,EMP-287,Very High,4,0-5 Years,Male,63,$3000-$5000,Medium,Very High,2,2,Healthcare Representative,4,Married,4876,14242,9,No,Standard,0,14,3,9+,0-1 Years,1,0-2 Years,Very High,4,11-15%,1,2-5 Years,0–5 Years,5,5,Low,1,3,2,0,2
40,35-44,0,No,Active,0,Non-Travel,6-10 Years,218,Research & Development,R & D,6-10,8,1,Below College,Medical,EMP-1468,Very High,4,11-20 Years,Male,55,$10000-$15000,Medium,Medium,2,3,Research Director,2,Divorced,13757,25178,2,No,Standard,0,11,3,1-2,4–5 Years,3,3-5 Years,High,3,11-15%,1,6-10 Years,16–20 Years,5,16,High,3,9,8,4,8
40,35-44,0,No,Active,0,Non-Travel,6-10 Years,663,Research & Development,R & D,6-10,9,4,Master,Other,EMP-1449,High,3,11-20 Years,Male,81,$3000-$5000,High,High,3,2,Laboratory Technician,3,Divorced,3975,23099,3,No,Standard,0,11,3,9+,0-1 Years,1,0-2 Years,High,3,11-15%,2,6-10 Years,11–15 Years,2,11,Very High,4,8,7,0,7
40,35-44,0,No,Active,0,Travel_Frequently,0-2 Years,720,Research & Development,R & D,11-20,16,4,Master,Medical,EMP-832,Low,1,6-10 Years,Male,51,$5000-$7000,Medium,High,2,2,Laboratory Technician,3,Single,5094,11983,6,No,Standard,0,14,3,9+,0-1 Years,1,0-2 Years,Very High,4,11-15%,0,0-1 Years,6–10 Years,6,10,High,3,1,0,0,0
40,35-44,0,No,Active,0,Travel_Frequently,0-2 Years,902,Research & Development,R & D,21+,26,2,College,Medical,EMP-1180,High,3,11-20 Years,Female,92,$3000-$5000,Medium,Very High,2,2,Research Scientist,4,Married,4422,21203,3,Yes,Overtime,1,13,3,9+,0-1 Years,1,0-2 Years,Very High,4,11-15%,1,0-1 Years,16–20 Years,3,16,Low,1,1,1,0,0
40,35-44,0,No,Active,0,Travel_Frequently,0-2 Years,1184,Sales,Sales,0-5,2,4,Master,Medical,EMP-1212,Medium,2,0-5 Years,Male,62,$3000-$5000,High,Medium,3,2,Sales Executive,2,Married,4327,25440,5,No,Standard,0,12,3,9+,0-1 Years,1,0-2 Years,Very High,4,11-15%,3,0-1 Years,0–5 Years,2,5,High,3,0,0,0,0
40,35-44,0,No,Active,0,Travel_Frequently,0-2 Years,1469,Research & Development,R & D,6-10,9,4,Master,Medical,EMP-964,Very High,4,0-5 Years,Male,35,$3000-$5000,High,Medium,3,1,Research Scientist,2,Divorced,3617,25063,8,Yes,Overtime,1,14,3,9+,0-1 Years,1,0-2 Years,Very High,4,11-15%,1,0-1 Years,0–5 Years,2,3,High,3,1,1,0,0
40,35-44,0,No,Active,0,Travel_Frequently,11+ Years,580,Sales,Sales,0-5,5,4,Master,Life Sciences,EMP-729,Very High,4,11-20 Years,Male,48,$10000-$15000,Medium,Low,2,3,Sales Executive,1,Married,10475,23772,5,Yes,Overtime,1,21,4,9+,0-1 Years,1,0-2 Years,High,3,21%+,1,11+ Years,16–20 Years,2,20,High,3,18,13,1,12
40,35-44,0,No,Active,0,Travel_Frequently,3-5 Years,530,Research & Development,R & D,0-5,1,4,Master,Life Sciences,EMP-119,High,3,21+ Years,Male,78,$10000-$15000,Medium,Medium,2,4,Healthcare Representative,2,Married,13503,14115,1,No,Standard,0,22,4,1-2,6+ Years,4,6+ Years,Very High,4,21%+,1,11+ Years,21+ Years,3,22,Medium,2,22,3,11,11
40,35-44,0,No,Active,0,Travel_Frequently,6-10 Years,593,Research & Development,R & D,6-10,9,4,Master,Medical,EMP-1166,Medium,2,11-20 Years,Female,88,$10000-$15000,High,High,3,3,Research Director,3,Single,13499,13782,9,No,Standard,0,17,3,9+,2–3 Years,2,0-2 Years,High,3,16-20%,0,11+ Years,16–20 Years,3,20,Medium,2,18,7,2,13
40,35-44,0,No,Active,0,Travel_Frequently,6-10 Years,692,Research & Development,R & D,11-20,11,3,Bachelor,Technical Degree,EMP-1985,Very High,4,6-10 Years,Female,73,$5000-$7000,High,High,3,2,Laboratory Technician,3,Married,6323,26849,1,No,Standard,0,11,3,1-2,6+ Years,4,6+ Years,Low,1,11-15%,1,6-10 Years,6–10 Years,2,10,Very High,4,10,9,9,4
40,35-44,0,No,Active,0,Travel_Frequently,6-10 Years,791,Research & Development,R & D,0-5,2,2,College,Medical,EMP-807,High,3,6-10 Years,Female,38,$3000-$5000,Very High,Medium,4,2,Healthcare Representative,2,Married,4244,9931,1,No,Standard,0,24,4,1-2,2–3 Years,2,3-5 Years,Very High,4,21%+,1,6-10 Years,6–10 Years,2,8,High,3,8,7,3,7
40,35-44,0,No,Active,0,Travel_Frequently,6-10 Years,1395,Research & Development,R & D,21+,26,3,Bachelor,Medical,EMP-202,Medium,2,11-20 Years,Female,54,$5000-$7000,High,Medium,3,2,Research Scientist,2,Divorced,5605,8504,1,No,Standard,0,11,3,1-2,2–3 Years,2,0-2 Years,Low,1,11-15%,1,11+ Years,16–20 Years,2,20,High,3,20,7,2,13
40,35-44,0,No,Active,0,Travel_Rarely,0-2 Years,107,Sales,Sales,6-10,10,3,Bachelor,Technical Degree,EMP-1239,Medium,2,6-10 Years,Female,84,$5000-$7000,Medium,Medium,2,2,Sales Executive,2,Divorced,6852,11591,7,No,Standard,0,12,3,9+,0-1 Years,1,0-2 Years,Medium,2,11-15%,1,2-5 Years,6–10 Years,2,7,Very High,4,5,1,1,3
40,35-44,0,No,Active,0,Travel_Rarely,0-2 Years,329,Research & Development,R & D,0-5,1,4,Master,Life Sciences,EMP-1361,Medium,2,6-10 Years,Male,88,$0-$3000,High,Medium,3,1,Laboratory Technician,2,Married,2387,6762,3,No,Standard,0,22,4,9+,0-1 Years,1,0-2 Years,High,3,21%+,1,2-5 Years,6–10 Years,3,7,High,3,4,2,0,3
40,35-44,0,No,Active,0,Travel_Rarely,0-2 Years,369,Research & Development,R & D,6-10,8,2,College,Life Sciences,EMP-1724,Medium,2,11-20 Years,Female,92,$5000-$7000,High,Low,3,2,Manufacturing Director,1,Married,6516,5041,2,Yes,Overtime,1,16,3,1-2,0-1 Years,1,0-2 Years,Medium,2,16-20%,1,0-1 Years,16–20 Years,3,18,High,3,1,0,0,0
40,35-44,0,No,Active,0,Travel_Rarely,0-2 Years,448,Research & Development,R & D,11-20,16,3,Bachelor,Life Sciences,EMP-1641,High,3,11-20 Years,Female,84,$7000-$10000,High,Very High,3,3,Manufacturing Director,4,Single,7945,19948,6,Yes,Overtime,1,15,3,9+,2–3 Years,2,3-5 Years,Very High,4,11-15%,0,2-5 Years,16–20 Years,2,18,Medium,2,4,2,3,3
40,35-44,0,No,Active,0,Travel_Rarely,0-2 Years,543,Research & Development,R & D,0-5,1,4,Master,Life Sciences,EMP-2012,Low,1,6-10 Years,Male,83,$0-$3000,High,Very High,3,1,Laboratory Technician,4,Married,2406,4060,8,No,Standard,0,19,3,9+,0-1 Years,1,0-2 Years,High,3,16-20%,2,0-1 Years,6–10 Years,3,8,Medium,2,1,0,0,0
40,35-44,0,No,Active,0,Travel_Rarely,0-2 Years,555,Research & Development,R & D,0-5,2,3,Bachelor,Medical,EMP-521,Medium,2,11-20 Years,Female,78,$3000-$5000,Medium,High,2,2,Laboratory Technician,3,Married,3448,13436,6,No,Standard,0,22,4,9+,0-1 Years,1,0-2 Years,Medium,2,21%+,1,0-1 Years,16–20 Years,3,20,High,3,1,0,0,0
40,35-44,0,No,Active,0,Travel_Rarely,0-2 Years,658,Sales,Sales,6-10,10,4,Master,Marketing,EMP-954,Low,1,11-20 Years,Male,67,$7000-$10000,Medium,Medium,2,3,Sales Executive,2,Divorced,9705,20652,2,No,Standard,0,12,3,1-2,0-1 Years,1,0-2 Years,Medium,2,11-15%,1,0-1 Years,11–15 Years,2,11,Medium,2,1,0,0,0
40,35-44,0,No,Active,0,Travel_Rarely,0-2 Years,804,Research & Development,R & D,0-5,2,1,Below College,Medical,EMP-763,Very High,4,0-5 Years,Female,86,$0-$3000,Medium,Very High,2,1,Research Scientist,4,Single,2342,22929,0,Yes,Overtime,1,20,4,0,2–3 Years,2,0-2 Years,Very High,4,16-20%,0,2-5 Years,0–5 Years,2,5,Medium,2,4,2,2,3
40,35-44,0,No,Active,0,Travel_Rarely,0-2 Years,896,Research & Development,R & D,0-5,2,3,Bachelor,Medical,EMP-1474,High,3,6-10 Years,Male,68,$0-$3000,High,High,3,1,Research Scientist,3,Divorced,2345,8045,2,No,Standard,0,14,3,1-2,0-1 Years,1,0-2 Years,High,3,11-15%,1,2-5 Years,6–10 Years,3,8,Very High,4,3,1,1,2
40,35-44,0,No,Active,0,Travel_Rarely,0-2 Years,905,Research & Development,R & D,11-20,19,2,College,Medical,EMP-281,High,3,11-20 Years,Male,99,$0-$3000,High,Very High,3,2,Laboratory Technician,4,Married,2741,16523,8,Yes,Overtime,1,15,3,9+,2–3 Years,2,3-5 Years,High,3,11-15%,1,6-10 Years,11–15 Years,2,15,Very High,4,7,2,3,7
40,35-44,0,No,Active,0,Travel_Rarely,0-2 Years,1322,Research & Development,R & D,0-5,2,4,Master,Life Sciences,EMP-2048,High,3,6-10 Years,Male,52,$0-$3000,Medium,High,2,1,Research Scientist,3,Single,2809,2725,2,No,Standard,0,14,3,1-2,2–3 Years,2,0-2 Years,Very High,4,11-15%,0,2-5 Years,6–10 Years,2,8,High,3,2,2,2,2
40,35-44,0,No,Active,0,Travel_Rarely,11+ Years,630,Sales,Sales,0-5,4,4,Master,Marketing,EMP-215,High,3,11-20 Years,Male,67,$10000-$15000,Medium,Very High,2,3,Sales Executive,4,Married,10855,8552,7,No,Standard,0,11,3,9+,2–3 Years,2,0-2 Years,Low,1,11-15%,1,11+ Years,11–15 Years,2,15,Medium,2,12,11,2,11
40,35-44,0,No,Active,0,Travel_Rarely,11+ Years,884,Research & Development,R & D,11-20,15,3,Bachelor,Life Sciences,EMP-1628,Low,1,11-20 Years,Female,80,$10000-$15000,Medium,High,2,3,Manufacturing Director,3,Married,10435,25800,1,No,Standard,0,13,3,1-2,6+ Years,4,6+ Years,Very High,4,11-15%,2,11+ Years,16–20 Years,2,18,High,3,18,15,14,12
40,35-44,0,No,Active,0,Travel_Rarely,11+ Years,1202,Research & Development,R & D,0-5,2,1,Below College,Medical,EMP-1375,Medium,2,11-20 Years,Female,89,$5000-$7000,Very High,High,4,2,Healthcare Representative,3,Divorced,6377,13888,5,No,Standard,0,20,4,9+,6+ Years,4,6+ Years,Medium,2,16-20%,3,11+ Years,11–15 Years,0,15,High,3,12,11,11,8
40,35-44,0,No,Active,0,Travel_Rarely,11+ Years,1398,Sales,Sales,0-5,2,4,Master,Life Sciences,EMP-558,High,3,21+ Years,Female,79,$15000+,High,High,3,5,Manager,3,Married,18041,13022,0,No,Standard,0,14,3,0,0-1 Years,1,0-2 Years,Very High,4,11-15%,0,11+ Years,21+ Years,2,21,High,3,20,15,1,12
40,35-44,0,No,Active,0,Travel_Rarely,3-5 Years,118,Sales,Sales,11-20,14,2,College,Life Sciences,EMP-1598,Very High,4,0-5 Years,Female,84,$3000-$5000,High,Low,3,2,Sales Executive,1,Married,4639,11262,1,No,Standard,0,15,3,1-2,0-1 Years,1,0-2 Years,High,3,11-15%,1,2-5 Years,0–5 Years,2,5,High,3,5,4,1,2
40,35-44,0,No,Active,0,Travel_Rarely,3-5 Years,616,Research & Development,R & D,0-5,2,2,College,Life Sciences,EMP-1802,High,3,6-10 Years,Female,99,$3000-$5000,High,Low,3,1,Laboratory Technician,1,Married,3377,25605,4,No,Standard,0,17,3,9+,0-1 Years,1,0-2 Years,Very High,4,16-20%,1,2-5 Years,6–10 Years,5,7,Medium,2,4,3,0,2
40,35-44,0,No,Active,0,Travel_Rarely,3-5 Years,750,Research & Development,R & D,11-20,12,3,Bachelor,Life Sciences,EMP-1829,Medium,2,11-20 Years,Female,47,$3000-$5000,High,Low,3,2,Healthcare Representative,1,Divorced,4448,10748,2,No,Standard,0,12,3,1-2,6+ Years,4,6+ Years,Medium,2,11-15%,1,6-10 Years,11–15 Years,3,15,High,3,7,4,7,7
40,35-44,0,No,Active,0,Travel_Rarely,3-5 Years,759,Sales,Sales,0-5,2,2,College,Marketing,EMP-516,Very High,4,6-10 Years,Female,46,$5000-$7000,High,Medium,3,2,Sales Executive,2,Divorced,5715,22553,7,No,Standard,0,12,3,9+,0-1 Years,1,0-2 Years,High,3,11-15%,2,2-5 Years,6–10 Years,5,8,High,3,5,4,1,3
40,35-44,0,No,Active,0,Travel_Rarely,3-5 Years,1124,Sales,Sales,0-5,1,2,College,Medical,EMP-453,Medium,2,6-10 Years,Male,57,$7000-$10000,Low,Very High,1,2,Sales Executive,4,Married,7457,13273,2,Yes,Overtime,1,22,4,1-2,0-1 Years,1,0-2 Years,High,3,21%+,3,2-5 Years,6–10 Years,2,6,Medium,2,4,3,0,2
40,35-44,0,No,Active,0,Travel_Rarely,3-5 Years,1194,Research & Development,R & D,0-5,1,3,Bachelor,Life Sciences,EMP-1822,High,3,11-20 Years,Female,52,$5000-$7000,High,Very High,3,2,Healthcare Representative,4,Divorced,6513,9060,4,No,Standard,0,17,3,9+,0-1 Years,1,0-2 Years,Very High,4,16-20%,1,2-5 Years,11–15 Years,3,12,High,3,5,3,0,3
40,35-44,0,No,Active,0,Travel_Rarely,3-5 Years,1194,Research & Development,R & D,0-5,2,4,Master,Medical,EMP-2051,High,3,11-20 Years,Female,98,$0-$3000,High,High,3,1,Research Scientist,3,Married,2001,12549,2,No,Standard,0,14,3,1-2,0-1 Years,1,0-2 Years,Medium,2,11-15%,3,2-5 Years,16–20 Years,2,20,High,3,5,3,0,2
40,35-44,0,No,Active,0,Travel_Rarely,3-5 Years,1342,Sales,Sales,6-10,9,2,College,Medical,EMP-1548,Low,1,6-10 Years,Male,47,$5000-$7000,High,Low,3,2,Sales Executive,1,Married,5473,19345,0,No,Standard,0,12,3,0,6+ Years,4,6+ Years,Very High,4,11-15%,0,6-10 Years,6–10 Years,5,9,Very High,4,8,4,7,1
40,35-44,0,No,Active,0,Travel_Rarely,6-10 Years,300,Sales,Sales,21+,26,3,Bachelor,Marketing,EMP-1066,High,3,6-10 Years,Male,74,$7000-$10000,High,Low,3,2,Sales Executive,1,Married,8396,22217,1,No,Standard,0,14,3,1-2,6+ Years,4,6+ Years,Medium,2,11-15%,1,6-10 Years,6–10 Years,3,8,Medium,2,7,7,7,5
40,35-44,0,No,Active,0,Travel_Rarely,6-10 Years,302,Research & Development,R & D,6-10,6,3,Bachelor,Life Sciences,EMP-601,Medium,2,21+ Years,Female,75,$10000-$15000,High,High,3,4,Manufacturing Director,3,Single,13237,20364,7,No,Standard,0,15,3,9+,4–5 Years,3,3-5 Years,High,3,11-15%,0,11+ Years,21+ Years,3,22,High,3,20,6,5,13
40,35-44,0,No,Active,0,Travel_Rarely,6-10 Years,444,Sales,Sales,0-5,2,2,College,Marketing,EMP-1986,Medium,2,11-20 Years,Female,92,$5000-$7000,High,Medium,3,2,Sales Executive,2,Married,5677,4258,3,No,Standard,0,14,3,9+,4–5 Years,3,3-5 Years,High,3,11-15%,1,11+ Years,11–15 Years,4,15,High,3,11,8,5,10
40,35-44,0,No,Active,0,Travel_Rarely,6-10 Years,523,Research & Development,R & D,0-5,2,3,Bachelor,Life Sciences,EMP-1346,High,3,6-10 Years,Male,98,$3000-$5000,High,Very High,3,2,Research Scientist,4,Single,4661,22455,1,No,Standard,0,13,3,1-2,6+ Years,4,6+ Years,High,3,11-15%,0,6-10 Years,6–10 Years,4,9,High,3,9,8,8,8
40,35-44,0,No,Active,0,Travel_Rarely,6-10 Years,611,Sales,Sales,6-10,7,4,Master,Medical,EMP-1740,Medium,2,21+ Years,Male,88,$15000+,High,Medium,3,5,Manager,2,Single,19833,4349,1,No,Standard,0,14,3,1-2,6+ Years,4,6+ Years,Medium,2,11-15%,0,11+ Years,21+ Years,3,21,Medium,2,21,8,12,8
40,35-44,0,No,Active,0,Travel_Rarely,6-10 Years,898,Human Resources,HR,6-10,6,2,College,Medical,EMP-1550,High,3,21+ Years,Male,38,$15000+,High,Very High,3,4,Manager,4,Single,16437,17381,1,Yes,Overtime,1,21,4,1-2,6+ Years,4,6+ Years,Very High,4,21%+,0,11+ Years,21+ Years,2,21,High,3,21,7,7,7
40,35-44,0,No,Active,0,Travel_Rarely,6-10 Years,989,Research & Development,R & D,0-5,4,1,Below College,Medical,EMP-253,Very High,4,21+ Years,Female,46,$15000+,High,High,3,5,Manager,3,Married,19033,6499,1,No,Standard,0,14,3,1-2,6+ Years,4,6+ Years,Medium,2,11-15%,1,11+ Years,21+ Years,2,21,High,3,20,8,9,9
40,35-44,0,No,Active,0,Travel_Rarely,6-10 Years,1137,Research & Development,R & D,0-5,1,4,Master,Life Sciences,EMP-1892,Low,1,21+ Years,Male,98,$15000+,High,Low,3,4,Manager,1,Divorced,16823,18991,2,No,Standard,0,11,3,1-2,6+ Years,4,6+ Years,Low,1,11-15%,1,11+ Years,21+ Years,3,22,High,3,19,7,11,16
40,35-44,0,No,Active,0,Travel_Rarely,6-10 Years,1171,Research & Development,R & D,6-10,10,4,Master,Life Sciences,EMP-483,Very High,4,6-10 Years,Female,46,$0-$3000,Very High,High,4,1,Laboratory Technician,3,Married,2213,22495,3,Yes,Overtime,1,13,3,9+,0-1 Years,1,0-2 Years,High,3,11-15%,1,6-10 Years,6–10 Years,3,10,High,3,7,7,1,7
40,35-44,0,No,Active,0,Travel_Rarely,6-10 Years,1300,Research & Development,R & D,21+,24,2,College,Technical Degree,EMP-335,Low,1,6-10 Years,Male,62,$3000-$5000,High,Very High,3,2,Research Scientist,4,Divorced,3319,24447,1,No,Standard,0,17,3,1-2,4–5 Years,3,3-5 Years,Low,1,16-20%,2,6-10 Years,6–10 Years,3,9,High,3,9,8,4,7
40,35-44,0,No,Active,0,Travel_Rarely,6-10 Years,1308,Research & Development,R & D,11-20,14,3,Bachelor,Medical,EMP-1128,High,3,21+ Years,Male,44,$15000+,Medium,High,2,5,Research Director,3,Single,19626,17544,1,No,Standard,0,14,3,1-2,4–5 Years,3,3-5 Years,Low,1,11-15%,0,11+ Years,21+ Years,2,21,Very High,4,20,7,4,9
40,35-44,0,No,Active,0,Travel_Rarely,6-10 Years,1416,Research & Development,R & D,0-5,2,2,College,Medical,EMP-352,Low,1,21+ Years,Male,49,$15000+,High,High,3,5,Research Director,3,Divorced,19436,5949,0,No,Standard,0,19,3,0,2–3 Years,2,3-5 Years,Very High,4,16-20%,1,11+ Years,21+ Years,5,22,High,3,21,7,3,9
40,35-44,0,No,Active,0,Travel_Rarely,6-10 Years,1492,Research & Development,R & D,11-20,20,4,Master,Technical Degree,EMP-1092,Low,1,11-20 Years,Male,61,$10000-$15000,High,Very High,3,3,Healthcare Representative,4,Married,10322,26542,4,No,Standard,0,20,4,9+,6+ Years,4,6+ Years,Very High,4,16-20%,1,11+ Years,11–15 Years,6,14,High,3,11,10,11,1
40,35-44,1,Yes,Left,1,Non-Travel,0-2 Years,1479,Sales,Sales,21+,24,3,Bachelor,Life Sciences,EMP-986,Medium,2,21+ Years,Female,100,$10000-$15000,Very High,Medium,4,4,Sales Executive,2,Single,13194,17071,4,Yes,Overtime,1,16,3,9+,0-1 Years,1,0-2 Years,Very High,4,16-20%,0,0-1 Years,21+ Years,2,22,Medium,2,1,0,0,0
40,35-44,1,Yes,Left,1,Travel_Rarely,0-2 Years,1329,Research & Development,R & D,6-10,7,3,Bachelor,Life Sciences,EMP-1649,Low,1,6-10 Years,Male,73,$0-$3000,High,Low,3,1,Laboratory Technician,1,Single,2166,3339,3,Yes,Overtime,1,14,3,9+,0-1 Years,1,0-2 Years,Medium,2,11-15%,0,2-5 Years,6–10 Years,3,10,Low,1,4,2,0,3
40,35-44,1,Yes,Left,1,Travel_Rarely,3-5 Years,299,Sales,Sales,21+,25,4,Master,Marketing,EMP-1318,Very High,4,6-10 Years,Male,57,$7000-$10000,Medium,Medium,2,3,Sales Executive,2,Single,9094,17235,2,Yes,Overtime,1,12,3,1-2,0-1 Years,1,0-2 Years,High,3,11-15%,0,2-5 Years,6–10 Years,2,9,High,3,5,4,1,0
40,35-44,1,Yes,Left,1,Travel_Rarely,3-5 Years,575,Sales,Sales,21+,22,2,College,Marketing,EMP-492,High,3,6-10 Years,Male,68,$5000-$7000,Medium,High,2,2,Sales Executive,3,Married,6380,6110,2,Yes,Overtime,1,12,3,1-2,0-1 Years,1,0-2 Years,Low,1,11-15%,2,6-10 Years,6–10 Years,6,8,High,3,6,4,1,0
40,35-44,1,Yes,Left,1,Travel_Rarely,3-5 Years,676,Research & Development,R & D,6-10,9,4,Master,Life Sciences,EMP-1534,Very High,4,11-20 Years,Male,86,$0-$3000,High,Low,3,1,Laboratory Technician,1,Single,2018,21831,3,No,Standard,0,14,3,9+,0-1 Years,1,0-2 Years,Medium,2,11-15%,0,2-5 Years,11–15 Years,3,15,Low,1,5,4,1,0
41,35-44,0,No,Active,0,Non-Travel,0-2 Years,256,Sales,Sales,6-10,10,2,College,Medical,EMP-1329,High,3,11-20 Years,Male,40,$5000-$7000,Low,Medium,1,2,Sales Executive,2,Single,6151,22074,1,No,Standard,0,13,3,1-2,6+ Years,4,6+ Years,Low,1,11-15%,0,11+ Years,16–20 Years,4,19,High,3,19,2,11,9
41,35-44,0,No,Active,0,Non-Travel,0-2 Years,552,Human Resources,HR,0-5,4,3,Bachelor,Human Resources,EMP-1722,High,3,6-10 Years,Male,60,$5000-$7000,Low,Medium,1,2,Human Resources,2,Married,6430,20794,6,No,Standard,0,19,3,9+,0-1 Years,1,0-2 Years,Medium,2,16-20%,1,2-5 Years,6–10 Years,4,10,High,3,3,2,1,2
41,35-44,0,No,Active,0,Non-Travel,11+ Years,247,Research & Development,R & D,6-10,7,1,Below College,Life Sciences,EMP-1035,Medium,2,21+ Years,Female,55,$15000+,Low,High,1,5,Research Director,3,Divorced,19973,20284,1,No,Standard,0,22,4,1-2,4–5 Years,3,3-5 Years,Medium,2,21%+,2,11+ Years,21+ Years,3,21,High,3,21,16,5,10
41,35-44,0,No,Active,0,Non-Travel,3-5 Years,267,Sales,Sales,6-10,10,2,College,Life Sciences,EMP-599,Very High,4,11-20 Years,Male,56,$5000-$7000,High,Very High,3,2,Sales Executive,4,Single,6230,13430,7,No,Standard,0,14,3,9+,0-1 Years,1,0-2 Years,Very High,4,11-15%,0,11+ Years,16–20 Years,3,16,High,3,14,3,1,10
41,35-44,0,No,Active,0,Non-Travel,6-10 Years,509,Research & Development,R & D,0-5,2,4,Master,Other,EMP-616,Low,1,6-10 Years,Female,62,$5000-$7000,Medium,High,2,2,Healthcare Representative,3,Single,6811,2112,2,Yes,Overtime,1,17,3,1-2,0-1 Years,1,0-2 Years,Low,1,16-20%,0,6-10 Years,6–10 Years,3,10,High,3,8,7,0,7
41,35-44,0,No,Active,0,Travel_Frequently,0-2 Years,1200,Research & Development,R & D,21+,22,3,Bachelor,Life Sciences,EMP-1392,Very High,4,11-20 Years,Female,75,$5000-$7000,High,Very High,3,2,Research Scientist,4,Divorced,5467,13953,3,Yes,Overtime,1,14,3,9+,2–3 Years,2,3-5 Years,Low,1,11-15%,2,6-10 Years,11–15 Years,4,12,Medium,2,6,2,3,3
41,35-44,0,No,Active,0,Travel_Frequently,11+ Years,840,Research & Development,R & D,6-10,9,3,Bachelor,Medical,EMP-999,Low,1,21+ Years,Male,64,$15000+,High,High,3,5,Research Director,3,Divorced,19419,3735,2,No,Standard,0,17,3,1-2,0-1 Years,1,0-2 Years,Medium,2,16-20%,1,11+ Years,21+ Years,2,21,Very High,4,18,16,0,11
41,35-44,0,No,Active,0,Travel_Frequently,3-5 Years,1018,Sales,Sales,0-5,1,3,Bachelor,Marketing,EMP-1349,High,3,6-10 Years,Female,66,$3000-$5000,High,Low,3,2,Sales Executive,1,Divorced,4103,4297,0,No,Standard,0,17,3,0,0-1 Years,1,0-2 Years,Very High,4,16-20%,1,6-10 Years,6–10 Years,2,10,High,3,9,3,1,7
41,35-44,0,No,Active,0,Travel_Frequently,6-10 Years,857,Research & Development,R & D,6-10,10,3,Bachelor,Life Sciences,EMP-199,Very High,4,21+ Years,Male,91,$15000+,Medium,Low,2,4,Manager,1,Divorced,17181,12888,4,No,Standard,0,13,3,9+,6+ Years,4,6+ Years,Medium,2,11-15%,1,6-10 Years,21+ Years,2,21,Medium,2,7,6,7,7
41,35-44,0,No,Active,0,Travel_Rarely,0-2 Years,167,Research & Development,R & D,11-20,12,4,Master,Life Sciences,EMP-1158,Medium,2,6-10 Years,Male,46,$3000-$5000,High,Very High,3,1,Laboratory Technician,4,Married,4766,9051,3,Yes,Overtime,1,11,3,9+,0-1 Years,1,0-2 Years,Low,1,11-15%,1,0-1 Years,6–10 Years,4,6,High,3,1,0,0,0
41,35-44,0,No,Active,0,Travel_Rarely,0-2 Years,447,Research & Development,R & D,0-5,5,3,Bachelor,Life Sciences,EMP-1814,Medium,2,11-20 Years,Male,85,$5000-$7000,Very High,Medium,4,2,Healthcare Representative,2,Single,6870,15530,3,No,Standard,0,12,3,9+,0-1 Years,1,0-2 Years,Low,1,11-15%,0,2-5 Years,11–15 Years,3,11,Low,1,3,2,1,2
41,35-44,0,No,Active,0,Travel_Rarely,0-2 Years,549,Research & Development,R & D,6-10,7,2,College,Medical,EMP-1025,Very High,4,6-10 Years,Female,42,$5000-$7000,High,High,3,2,Manufacturing Director,3,Single,5003,23371,6,No,Standard,0,14,3,9+,2–3 Years,2,0-2 Years,Medium,2,11-15%,0,2-5 Years,6–10 Years,6,8,High,3,2,2,2,1
41,35-44,0,No,Active,0,Travel_Rarely,0-2 Years,896,Sales,Sales,6-10,6,3,Bachelor,Life Sciences,EMP-298,Very High,4,11-20 Years,Female,75,$10000-$15000,High,Very High,3,3,Manager,4,Single,13591,14674,3,Yes,Overtime,1,18,3,9+,0-1 Years,1,0-2 Years,High,3,16-20%,0,0-1 Years,16–20 Years,3,16,High,3,1,0,0,0
41,35-44,0,No,Active,0,Travel_Rarely,0-2 Years,933,Research & Development,R & D,6-10,9,4,Master,Life Sciences,EMP-200,High,3,6-10 Years,Male,94,$0-$3000,High,Low,3,1,Laboratory Technician,1,Married,2238,6961,2,No,Standard,0,21,4,1-2,0-1 Years,1,0-2 Years,Very High,4,21%+,1,2-5 Years,6–10 Years,2,7,High,3,5,0,1,4
41,35-44,0,No,Active,0,Travel_Rarely,0-2 Years,1206,Sales,Sales,21+,23,2,College,Life Sciences,EMP-1678,Very High,4,21+ Years,Male,80,$7000-$10000,High,High,3,3,Sales Executive,3,Single,7082,11591,3,Yes,Overtime,1,16,3,9+,0-1 Years,1,0-2 Years,Very High,4,16-20%,0,2-5 Years,21+ Years,2,21,High,3,2,0,0,2
41,35-44,0,No,Active,0,Travel_Rarely,0-2 Years,1283,Research & Development,R & D,0-5,5,5,Doctor,Medical,EMP-1448,Medium,2,6-10 Years,Male,90,$0-$3000,Very High,High,4,1,Research Scientist,3,Married,2127,5561,2,Yes,Overtime,1,12,3,1-2,0-1 Years,1,0-2 Years,Low,1,11-15%,0,2-5 Years,6–10 Years,5,7,Medium,2,4,2,0,3
41,35-44,0,No,Active,0,Travel_Rarely,0-2 Years,1411,Research & Development,R & D,11-20,19,2,College,Life Sciences,EMP-334,High,3,11-20 Years,Male,36,$3000-$5000,High,Low,3,2,Research Scientist,1,Divorced,3072,19877,2,No,Standard,0,16,3,1-2,0-1 Years,1,0-2 Years,Low,1,16-20%,2,0-1 Years,16–20 Years,2,17,Medium,2,1,0,0,0
41,35-44,0,No,Active,0,Travel_Rarely,11+ Years,263,Research & Development,R & D,6-10,6,3,Bachelor,Medical,EMP-957,Very High,4,11-20 Years,Male,59,$3000-$5000,High,Low,3,1,Laboratory Technician,1,Single,4721,3119,2,Yes,Overtime,1,13,3,1-2,2–3 Years,2,0-2 Years,High,3,11-15%,0,11+ Years,16–20 Years,3,20,High,3,18,13,2,17
41,35-44,0,No,Active,0,Travel_Rarely,11+ Years,796,Sales,Sales,0-5,4,1,Below College,Marketing,EMP-1815,High,3,21+ Years,Female,81,$10000-$15000,High,High,3,3,Sales Executive,3,Divorced,10447,26458,0,Yes,Overtime,1,13,3,0,6+ Years,4,6+ Years,Very High,4,11-15%,1,11+ Years,21+ Years,3,23,Very High,4,22,14,13,5
41,35-44,0,No,Active,0,Travel_Rarely,11+ Years,1276,Sales,Sales,0-5,2,5,Doctor,Life Sciences,EMP-625,Medium,2,21+ Years,Female,91,$15000+,High,Low,3,4,Manager,1,Married,16595,5626,7,No,Standard,0,16,3,9+,6+ Years,4,6+ Years,Medium,2,16-20%,1,11+ Years,21+ Years,2,22,High,3,18,16,11,8
41,35-44,0,No,Active,0,Travel_Rarely,3-5 Years,337,Sales,Sales,6-10,8,3,Bachelor,Marketing,EMP-1909,High,3,11-20 Years,Female,54,$3000-$5000,High,Medium,3,2,Sales Executive,2,Married,4393,26841,5,No,Standard,0,21,4,9+,0-1 Years,1,0-2 Years,High,3,21%+,1,2-5 Years,11–15 Years,3,14,High,3,5,4,1,4
41,35-44,0,No,Active,0,Travel_Rarely,3-5 Years,483,Research & Development,R & D,6-10,6,3,Bachelor,Medical,EMP-466,Very High,4,6-10 Years,Male,95,$5000-$7000,Medium,Medium,2,2,Manufacturing Director,2,Single,6032,10110,6,Yes,Overtime,1,15,3,9+,0-1 Years,1,0-2 Years,Very High,4,11-15%,0,2-5 Years,6–10 Years,3,8,High,3,5,4,1,2
41,35-44,0,No,Active,0,Travel_Rarely,3-5 Years,548,Research & Development,R & D,6-10,9,4,Master,Life Sciences,EMP-1772,High,3,0-5 Years,Male,94,$0-$3000,High,Low,3,1,Laboratory Technician,1,Divorced,2289,20520,1,No,Standard,0,20,4,1-2,0-1 Years,1,0-2 Years,Medium,2,16-20%,2,2-5 Years,0–5 Years,2,5,High,3,5,3,0,4
41,35-44,0,No,Active,0,Travel_Rarely,3-5 Years,642,Research & Development,R & D,0-5,1,3,Bachelor,Life Sciences,EMP-1999,Very High,4,11-20 Years,Male,76,$0-$3000,High,Very High,3,1,Research Scientist,4,Married,2782,21412,3,No,Standard,0,22,4,9+,0-1 Years,1,0-2 Years,Low,1,21%+,1,2-5 Years,11–15 Years,3,12,High,3,5,3,1,0
41,35-44,0,No,Active,0,Travel_Rarely,3-5 Years,930,Sales,Sales,0-5,3,3,Bachelor,Life Sciences,EMP-2037,High,3,11-20 Years,Male,57,$7000-$10000,Medium,Medium,2,2,Sales Executive,2,Divorced,8938,12227,2,No,Standard,0,11,3,1-2,0-1 Years,1,0-2 Years,High,3,11-15%,1,2-5 Years,11–15 Years,5,14,High,3,5,4,0,4
41,35-44,0,No,Active,0,Travel_Rarely,6-10 Years,314,Human Resources,HR,0-5,1,3,Bachelor,Human Resources,EMP-734,Very High,4,21+ Years,Male,59,$15000+,Medium,High,2,5,Manager,3,Married,19189,19562,1,No,Standard,0,12,3,1-2,2–3 Years,2,0-2 Years,Medium,2,11-15%,1,11+ Years,21+ Years,3,22,High,3,22,7,2,10
41,35-44,0,No,Active,0,Travel_Rarely,6-10 Years,334,Sales,Sales,0-5,2,4,Master,Life Sciences,EMP-410,Very High,4,21+ Years,Male,88,$15000+,High,Medium,3,4,Manager,2,Single,16015,15896,1,No,Standard,0,19,3,1-2,0-1 Years,1,0-2 Years,Medium,2,16-20%,0,11+ Years,21+ Years,2,22,High,3,22,10,0,4
41,35-44,0,No,Active,0,Travel_Rarely,6-10 Years,427,Human Resources,HR,6-10,10,4,Master,Human Resources,EMP-731,Medium,2,21+ Years,Male,73,$15000+,Medium,Very High,2,5,Manager,4,Divorced,19141,8861,3,No,Standard,0,15,3,9+,6+ Years,4,6+ Years,Medium,2,11-15%,3,11+ Years,21+ Years,2,23,Medium,2,21,6,12,6
41,35-44,0,No,Active,0,Travel_Rarely,6-10 Years,465,Research & Development,R & D,11-20,14,3,Bachelor,Life Sciences,EMP-227,Low,1,11-20 Years,Male,56,$0-$3000,High,High,3,1,Research Scientist,3,Divorced,2451,4609,4,No,Standard,0,12,3,9+,0-1 Years,1,0-2 Years,Low,1,11-15%,1,6-10 Years,11–15 Years,2,13,High,3,9,8,1,8
41,35-44,0,No,Active,0,Travel_Rarely,6-10 Years,509,Research & Development,R & D,6-10,7,2,College,Technical Degree,EMP-1085,Medium,2,6-10 Years,Female,43,$3000-$5000,Very High,High,4,1,Research Scientist,3,Married,3376,18863,1,No,Standard,0,13,3,1-2,0-1 Years,1,0-2 Years,High,3,11-15%,0,6-10 Years,6–10 Years,3,10,High,3,10,6,0,8
41,35-44,0,No,Active,0,Travel_Rarely,6-10 Years,582,Research & Development,R & D,21+,28,4,Master,Life Sciences,EMP-2034,Low,1,21+ Years,Female,60,$10000-$15000,Medium,Medium,2,4,Manufacturing Director,2,Married,13570,5640,0,No,Standard,0,23,4,0,0-1 Years,1,0-2 Years,High,3,21%+,1,11+ Years,21+ Years,3,21,High,3,20,7,0,10
41,35-44,0,No,Active,0,Travel_Rarely,6-10 Years,645,Sales,Sales,0-5,1,3,Bachelor,Marketing,EMP-534,Medium,2,6-10 Years,Male,49,$7000-$10000,Very High,Low,4,3,Sales Executive,1,Married,8392,19566,1,No,Standard,0,16,3,1-2,0-1 Years,1,0-2 Years,High,3,16-20%,1,6-10 Years,6–10 Years,2,10,High,3,10,7,0,7
41,35-44,0,No,Active,0,Travel_Rarely,6-10 Years,802,Sales,Sales,6-10,9,1,Below College,Life Sciences,EMP-176,High,3,11-20 Years,Male,96,$7000-$10000,High,High,3,3,Sales Executive,3,Divorced,8189,21196,3,Yes,Overtime,1,13,3,9+,0-1 Years,1,0-2 Years,High,3,11-15%,1,6-10 Years,11–15 Years,2,12,High,3,9,7,0,7
41,35-44,0,No,Active,0,Travel_Rarely,6-10 Years,918,Sales,Sales,6-10,6,3,Bachelor,Marketing,EMP-1708,Very High,4,6-10 Years,Male,35,$7000-$10000,High,High,3,3,Sales Executive,3,Single,9241,15869,1,No,Standard,0,12,3,1-2,6+ Years,4,6+ Years,Medium,2,11-15%,0,6-10 Years,6–10 Years,3,10,High,3,10,8,8,7
41,35-44,1,Yes,Left,1,Non-Travel,0-2 Years,906,Research & Development,R & D,0-5,5,2,College,Life Sciences,EMP-1210,Low,1,0-5 Years,Male,95,$0-$3000,Medium,Low,2,1,Research Scientist,1,Divorced,2107,20293,6,No,Standard,0,17,3,9+,0-1 Years,1,0-2 Years,Low,1,16-20%,1,0-1 Years,0–5 Years,2,5,Low,1,1,0,0,0
41,35-44,1,Yes,Left,1,Travel_Frequently,6-10 Years,143,Sales,Sales,0-5,4,3,Bachelor,Marketing,EMP-488,Low,1,6-10 Years,Male,56,$7000-$10000,High,Medium,3,2,Sales Executive,2,Single,9355,9558,1,No,Standard,0,18,3,1-2,6+ Years,4,6+ Years,High,3,16-20%,0,6-10 Years,6–10 Years,5,8,High,3,8,7,7,7
41,35-44,1,Yes,Left,1,Travel_Rarely,11+ Years,1360,Research & Development,R & D,11-20,12,3,Bachelor,Technical Degree,EMP-58,Medium,2,21+ Years,Female,49,$15000+,High,High,3,5,Research Director,3,Married,19545,16280,1,No,Standard,0,12,3,1-2,6+ Years,4,6+ Years,Very High,4,11-15%,0,11+ Years,21+ Years,0,23,High,3,22,15,15,8
41,35-44,1,Yes,Left,1,Travel_Rarely,3-5 Years,1102,Sales,Sales,0-5,1,2,College,Life Sciences,EMP-1,Medium,2,6-10 Years,Female,94,$5000-$7000,High,Very High,3,2,Sales Executive,4,Single,5993,19479,8,Yes,Overtime,1,11,3,9+,0-1 Years,1,0-2 Years,Low,1,11-15%,0,6-10 Years,6–10 Years,0,8,Low,1,6,4,0,5
41,35-44,1,Yes,Left,1,Travel_Rarely,3-5 Years,1356,Sales,Sales,11-20,20,2,College,Marketing,EMP-248,Medium,2,0-5 Years,Female,70,$3000-$5000,High,Medium,3,1,Sales Representative,2,Single,3140,21728,1,Yes,Overtime,1,22,4,1-2,0-1 Years,1,0-2 Years,Very High,4,21%+,0,2-5 Years,0–5 Years,5,4,Medium,2,4,3,0,2
41,35-44,1,Yes,Left,1,Travel_Rarely,6-10 Years,1085,Research & Development,R & D,0-5,2,4,Master,Life Sciences,EMP-927,Medium,2,6-10 Years,Female,57,$0-$3000,Low,Very High,1,1,Laboratory Technician,4,Divorced,2778,17725,4,Yes,Overtime,1,13,3,9+,0-1 Years,1,0-2 Years,High,3,11-15%,1,6-10 Years,6–10 Years,1,10,Medium,2,7,7,1,0
42,35-44,0,No,Active,0,Non-Travel,3-5 Years,179,Human Resources,HR,0-5,2,5,Doctor,Medical,EMP-1231,Very High,4,6-10 Years,Male,79,$5000-$7000,Very High,Low,4,2,Human Resources,1,Married,6272,12858,7,No,Standard,0,16,3,9+,0-1 Years,1,0-2 Years,Low,1,16-20%,1,2-5 Years,6–10 Years,3,10,Very High,4,4,3,0,3
42,35-44,0,No,Active,0,Non-Travel,3-5 Years,355,Research & Development,R & D,6-10,10,4,Master,Technical Degree,EMP-1854,High,3,6-10 Years,Male,38,$0-$3000,High,High,3,1,Research Scientist,3,Married,2936,6161,3,No,Standard,0,22,4,9+,2–3 Years,2,3-5 Years,Medium,2,21%+,2,6-10 Years,6–10 Years,1,10,Medium,2,6,3,3,3
42,35-44,0,No,Active,0,Non-Travel,3-5 Years,926,Research & Development,R & D,21+,21,2,College,Medical,EMP-270,High,3,11-20 Years,Female,36,$5000-$7000,High,High,3,2,Manufacturing Director,3,Divorced,5265,16439,2,No,Standard,0,16,3,1-2,0-1 Years,1,0-2 Years,Medium,2,16-20%,1,2-5 Years,11–15 Years,5,11,High,3,5,3,0,2
42,35-44,0,No,Active,0,Non-Travel,6-10 Years,335,Research & Development,R & D,21+,23,2,College,Life Sciences,EMP-1976,Very High,4,11-20 Years,Male,37,$3000-$5000,Medium,High,2,2,Research Scientist,3,Single,4332,14811,1,No,Standard,0,12,3,1-2,2–3 Years,2,3-5 Years,Very High,4,11-15%,0,11+ Years,16–20 Years,2,20,High,3,20,9,3,7
42,35-44,0,No,Active,0,Non-Travel,6-10 Years,495,Research & Development,R & D,0-5,2,1,Below College,Life Sciences,EMP-1334,High,3,21+ Years,Male,37,$15000+,High,High,3,4,Manager,3,Married,17861,26582,0,Yes,Overtime,1,13,3,0,2–3 Years,2,0-2 Years,Very High,4,11-15%,0,11+ Years,21+ Years,3,21,Medium,2,20,8,2,10
42,35-44,0,No,Active,0,Travel_Frequently,0-2 Years,458,Research & Development,R & D,21+,26,5,Doctor,Medical,EMP-1242,Low,1,11-20 Years,Female,60,$10000-$15000,High,Low,3,3,Research Director,1,Married,13191,23281,3,Yes,Overtime,1,17,3,9+,0-1 Years,1,0-2 Years,High,3,16-20%,0,0-1 Years,16–20 Years,6,20,High,3,1,0,0,0
42,35-44,0,No,Active,0,Travel_Frequently,0-2 Years,1271,Research & Development,R & D,0-5,2,1,Below College,Medical,EMP-875,Medium,2,6-10 Years,Male,35,$0-$3000,High,Very High,3,1,Research Scientist,4,Single,2515,9068,5,Yes,Overtime,1,14,3,9+,2–3 Years,2,0-2 Years,Very High,4,11-15%,0,2-5 Years,6–10 Years,2,8,High,3,2,1,2,2
42,35-44,0,No,Active,0,Travel_Frequently,0-2 Years,1474,Research & Development,R & D,0-5,5,2,College,Other,EMP-591,Medium,2,6-10 Years,Male,97,$0-$3000,High,High,3,1,Laboratory Technician,3,Married,2093,9260,4,No,Standard,0,17,3,9+,2–3 Years,2,0-2 Years,Very High,4,16-20%,1,2-5 Years,6–10 Years,4,8,High,3,2,2,2,0
42,35-44,0,No,Active,0,Travel_Frequently,3-5 Years,532,Research & Development,R & D,21+,29,2,College,Life Sciences,EMP-547,Low,1,11-20 Years,Female,92,$3000-$5000,High,High,3,2,Research Scientist,3,Divorced,4556,12932,2,No,Standard,0,11,3,1-2,0-1 Years,1,0-2 Years,Medium,2,11-15%,1,2-5 Years,16–20 Years,3,19,High,3,5,4,0,2
42,35-44,0,No,Active,0,Travel_Frequently,3-5 Years,555,Sales,Sales,21+,26,3,Bachelor,Marketing,EMP-404,High,3,21+ Years,Female,77,$10000-$15000,High,Medium,3,4,Sales Executive,2,Married,13525,14864,5,No,Standard,0,14,3,9+,4–5 Years,3,3-5 Years,Very High,4,11-15%,1,11+ Years,21+ Years,2,23,Very High,4,20,4,4,8
42,35-44,0,No,Active,0,Travel_Frequently,3-5 Years,1368,Research & Development,R & D,21+,28,4,Master,Technical Degree,EMP-551,Very High,4,6-10 Years,Female,88,$3000-$5000,Medium,Very High,2,2,Healthcare Representative,4,Married,4523,4386,0,No,Standard,0,11,3,0,0-1 Years,1,0-2 Years,Very High,4,11-15%,3,6-10 Years,6–10 Years,4,7,Very High,4,6,5,0,4
42,35-44,0,No,Active,0,Travel_Frequently,6-10 Years,288,Research & Development,R & D,0-5,2,3,Bachelor,Life Sciences,EMP-1547,Very High,4,21+ Years,Male,40,$10000-$15000,High,Very High,3,3,Healthcare Representative,4,Married,10124,18611,2,Yes,Overtime,1,14,3,1-2,6+ Years,4,6+ Years,High,3,11-15%,1,11+ Years,21+ Years,3,24,Low,1,20,8,13,9
42,35-44,0,No,Active,0,Travel_Frequently,6-10 Years,570,Research & Development,R & D,6-10,8,3,Bachelor,Life Sciences,EMP-809,Medium,2,21+ Years,Male,66,$15000+,High,Very High,3,5,Manager,4,Divorced,18430,16225,1,No,Standard,0,13,3,1-2,6+ Years,4,6+ Years,Medium,2,11-15%,1,11+ Years,21+ Years,4,24,Medium,2,24,7,14,9
42,35-44,0,No,Active,0,Travel_Frequently,6-10 Years,748,Research & Development,R & D,6-10,9,2,College,Medical,EMP-1480,Low,1,11-20 Years,Female,74,$3000-$5000,High,Very High,3,1,Laboratory Technician,4,Single,3673,16458,1,No,Standard,0,13,3,1-2,4–5 Years,3,3-5 Years,High,3,11-15%,0,11+ Years,11–15 Years,3,12,High,3,12,9,5,8
42,35-44,0,No,Active,0,Travel_Rarely,0-2 Years,188,Research & Development,R & D,21+,29,3,Bachelor,Medical,EMP-1148,Medium,2,11-20 Years,Male,56,$3000-$5000,Low,Very High,1,2,Laboratory Technician,4,Single,4272,9558,4,No,Standard,0,19,3,9+,0-1 Years,1,0-2 Years,Low,1,16-20%,0,0-1 Years,16–20 Years,3,16,High,3,1,0,0,0
42,35-44,0,No,Active,0,Travel_Rarely,0-2 Years,201,Research & Development,R & D,0-5,1,4,Master,Life Sciences,EMP-517,Medium,2,6-10 Years,Female,95,$0-$3000,High,Low,3,1,Laboratory Technician,1,Divorced,2576,20490,3,No,Standard,0,16,3,9+,0-1 Years,1,0-2 Years,Medium,2,16-20%,1,2-5 Years,6–10 Years,5,8,High,3,5,2,1,2
42,35-44,0,No,Active,0,Travel_Rarely,0-2 Years,265,Sales,Sales,0-5,5,2,College,Marketing,EMP-1029,Very High,4,21+ Years,Male,90,$15000+,High,High,3,5,Manager,3,Married,18303,7770,6,No,Standard,0,13,3,9+,0-1 Years,1,0-2 Years,Medium,2,11-15%,0,0-1 Years,21+ Years,3,21,Very High,4,1,0,0,0
42,35-44,0,No,Active,0,Travel_Rarely,0-2 Years,419,Sales,Sales,11-20,12,4,Master,Marketing,EMP-1943,Medium,2,11-20 Years,Male,77,$5000-$7000,High,Very High,3,2,Sales Executive,4,Divorced,5087,2900,3,Yes,Overtime,1,12,3,9+,0-1 Years,1,0-2 Years,High,3,11-15%,2,0-1 Years,11–15 Years,4,14,High,3,0,0,0,0
42,35-44,0,No,Active,0,Travel_Rarely,0-2 Years,544,Human Resources,HR,0-5,2,1,Below College,Technical Degree,EMP-470,High,3,0-5 Years,Male,52,$0-$3000,High,High,3,1,Human Resources,3,Divorced,2696,24017,0,Yes,Overtime,1,11,3,0,0-1 Years,1,0-2 Years,High,3,11-15%,1,2-5 Years,0–5 Years,5,4,High,3,3,2,1,0
42,35-44,0,No,Active,0,Travel_Rarely,0-2 Years,603,Research & Development,R & D,6-10,7,4,Master,Medical,EMP-1292,Medium,2,11-20 Years,Female,78,$0-$3000,Very High,Medium,4,2,Research Scientist,2,Married,2372,5628,6,Yes,Overtime,1,16,3,9+,0-1 Years,1,0-2 Years,Very High,4,16-20%,0,0-1 Years,16–20 Years,2,18,High,3,1,0,0,0
42,35-44,0,No,Active,0,Travel_Rarely,0-2 Years,622,Research & Development,R & D,0-5,2,4,Master,Life Sciences,EMP-659,High,3,6-10 Years,Female,81,$3000-$5000,High,Very High,3,2,Healthcare Representative,4,Married,4089,5718,1,No,Standard,0,13,3,1-2,2–3 Years,2,0-2 Years,Medium,2,11-15%,2,6-10 Years,6–10 Years,4,10,High,3,10,2,2,2
42,35-44,0,No,Active,0,Travel_Rarely,0-2 Years,810,Research & Development,R & D,21+,23,5,Doctor,Life Sciences,EMP-468,Low,1,11-20 Years,Female,44,$15000+,High,Very High,3,4,Research Director,4,Single,15992,15901,2,No,Standard,0,14,3,1-2,0-1 Years,1,0-2 Years,Medium,2,11-15%,0,0-1 Years,16–20 Years,2,16,High,3,1,0,0,0
42,35-44,0,No,Active,0,Travel_Rarely,0-2 Years,916,Research & Development,R & D,11-20,17,2,College,Life Sciences,EMP-347,Very High,4,6-10 Years,Female,82,$5000-$7000,Very High,Low,4,2,Research Scientist,1,Single,6545,23016,3,Yes,Overtime,1,13,3,9+,0-1 Years,1,0-2 Years,High,3,11-15%,0,2-5 Years,6–10 Years,1,10,High,3,3,2,0,2
42,35-44,0,No,Active,0,Travel_Rarely,0-2 Years,1059,Research & Development,R & D,6-10,9,2,College,Other,EMP-1595,Very High,4,21+ Years,Male,93,$15000+,Medium,Very High,2,5,Manager,4,Single,19613,26362,8,No,Standard,0,22,4,9+,0-1 Years,1,0-2 Years,Very High,4,21%+,0,0-1 Years,21+ Years,2,24,High,3,1,0,0,1
42,35-44,0,No,Active,0,Travel_Rarely,0-2 Years,1128,Research & Development,R & D,11-20,13,3,Bachelor,Medical,EMP-1803,Medium,2,6-10 Years,Male,95,$5000-$7000,Very High,Low,4,2,Healthcare Representative,1,Married,5538,5696,5,No,Standard,0,18,3,9+,0-1 Years,1,0-2 Years,High,3,16-20%,2,0-1 Years,6–10 Years,2,10,Medium,2,0,0,0,0
42,35-44,0,No,Active,0,Travel_Rarely,0-2 Years,1142,Research & Development,R & D,6-10,8,3,Bachelor,Life Sciences,EMP-1860,Very High,4,6-10 Years,Male,81,$3000-$5000,High,High,3,1,Laboratory Technician,3,Single,3968,13624,4,No,Standard,0,13,3,9+,0-1 Years,1,0-2 Years,Very High,4,11-15%,0,0-1 Years,6–10 Years,3,8,High,3,0,0,0,0
42,35-44,0,No,Active,0,Travel_Rarely,0-2 Years,1210,Research & Development,R & D,0-5,2,3,Bachelor,Medical,EMP-1542,High,3,0-5 Years,Male,68,$3000-$5000,Medium,Medium,2,1,Laboratory Technician,2,Married,4841,24052,4,No,Standard,0,14,3,9+,0-1 Years,1,0-2 Years,Medium,2,11-15%,1,0-1 Years,0–5 Years,3,4,High,3,1,0,0,0
42,35-44,0,No,Active,0,Travel_Rarely,0-2 Years,1332,Research & Development,R & D,0-5,2,4,Master,Other,EMP-477,Low,1,11-20 Years,Male,98,$5000-$7000,Medium,Very High,2,2,Healthcare Representative,4,Single,6781,17078,3,No,Standard,0,23,4,9+,0-1 Years,1,0-2 Years,Medium,2,21%+,0,0-1 Years,11–15 Years,6,14,High,3,1,0,0,0
42,35-44,0,No,Active,0,Travel_Rarely,11+ Years,532,Research & Development,R & D,0-5,4,2,College,Technical Degree,EMP-319,High,3,21+ Years,Male,58,$15000+,High,Very High,3,5,Manager,4,Married,19232,4933,1,No,Standard,0,11,3,1-2,6+ Years,4,6+ Years,Very High,4,11-15%,0,11+ Years,21+ Years,3,22,High,3,22,17,11,15
42,35-44,0,No,Active,0,Travel_Rarely,11+ Years,635,Sales,Sales,0-5,1,1,Below College,Life Sciences,EMP-387,Medium,2,11-20 Years,Male,99,$3000-$5000,High,High,3,2,Sales Executive,3,Married,4907,24532,1,No,Standard,0,25,4,1-2,6+ Years,4,6+ Years,High,3,21%+,0,11+ Years,16–20 Years,3,20,High,3,20,16,11,6
42,35-44,0,No,Active,0,Travel_Rarely,3-5 Years,462,Sales,Sales,11-20,14,2,College,Medical,EMP-936,High,3,6-10 Years,Female,68,$5000-$7000,Medium,High,2,2,Sales Executive,3,Single,6244,7824,7,No,Standard,0,17,3,9+,0-1 Years,1,0-2 Years,Low,1,16-20%,0,2-5 Years,6–10 Years,6,10,High,3,5,4,0,3
42,35-44,0,No,Active,0,Travel_Rarely,3-5 Years,557,Research & Development,R & D,11-20,18,4,Master,Life Sciences,EMP-1998,Very High,4,6-10 Years,Male,35,$5000-$7000,High,Low,3,2,Research Scientist,1,Divorced,5410,11189,6,Yes,Overtime,1,17,3,9+,0-1 Years,1,0-2 Years,High,3,16-20%,1,2-5 Years,6–10 Years,3,9,Medium,2,4,3,1,2
42,35-44,0,No,Active,0,Travel_Rarely,3-5 Years,647,Sales,Sales,0-5,4,4,Master,Marketing,EMP-1171,Medium,2,6-10 Years,Male,45,$5000-$7000,High,Low,3,2,Sales Executive,1,Single,5155,2253,7,No,Standard,0,13,3,9+,0-1 Years,1,0-2 Years,Very High,4,11-15%,0,6-10 Years,6–10 Years,3,9,Very High,4,6,4,1,5
42,35-44,0,No,Active,0,Travel_Rarely,3-5 Years,855,Research & Development,R & D,11-20,12,3,Bachelor,Medical,EMP-1768,Medium,2,6-10 Years,Male,57,$0-$3000,High,Medium,3,1,Laboratory Technician,2,Divorced,2766,8952,8,No,Standard,0,22,4,9+,0-1 Years,1,0-2 Years,Medium,2,21%+,3,2-5 Years,6–10 Years,6,7,Medium,2,5,3,0,4
42,35-44,0,No,Active,0,Travel_Rarely,3-5 Years,932,Research & Development,R & D,0-5,1,2,College,Life Sciences,EMP-827,Very High,4,6-10 Years,Female,43,$5000-$7000,Medium,Very High,2,2,Manufacturing Director,4,Married,6062,4051,9,Yes,Overtime,1,13,3,9+,0-1 Years,1,0-2 Years,Very High,4,11-15%,1,2-5 Years,6–10 Years,4,8,High,3,4,3,0,2
42,35-44,0,No,Active,0,Travel_Rarely,3-5 Years,1265,Research & Development,R & D,0-5,3,3,Bachelor,Life Sciences,EMP-894,High,3,11-20 Years,Female,95,$5000-$7000,Very High,Very High,4,2,Laboratory Technician,4,Married,5231,23726,2,Yes,Overtime,1,13,3,1-2,0-1 Years,1,0-2 Years,Medium,2,11-15%,1,2-5 Years,16–20 Years,1,17,Medium,2,5,3,1,3
42,35-44,0,No,Active,0,Travel_Rarely,6-10 Years,269,Research & Development,R & D,0-5,2,3,Bachelor,Medical,EMP-351,Very High,4,6-10 Years,Female,56,$0-$3000,Medium,Low,2,1,Laboratory Technician,1,Divorced,2593,8007,0,Yes,Overtime,1,11,3,0,6+ Years,4,6+ Years,High,3,11-15%,1,6-10 Years,6–10 Years,4,10,High,3,9,6,7,8
42,35-44,0,No,Active,0,Travel_Rarely,6-10 Years,300,Research & Development,R & D,0-5,2,3,Bachelor,Life Sciences,EMP-2031,Low,1,21+ Years,Male,56,$15000+,High,High,3,5,Manager,3,Married,18880,17312,5,No,Standard,0,11,3,9+,4–5 Years,3,3-5 Years,Low,1,11-15%,0,11+ Years,21+ Years,2,24,Medium,2,22,6,4,14
42,35-44,0,No,Active,0,Travel_Rarely,6-10 Years,319,Research & Development,R & D,21+,24,3,Bachelor,Medical,EMP-605,Very High,4,6-10 Years,Male,56,$7000-$10000,High,Low,3,3,Manufacturing Director,1,Married,7406,6950,1,Yes,Overtime,1,21,4,1-2,4–5 Years,3,3-5 Years,Very High,4,21%+,1,6-10 Years,6–10 Years,5,10,Medium,2,10,9,5,8
42,35-44,0,No,Active,0,Travel_Rarely,6-10 Years,469,Research & Development,R & D,0-5,2,2,College,Medical,EMP-1109,Very High,4,21+ Years,Male,35,$15000+,High,Low,3,4,Manager,1,Married,17665,14399,0,No,Standard,0,17,3,0,6+ Years,4,6+ Years,Very High,4,16-20%,1,11+ Years,21+ Years,3,23,High,3,22,6,13,7
42,35-44,0,No,Active,0,Travel_Rarely,6-10 Years,691,Sales,Sales,6-10,8,4,Master,Marketing,EMP-35,High,3,6-10 Years,Male,48,$5000-$7000,High,Medium,3,2,Sales Executive,2,Married,6825,21173,0,No,Standard,0,11,3,0,4–5 Years,3,3-5 Years,Very High,4,11-15%,1,6-10 Years,6–10 Years,2,10,High,3,9,7,4,2
42,35-44,0,No,Active,0,Travel_Rarely,6-10 Years,933,Research & Development,R & D,21+,29,3,Bachelor,Life Sciences,EMP-836,Medium,2,6-10 Years,Male,98,$3000-$5000,High,Medium,3,2,Manufacturing Director,2,Married,4434,11806,1,No,Standard,0,13,3,1-2,6+ Years,4,6+ Years,Very High,4,11-15%,1,6-10 Years,6–10 Years,3,10,Medium,2,9,8,7,8
42,35-44,0,No,Active,0,Travel_Rarely,6-10 Years,1147,Human Resources,HR,6-10,10,3,Bachelor,Human Resources,EMP-1408,High,3,21+ Years,Female,31,$15000+,High,Low,3,4,Manager,1,Married,16799,16616,0,No,Standard,0,14,3,0,0-1 Years,1,0-2 Years,High,3,11-15%,1,11+ Years,21+ Years,5,21,High,3,20,7,0,9
42,35-44,0,No,Active,0,Travel_Rarely,6-10 Years,1396,Research & Development,R & D,6-10,6,3,Bachelor,Medical,EMP-1911,High,3,11-20 Years,Male,83,$10000-$15000,High,Low,3,3,Research Director,1,Married,13348,14842,9,No,Standard,0,13,3,9+,4–5 Years,3,3-5 Years,Medium,2,11-15%,1,11+ Years,16–20 Years,3,18,Very High,4,13,7,5,7
42,35-44,1,Yes,Left,1,Travel_Frequently,0-2 Years,933,Research & Development,R & D,11-20,19,3,Bachelor,Medical,EMP-752,High,3,6-10 Years,Male,57,$0-$3000,Very High,High,4,1,Research Scientist,3,Divorced,2759,20366,6,Yes,Overtime,1,12,3,9+,2–3 Years,2,0-2 Years,Very High,4,11-15%,0,2-5 Years,6–10 Years,2,7,High,3,2,2,2,2
42,35-44,1,Yes,Left,1,Travel_Frequently,6-10 Years,481,Sales,Sales,11-20,12,3,Bachelor,Life Sciences,EMP-1167,High,3,21+ Years,Male,44,$10000-$15000,High,Low,3,4,Sales Executive,1,Single,13758,2447,0,Yes,Overtime,1,12,3,0,6+ Years,4,6+ Years,Medium,2,11-15%,0,11+ Years,21+ Years,2,22,Medium,2,21,9,13,14
43,35-44,0,No,Active,0,Non-Travel,0-2 Years,343,Research & Development,R & D,6-10,9,3,Bachelor,Life Sciences,EMP-1813,Low,1,6-10 Years,Male,52,$0-$3000,High,High,3,1,Research Scientist,3,Single,2438,24978,4,No,Standard,0,13,3,9+,0-1 Years,1,0-2 Years,High,3,11-15%,0,2-5 Years,6–10 Years,2,7,Medium,2,3,2,1,2
43,35-44,0,No,Active,0,Non-Travel,3-5 Years,1344,Research & Development,R & D,6-10,7,3,Bachelor,Medical,EMP-262,Very High,4,6-10 Years,Male,37,$0-$3000,Very High,Very High,4,1,Research Scientist,4,Divorced,2089,5228,4,No,Standard,0,14,3,9+,2–3 Years,2,0-2 Years,Very High,4,11-15%,3,2-5 Years,6–10 Years,3,7,Very High,4,5,4,2,2
43,35-44,0,No,Active,0,Travel_Frequently,0-2 Years,313,Research & Development,R & D,21+,21,3,Bachelor,Medical,EMP-525,Very High,4,6-10 Years,Male,61,$0-$3000,High,Very High,3,1,Laboratory Technician,4,Married,2258,15238,7,No,Standard,0,20,4,9+,0-1 Years,1,0-2 Years,Low,1,16-20%,1,2-5 Years,6–10 Years,1,8,High,3,3,2,1,2
43,35-44,0,No,Active,0,Travel_Frequently,0-2 Years,422,Research & Development,R & D,0-5,1,3,Bachelor,Life Sciences,EMP-902,Very High,4,11-20 Years,Female,33,$5000-$7000,High,Very High,3,2,Healthcare Representative,4,Married,5562,21782,4,No,Standard,0,13,3,9+,2–3 Years,2,0-2 Years,Medium,2,11-15%,1,2-5 Years,11–15 Years,2,12,Medium,2,5,2,2,2
43,35-44,0,No,Active,0,Travel_Frequently,0-2 Years,775,Sales,Sales,11-20,15,3,Bachelor,Life Sciences,EMP-754,Very High,4,6-10 Years,Male,47,$5000-$7000,Medium,Very High,2,2,Sales Executive,4,Married,6804,23683,3,No,Standard,0,18,3,9+,2–3 Years,2,0-2 Years,High,3,16-20%,1,2-5 Years,6–10 Years,5,7,High,3,2,2,2,2
43,35-44,0,No,Active,0,Travel_Frequently,0-2 Years,957,Research & Development,R & D,21+,28,3,Bachelor,Medical,EMP-171,Medium,2,11-20 Years,Female,72,$3000-$5000,Very High,High,4,1,Research Scientist,3,Single,4739,16090,4,No,Standard,0,12,3,9+,0-1 Years,1,0-2 Years,Very High,4,11-15%,0,2-5 Years,16–20 Years,2,18,High,3,3,2,1,2
43,35-44,0,No,Active,0,Travel_Frequently,11+ Years,394,Sales,Sales,21+,26,2,College,Life Sciences,EMP-158,High,3,21+ Years,Male,92,$15000+,High,Very High,3,4,Manager,4,Married,16959,19494,1,Yes,Overtime,1,12,3,1-2,4–5 Years,3,3-5 Years,Very High,4,11-15%,2,11+ Years,21+ Years,3,25,Very High,4,25,12,4,12
43,35-44,0,No,Active,0,Travel_Frequently,6-10 Years,185,Research & Development,R & D,6-10,10,4,Master,Life Sciences,EMP-430,High,3,6-10 Years,Female,33,$0-$3000,High,Very High,3,1,Laboratory Technician,4,Single,2455,10675,0,No,Standard,0,19,3,0,0-1 Years,1,0-2 Years,Low,1,16-20%,0,6-10 Years,6–10 Years,5,9,High,3,8,7,1,7
43,35-44,0,No,Active,0,Travel_Frequently,6-10 Years,559,Research & Development,R & D,6-10,10,4,Master,Life Sciences,EMP-448,High,3,6-10 Years,Female,82,$5000-$7000,Medium,High,2,2,Laboratory Technician,3,Divorced,5257,6227,1,No,Standard,0,11,3,1-2,0-1 Years,1,0-2 Years,Medium,2,11-15%,1,6-10 Years,6–10 Years,3,9,Very High,4,9,7,0,0
43,35-44,0,No,Active,0,Travel_Frequently,6-10 Years,1001,Research & Development,R & D,6-10,9,5,Doctor,Medical,EMP-663,Very High,4,6-10 Years,Male,72,$5000-$7000,High,High,3,2,Laboratory Technician,3,Divorced,5679,19627,3,Yes,Overtime,1,13,3,9+,4–5 Years,3,3-5 Years,Medium,2,11-15%,1,6-10 Years,6–10 Years,3,10,High,3,8,7,4,7
43,35-44,0,No,Active,0,Travel_Frequently,6-10 Years,1082,Research & Development,R & D,21+,27,3,Bachelor,Life Sciences,EMP-1126,High,3,11-20 Years,Female,83,$10000-$15000,High,Low,3,3,Manufacturing Director,1,Married,10820,11535,8,No,Standard,0,11,3,9+,0-1 Years,1,0-2 Years,High,3,11-15%,1,6-10 Years,16–20 Years,1,18,High,3,8,7,0,1
43,35-44,0,No,Active,0,Travel_Frequently,6-10 Years,1422,Sales,Sales,0-5,2,4,Master,Life Sciences,EMP-1849,Low,1,6-10 Years,Male,92,$5000-$7000,High,Very High,3,2,Sales Executive,4,Married,5675,19246,1,No,Standard,0,20,4,1-2,6+ Years,4,6+ Years,High,3,16-20%,1,6-10 Years,6–10 Years,5,7,High,3,7,7,7,7
43,35-44,0,No,Active,0,Travel_Rarely,0-2 Years,177,Research & Development,R & D,6-10,8,3,Bachelor,Life Sciences,EMP-920,Low,1,0-5 Years,Female,55,$3000-$5000,High,Medium,3,2,Manufacturing Director,2,Divorced,4765,23814,4,No,Standard,0,21,4,9+,0-1 Years,1,0-2 Years,High,3,21%+,1,0-1 Years,0–5 Years,2,4,Very High,4,1,0,0,0
43,35-44,0,No,Active,0,Travel_Rarely,0-2 Years,415,Sales,Sales,21+,25,3,Bachelor,Medical,EMP-1076,High,3,11-20 Years,Male,79,$10000-$15000,Medium,Very High,2,3,Sales Executive,4,Divorced,10798,5268,5,No,Standard,0,13,3,9+,0-1 Years,1,0-2 Years,High,3,11-15%,1,0-1 Years,16–20 Years,5,18,High,3,1,0,0,0
43,35-44,0,No,Active,0,Travel_Rarely,0-2 Years,589,Research & Development,R & D,11-20,14,2,College,Life Sciences,EMP-843,Medium,2,21+ Years,Male,94,$15000+,High,Low,3,4,Research Director,1,Married,17159,5200,6,No,Standard,0,24,4,9+,0-1 Years,1,0-2 Years,High,3,21%+,1,2-5 Years,21+ Years,3,22,High,3,4,1,1,0
43,35-44,0,No,Active,0,Travel_Rarely,0-2 Years,782,Research & Development,R & D,6-10,6,4,Master,Other,EMP-661,Medium,2,21+ Years,Male,50,$15000+,Medium,Very High,2,4,Research Director,4,Divorced,16627,2671,4,Yes,Overtime,1,14,3,9+,0-1 Years,1,0-2 Years,High,3,11-15%,1,0-1 Years,21+ Years,3,21,Medium,2,1,0,0,0
43,35-44,0,No,Active,0,Travel_Rarely,0-2 Years,1001,Research & Development,R & D,6-10,7,3,Bachelor,Life Sciences,EMP-451,High,3,6-10 Years,Female,43,$7000-$10000,High,Low,3,3,Healthcare Representative,1,Married,9985,9262,8,No,Standard,0,16,3,9+,0-1 Years,1,0-2 Years,Low,1,16-20%,1,0-1 Years,6–10 Years,1,10,Medium,2,1,0,0,0
43,35-44,0,No,Active,0,Travel_Rarely,0-2 Years,1473,Research & Development,R & D,6-10,8,4,Master,Other,EMP-526,High,3,6-10 Years,Female,74,$3000-$5000,High,High,3,2,Healthcare Representative,3,Divorced,4522,2227,4,Yes,Overtime,1,14,3,9+,0-1 Years,1,0-2 Years,Very High,4,11-15%,0,2-5 Years,6–10 Years,3,8,High,3,5,2,0,2
43,35-44,0,No,Active,0,Travel_Rarely,11+ Years,823,Research & Development,R & D,6-10,6,3,Bachelor,Medical,EMP-1866,Low,1,21+ Years,Female,81,$15000+,Medium,High,2,5,Manager,3,Married,19392,22539,7,No,Standard,0,13,3,9+,6+ Years,4,6+ Years,Very High,4,11-15%,0,11+ Years,21+ Years,2,21,High,3,16,12,6,14
43,35-44,0,No,Active,0,Travel_Rarely,11+ Years,1034,Sales,Sales,11-20,16,3,Bachelor,Marketing,EMP-327,Very High,4,21+ Years,Female,80,$15000+,High,Very High,3,4,Manager,4,Married,16064,7744,5,Yes,Overtime,1,22,4,9+,0-1 Years,1,0-2 Years,High,3,21%+,1,11+ Years,21+ Years,3,22,High,3,17,13,1,9
43,35-44,0,No,Active,0,Travel_Rarely,3-5 Years,990,Research & Development,R & D,21+,27,3,Bachelor,Technical Degree,EMP-1599,Very High,4,6-10 Years,Male,87,$3000-$5000,Very High,Medium,4,1,Laboratory Technician,2,Divorced,4876,5855,5,No,Standard,0,12,3,9+,0-1 Years,1,0-2 Years,High,3,11-15%,1,6-10 Years,6–10 Years,0,8,High,3,6,4,0,2
43,35-44,0,No,Active,0,Travel_Rarely,3-5 Years,1273,Research & Development,R & D,0-5,2,2,College,Medical,EMP-46,Very High,4,6-10 Years,Female,72,$0-$3000,Very High,High,4,1,Research Scientist,3,Divorced,2645,21923,1,No,Standard,0,12,3,1-2,0-1 Years,1,0-2 Years,Very High,4,11-15%,2,2-5 Years,6–10 Years,3,6,Medium,2,5,3,1,4
43,35-44,0,No,Active,0,Travel_Rarely,6-10 Years,244,Human Resources,HR,0-5,2,3,Bachelor,Life Sciences,EMP-1778,Medium,2,6-10 Years,Male,97,$3000-$5000,High,Very High,3,1,Human Resources,4,Single,3539,5033,0,No,Standard,0,13,3,0,0-1 Years,1,0-2 Years,Medium,2,11-15%,0,6-10 Years,6–10 Years,5,10,High,3,9,7,1,8
43,35-44,0,No,Active,0,Travel_Rarely,6-10 Years,531,Sales,Sales,0-5,4,4,Master,Marketing,EMP-1293,Very High,4,21+ Years,Female,56,$10000-$15000,Medium,Very High,2,3,Sales Executive,4,Single,10231,20364,3,No,Standard,0,14,3,9+,6+ Years,4,6+ Years,Very High,4,11-15%,0,11+ Years,21+ Years,3,23,Very High,4,21,7,15,17
43,35-44,0,No,Active,0,Travel_Rarely,6-10 Years,574,Research & Development,R & D,11-20,11,3,Bachelor,Life Sciences,EMP-1971,Low,1,6-10 Years,Male,30,$7000-$10000,High,High,3,3,Healthcare Representative,3,Married,7510,16873,1,No,Standard,0,17,3,1-2,0-1 Years,1,0-2 Years,Medium,2,16-20%,1,6-10 Years,6–10 Years,1,10,High,3,10,9,0,9
43,35-44,0,No,Active,0,Travel_Rarely,6-10 Years,920,Research & Development,R & D,0-5,3,3,Bachelor,Life Sciences,EMP-1255,High,3,21+ Years,Male,96,$15000+,Low,Very High,1,5,Research Director,4,Married,19740,18625,3,No,Standard,0,14,3,9+,0-1 Years,1,0-2 Years,Medium,2,11-15%,1,6-10 Years,21+ Years,2,25,High,3,8,7,0,7
43,35-44,0,No,Active,0,Travel_Rarely,6-10 Years,930,Research & Development,R & D,6-10,6,3,Bachelor,Medical,EMP-1402,Low,1,11-20 Years,Female,73,$3000-$5000,Medium,High,2,2,Research Scientist,3,Single,4081,20003,1,Yes,Overtime,1,14,3,1-2,0-1 Years,1,0-2 Years,Low,1,11-15%,0,11+ Years,16–20 Years,3,20,Low,1,20,7,1,8
43,35-44,0,No,Active,0,Travel_Rarely,6-10 Years,982,Research & Development,R & D,11-20,12,3,Bachelor,Life Sciences,EMP-520,Low,1,21+ Years,Male,59,$10000-$15000,Medium,Medium,2,4,Research Director,2,Divorced,14336,4345,1,No,Standard,0,11,3,1-2,2–3 Years,2,3-5 Years,High,3,11-15%,1,11+ Years,21+ Years,3,25,High,3,25,10,3,9
43,35-44,0,No,Active,0,Travel_Rarely,6-10 Years,1179,Sales,Sales,0-5,2,3,Bachelor,Medical,EMP-1706,Very High,4,6-10 Years,Male,73,$7000-$10000,High,Very High,3,2,Sales Executive,4,Married,7847,6069,1,Yes,Overtime,1,17,3,1-2,6+ Years,4,6+ Years,Low,1,16-20%,1,6-10 Years,6–10 Years,3,10,High,3,10,9,8,8
43,35-44,0,No,Active,0,Travel_Rarely,6-10 Years,1291,Research & Development,R & D,11-20,15,2,College,Life Sciences,EMP-1666,High,3,11-20 Years,Male,65,$15000+,Medium,High,2,4,Research Director,3,Married,17603,3525,1,No,Standard,0,24,4,1-2,6+ Years,4,6+ Years,Low,1,21%+,1,11+ Years,11–15 Years,3,14,High,3,14,10,6,11
43,35-44,1,Yes,Left,1,Travel_Frequently,0-2 Years,807,Research & Development,R & D,11-20,17,3,Bachelor,Technical Degree,EMP-1767,High,3,6-10 Years,Male,38,$0-$3000,Medium,High,2,1,Research Scientist,3,Married,2437,15587,9,Yes,Overtime,1,16,3,9+,0-1 Years,1,0-2 Years,Very High,4,16-20%,1,0-1 Years,6–10 Years,4,6,High,3,1,0,0,0
43,35-44,1,Yes,Left,1,Travel_Rarely,3-5 Years,1372,Sales,Sales,6-10,9,3,Bachelor,Marketing,EMP-1188,Low,1,6-10 Years,Female,85,$5000-$7000,Low,High,1,2,Sales Executive,3,Single,5346,9489,8,No,Standard,0,13,3,9+,0-1 Years,1,0-2 Years,Medium,2,11-15%,0,2-5 Years,6–10 Years,2,7,Medium,2,4,3,1,3
44,35-44,0,No,Active,0,Non-Travel,0-2 Years,111,Research & Development,R & D,11-20,17,3,Bachelor,Life Sciences,EMP-1206,Very High,4,6-10 Years,Male,74,$0-$3000,Low,High,1,1,Research Scientist,3,Single,2290,4279,2,No,Standard,0,13,3,1-2,0-1 Years,1,0-2 Years,Very High,4,11-15%,0,0-1 Years,6–10 Years,3,6,High,3,0,0,0,0
44,35-44,0,No,Active,0,Non-Travel,0-2 Years,381,Research & Development,R & D,21+,24,3,Bachelor,Medical,EMP-744,Low,1,6-10 Years,Male,49,$3000-$5000,Low,High,1,1,Laboratory Technician,3,Single,3708,2104,2,No,Standard,0,14,3,1-2,0-1 Years,1,0-2 Years,High,3,11-15%,0,2-5 Years,6–10 Years,5,9,High,3,5,2,1,4
44,35-44,0,No,Active,0,Non-Travel,0-2 Years,489,Research & Development,R & D,21+,23,3,Bachelor,Medical,EMP-132,Medium,2,11-20 Years,Male,67,$0-$3000,High,Medium,3,2,Laboratory Technician,2,Married,2042,25043,4,No,Standard,0,12,3,9+,0-1 Years,1,0-2 Years,High,3,11-15%,1,2-5 Years,16–20 Years,3,17,Very High,4,3,2,1,2
44,35-44,0,No,Active,0,Non-Travel,0-2 Years,981,Research & Development,R & D,0-5,5,3,Bachelor,Life Sciences,EMP-1471,High,3,6-10 Years,Male,90,$3000-$5000,Medium,High,2,1,Laboratory Technician,3,Single,3162,7973,3,No,Standard,0,14,3,9+,0-1 Years,1,0-2 Years,Very High,4,11-15%,0,2-5 Years,6–10 Years,5,7,High,3,5,2,0,3
44,35-44,0,No,Active,0,Travel_Frequently,0-2 Years,383,Sales,Sales,0-5,1,5,Doctor,Marketing,EMP-1481,Low,1,11-20 Years,Female,79,$3000-$5000,High,High,3,2,Sales Executive,3,Married,4768,9282,7,No,Standard,0,12,3,9+,0-1 Years,1,0-2 Years,High,3,11-15%,1,0-1 Years,11–15 Years,4,11,Medium,2,1,0,0,0
44,35-44,0,No,Active,0,Travel_Frequently,0-2 Years,1193,Research & Development,R & D,0-5,2,1,Below College,Medical,EMP-1496,Medium,2,11-20 Years,Male,86,$10000-$15000,High,High,3,3,Manufacturing Director,3,Single,10209,19719,5,Yes,Overtime,1,18,3,9+,2–3 Years,2,0-2 Years,Medium,2,16-20%,0,2-5 Years,16–20 Years,2,16,Medium,2,2,2,2,2
44,35-44,0,No,Active,0,Travel_Frequently,6-10 Years,602,Human Resources,HR,0-5,1,5,Doctor,Human Resources,EMP-1642,Low,1,11-20 Years,Male,37,$5000-$7000,High,Very High,3,2,Human Resources,4,Married,5743,10503,4,Yes,Overtime,1,11,3,9+,0-1 Years,1,0-2 Years,High,3,11-15%,0,6-10 Years,11–15 Years,3,14,High,3,10,7,0,2
44,35-44,0,No,Active,0,Travel_Rarely,0-2 Years,170,Research & Development,R & D,0-5,1,4,Master,Life Sciences,EMP-1903,Medium,2,6-10 Years,Male,78,$5000-$7000,Very High,Low,4,2,Healthcare Representative,1,Married,5033,9364,2,No,Standard,0,15,3,1-2,2–3 Years,2,0-2 Years,Very High,4,11-15%,1,2-5 Years,6–10 Years,5,10,High,3,2,0,2,2
44,35-44,0,No,Active,0,Travel_Rarely,0-2 Years,528,Human Resources,HR,0-5,1,3,Bachelor,Life Sciences,EMP-1683,High,3,6-10 Years,Female,44,$3000-$5000,High,Very High,3,1,Human Resources,4,Divorced,3195,4167,4,Yes,Overtime,1,18,3,9+,2–3 Years,2,0-2 Years,Low,1,16-20%,3,2-5 Years,6–10 Years,2,8,High,3,2,2,2,2
44,35-44,0,No,Active,0,Travel_Rarely,0-2 Years,625,Research & Development,R & D,0-5,4,3,Bachelor,Medical,EMP-852,Very High,4,6-10 Years,Male,50,$5000-$7000,High,Medium,3,2,Healthcare Representative,2,Single,5933,5197,9,No,Standard,0,12,3,9+,2–3 Years,2,0-2 Years,Very High,4,11-15%,0,2-5 Years,6–10 Years,2,10,Medium,2,5,2,2,3
44,35-44,0,No,Active,0,Travel_Rarely,0-2 Years,986,Research & Development,R & D,6-10,8,4,Master,Life Sciences,EMP-874,Low,1,6-10 Years,Male,62,$0-$3000,Very High,Very High,4,1,Laboratory Technician,4,Married,2818,5044,2,Yes,Overtime,1,24,4,1-2,0-1 Years,1,0-2 Years,High,3,21%+,1,2-5 Years,6–10 Years,2,10,Medium,2,3,2,0,2
44,35-44,0,No,Active,0,Travel_Rarely,0-2 Years,1112,Human Resources,HR,0-5,1,4,Master,Life Sciences,EMP-665,Low,1,6-10 Years,Female,50,$5000-$7000,Medium,High,2,2,Human Resources,3,Single,5985,26894,4,No,Standard,0,11,3,9+,0-1 Years,1,0-2 Years,Medium,2,11-15%,0,2-5 Years,6–10 Years,1,10,Very High,4,2,2,0,2
44,35-44,0,No,Active,0,Travel_Rarely,0-2 Years,1315,Research & Development,R & D,0-5,3,4,Master,Other,EMP-671,Very High,4,21+ Years,Male,35,$15000+,High,Very High,3,5,Manager,4,Married,19513,9358,4,Yes,Overtime,1,12,3,9+,0-1 Years,1,0-2 Years,Low,1,11-15%,1,2-5 Years,21+ Years,2,26,Very High,4,2,2,0,1
44,35-44,0,No,Active,0,Travel_Rarely,0-2 Years,1459,Research & Development,R & D,6-10,10,4,Master,Other,EMP-40,Very High,4,6-10 Years,Male,41,$5000-$7000,High,Very High,3,2,Healthcare Representative,4,Married,6465,19121,2,Yes,Overtime,1,13,3,1-2,0-1 Years,1,0-2 Years,Very High,4,11-15%,0,2-5 Years,6–10 Years,5,9,Very High,4,4,2,1,3
44,35-44,0,No,Active,0,Travel_Rarely,0-2 Years,1467,Research & Development,R & D,11-20,20,3,Bachelor,Life Sciences,EMP-1475,Very High,4,6-10 Years,Male,49,$3000-$5000,High,Medium,3,1,Research Scientist,2,Single,3420,21158,1,No,Standard,0,13,3,1-2,0-1 Years,1,0-2 Years,High,3,11-15%,0,2-5 Years,6–10 Years,3,6,Medium,2,5,2,1,3
44,35-44,0,No,Active,0,Travel_Rarely,11+ Years,200,Research & Development,R & D,21+,29,4,Master,Other,EMP-1225,Very High,4,11-20 Years,Male,32,$3000-$5000,High,Very High,3,2,Research Scientist,4,Single,4541,7744,1,No,Standard,0,25,4,1-2,6+ Years,4,6+ Years,Medium,2,21%+,0,11+ Years,16–20 Years,3,20,High,3,20,11,13,17
44,35-44,0,No,Active,0,Travel_Rarely,11+ Years,1448,Sales,Sales,21+,28,3,Bachelor,Medical,EMP-1039,Very High,4,21+ Years,Female,53,$10000-$15000,Very High,Very High,4,4,Sales Executive,4,Married,13320,11737,3,Yes,Overtime,1,18,3,9+,6+ Years,4,6+ Years,High,3,16-20%,1,11+ Years,21+ Years,2,23,High,3,12,11,11,11
44,35-44,0,No,Active,0,Travel_Rarely,3-5 Years,1037,Research & Development,R & D,0-5,1,3,Bachelor,Medical,EMP-2020,Medium,2,6-10 Years,Male,42,$0-$3000,High,Very High,3,1,Research Scientist,4,Single,2436,13422,6,Yes,Overtime,1,12,3,9+,0-1 Years,1,0-2 Years,High,3,11-15%,0,2-5 Years,6–10 Years,2,6,High,3,4,3,1,2
44,35-44,0,No,Active,0,Travel_Rarely,3-5 Years,1117,Research & Development,R & D,0-5,2,1,Below College,Life Sciences,EMP-1246,Low,1,6-10 Years,Female,72,$0-$3000,Very High,Very High,4,1,Research Scientist,4,Married,2011,19982,1,No,Standard,0,13,3,1-2,6+ Years,4,6+ Years,Very High,4,11-15%,1,6-10 Years,6–10 Years,5,10,High,3,10,5,7,7
44,35-44,0,No,Active,0,Travel_Rarely,3-5 Years,1488,Sales,Sales,0-5,1,5,Doctor,Marketing,EMP-68,Medium,2,6-10 Years,Female,75,$5000-$7000,High,Low,3,2,Sales Executive,1,Divorced,5454,4009,5,Yes,Overtime,1,21,4,9+,0-1 Years,1,0-2 Years,High,3,21%+,1,2-5 Years,6–10 Years,2,9,Medium,2,4,3,1,3
44,35-44,0,No,Active,0,Travel_Rarely,6-10 Years,136,Research & Development,R & D,21+,28,3,Bachelor,Life Sciences,EMP-1523,Very High,4,21+ Years,Male,32,$15000+,High,Low,3,4,Research Director,1,Married,16328,22074,3,No,Standard,0,13,3,9+,6+ Years,4,6+ Years,High,3,11-15%,1,11+ Years,21+ Years,1,24,Very High,4,20,6,14,17
44,35-44,0,No,Active,0,Travel_Rarely,6-10 Years,477,Research & Development,R & D,6-10,7,4,Master,Medical,EMP-36,Low,1,21+ Years,Female,42,$10000-$15000,Medium,Very High,2,3,Healthcare Representative,4,Married,10248,2094,3,No,Standard,0,14,3,9+,4–5 Years,3,3-5 Years,Very High,4,11-15%,1,11+ Years,21+ Years,4,24,High,3,22,6,5,17
44,35-44,0,No,Active,0,Travel_Rarely,6-10 Years,661,Research & Development,R & D,6-10,9,2,College,Life Sciences,EMP-913,Medium,2,6-10 Years,Male,61,$0-$3000,High,Low,3,1,Research Scientist,1,Married,2559,7508,1,Yes,Overtime,1,13,3,1-2,6+ Years,4,6+ Years,Very High,4,11-15%,0,6-10 Years,6–10 Years,0,8,High,3,8,7,7,1
44,35-44,0,No,Active,0,Travel_Rarely,6-10 Years,921,Research & Development,R & D,0-5,2,3,Bachelor,Life Sciences,EMP-1703,High,3,6-10 Years,Female,96,$7000-$10000,Very High,Very High,4,3,Healthcare Representative,4,Married,7879,14810,1,Yes,Overtime,1,19,3,1-2,6+ Years,4,6+ Years,Medium,2,16-20%,1,6-10 Years,6–10 Years,2,9,High,3,8,7,6,7
44,35-44,0,No,Active,0,Travel_Rarely,6-10 Years,1099,Sales,Sales,0-5,5,3,Bachelor,Marketing,EMP-1267,Medium,2,21+ Years,Male,88,$15000+,High,Medium,3,5,Manager,2,Married,18213,8751,7,No,Standard,0,11,3,9+,2–3 Years,2,3-5 Years,High,3,11-15%,1,11+ Years,21+ Years,5,26,High,3,22,9,3,10
44,35-44,0,No,Active,0,Travel_Rarely,6-10 Years,1199,Research & Development,R & D,0-5,4,2,College,Life Sciences,EMP-1288,High,3,21+ Years,Male,92,$15000+,Very High,Low,4,5,Manager,1,Divorced,19190,17477,1,No,Standard,0,14,3,1-2,6+ Years,4,6+ Years,Very High,4,11-15%,2,11+ Years,21+ Years,4,26,Medium,2,25,9,14,13
44,35-44,0,No,Active,0,Travel_Rarely,6-10 Years,1313,Research & Development,R & D,6-10,7,3,Bachelor,Medical,EMP-1608,Medium,2,21+ Years,Female,31,$15000+,High,Very High,3,5,Research Director,4,Divorced,19049,3549,0,Yes,Overtime,1,14,3,0,0-1 Years,1,0-2 Years,Very High,4,11-15%,1,11+ Years,21+ Years,4,23,Medium,2,22,7,1,10
44,35-44,1,Yes,Left,1,Travel_Frequently,0-2 Years,920,Research & Development,R & D,21+,24,3,Bachelor,Life Sciences,EMP-392,Very High,4,11-20 Years,Male,43,$3000-$5000,High,High,3,1,Laboratory Technician,3,Divorced,3161,19920,3,Yes,Overtime,1,22,4,9+,0-1 Years,1,0-2 Years,Very High,4,21%+,1,0-1 Years,16–20 Years,0,19,Low,1,1,0,0,0
44,35-44,1,Yes,Left,1,Travel_Frequently,3-5 Years,429,Research & Development,R & D,0-5,1,2,College,Medical,EMP-1792,High,3,6-10 Years,Male,99,$0-$3000,High,Medium,3,1,Research Scientist,2,Divorced,2342,11092,1,Yes,Overtime,1,12,3,1-2,2–3 Years,2,0-2 Years,High,3,11-15%,3,2-5 Years,6–10 Years,2,6,Medium,2,5,3,2,3
44,35-44,1,Yes,Left,1,Travel_Rarely,0-2 Years,935,Research & Development,R & D,0-5,3,3,Bachelor,Life Sciences,EMP-1333,Low,1,6-10 Years,Male,89,$0-$3000,High,Low,3,1,Laboratory Technician,1,Married,2362,14669,4,No,Standard,0,12,3,9+,0-1 Years,1,0-2 Years,High,3,11-15%,0,2-5 Years,6–10 Years,4,10,Very High,4,3,2,1,2
44,35-44,1,Yes,Left,1,Travel_Rarely,3-5 Years,1097,Research & Development,R & D,6-10,10,4,Master,Life Sciences,EMP-1200,High,3,6-10 Years,Male,96,$0-$3000,High,High,3,1,Research Scientist,3,Single,2936,10826,1,Yes,Overtime,1,11,3,1-2,0-1 Years,1,0-2 Years,High,3,11-15%,0,6-10 Years,6–10 Years,4,6,High,3,6,4,0,2
44,35-44,1,Yes,Left,1,Travel_Rarely,6-10 Years,621,Research & Development,R & D,11-20,15,3,Bachelor,Medical,EMP-1295,Low,1,6-10 Years,Female,73,$7000-$10000,High,Very High,3,3,Healthcare Representative,4,Married,7978,14075,1,No,Standard,0,11,3,1-2,0-1 Years,1,0-2 Years,Very High,4,11-15%,1,6-10 Years,6–10 Years,2,10,High,3,10,7,0,5
44,35-44,1,Yes,Left,1,Travel_Rarely,6-10 Years,1376,Human Resources,HR,0-5,1,2,College,Medical,EMP-1098,Medium,2,21+ Years,Male,91,$10000-$15000,Medium,Low,2,3,Human Resources,1,Married,10482,2326,9,No,Standard,0,14,3,9+,2–3 Years,2,3-5 Years,Very High,4,11-15%,1,11+ Years,21+ Years,1,24,High,3,20,6,3,6
45,45-54,0,No,Active,0,Non-Travel,11+ Years,1238,Research & Development,R & D,0-5,1,1,Below College,Life Sciences,EMP-1712,High,3,21+ Years,Male,74,$10000-$15000,Medium,High,2,3,Healthcare Representative,3,Married,10748,3395,3,No,Standard,0,23,4,9+,6+ Years,4,6+ Years,Very High,4,21%+,1,11+ Years,21+ Years,3,25,Medium,2,23,15,14,4
45,45-54,0,No,Active,0,Non-Travel,6-10 Years,248,Research & Development,R & D,21+,23,2,College,Life Sciences,EMP-1002,Very High,4,6-10 Years,Male,42,$3000-$5000,High,Low,3,2,Laboratory Technician,1,Married,3633,14039,1,Yes,Overtime,1,15,3,1-2,0-1 Years,1,0-2 Years,High,3,11-15%,1,6-10 Years,6–10 Years,2,9,High,3,9,8,0,8
45,45-54,0,No,Active,0,Non-Travel,6-10 Years,336,Sales,Sales,21+,26,3,Bachelor,Marketing,EMP-1612,Low,1,6-10 Years,Male,52,$3000-$5000,Medium,Low,2,2,Sales Executive,1,Married,4385,24162,1,No,Standard,0,15,3,1-2,4–5 Years,3,3-5 Years,Low,1,11-15%,1,6-10 Years,6–10 Years,2,10,High,3,10,7,4,5
45,45-54,0,No,Active,0,Non-Travel,6-10 Years,589,Sales,Sales,0-5,2,4,Master,Life Sciences,EMP-1845,High,3,6-10 Years,Female,67,$5000-$7000,High,High,3,2,Sales Executive,3,Married,5154,19665,4,No,Standard,0,22,4,9+,4–5 Years,3,3-5 Years,Medium,2,21%+,2,6-10 Years,6–10 Years,3,10,Very High,4,8,7,5,7
45,45-54,0,No,Active,0,Non-Travel,6-10 Years,805,Research & Development,R & D,0-5,4,2,College,Life Sciences,EMP-972,High,3,6-10 Years,Male,57,$3000-$5000,High,Medium,3,2,Laboratory Technician,2,Married,4447,23163,1,No,Standard,0,12,3,1-2,0-1 Years,1,0-2 Years,Medium,2,11-15%,0,6-10 Years,6–10 Years,5,9,Medium,2,9,7,0,8
45,45-54,0,No,Active,0,Non-Travel,6-10 Years,1050,Sales,Sales,6-10,9,4,Master,Life Sciences,EMP-1117,Medium,2,11-20 Years,Female,65,$5000-$7000,Medium,High,2,2,Sales Executive,3,Married,5593,17970,1,No,Standard,0,13,3,1-2,4–5 Years,3,3-5 Years,Very High,4,11-15%,1,11+ Years,11–15 Years,2,15,High,3,15,10,4,12
45,45-54,0,No,Active,0,Non-Travel,6-10 Years,1052,Sales,Sales,6-10,6,3,Bachelor,Medical,EMP-302,Very High,4,21+ Years,Female,57,$7000-$10000,Medium,Very High,2,3,Sales Executive,4,Single,8865,16840,6,No,Standard,0,12,3,9+,6+ Years,4,6+ Years,Very High,4,11-15%,0,11+ Years,21+ Years,2,23,High,3,19,7,12,8
45,45-54,0,No,Active,0,Non-Travel,6-10 Years,1195,Research & Development,R & D,0-5,2,2,College,Medical,EMP-264,Low,1,21+ Years,Male,65,$15000+,Medium,Very High,2,4,Manager,4,Married,16792,20462,9,No,Standard,0,23,4,9+,6+ Years,4,6+ Years,Very High,4,21%+,1,11+ Years,21+ Years,1,22,High,3,20,8,11,8
45,45-54,0,No,Active,0,Travel_Frequently,0-2 Years,364,Research & Development,R & D,21+,25,3,Bachelor,Medical,EMP-1306,Medium,2,21+ Years,Female,83,$15000+,High,Medium,3,5,Manager,2,Single,18061,13035,3,No,Standard,0,22,4,9+,0-1 Years,1,0-2 Years,High,3,21%+,0,0-1 Years,21+ Years,4,22,High,3,0,0,0,0
45,45-54,0,No,Active,0,Travel_Frequently,0-2 Years,1199,Research & Development,R & D,6-10,7,4,Master,Life Sciences,EMP-341,Low,1,6-10 Years,Male,77,$5000-$7000,Very High,High,4,2,Manufacturing Director,3,Married,6434,5118,4,No,Standard,0,17,3,9+,0-1 Years,1,0-2 Years,Very High,4,16-20%,1,2-5 Years,6–10 Years,1,9,High,3,3,2,0,2
45,45-54,0,No,Active,0,Travel_Frequently,0-2 Years,1297,Research & Development,R & D,0-5,1,4,Master,Medical,EMP-1922,Medium,2,11-20 Years,Male,44,$5000-$7000,High,High,3,2,Healthcare Representative,3,Single,5399,14511,4,No,Standard,0,12,3,9+,0-1 Years,1,0-2 Years,High,3,11-15%,0,2-5 Years,11–15 Years,3,12,High,3,4,2,0,3
45,45-54,0,No,Active,0,Travel_Frequently,6-10 Years,1249,Research & Development,R & D,6-10,7,3,Bachelor,Life Sciences,EMP-425,Low,1,21+ Years,Male,97,$5000-$7000,High,Low,3,3,Laboratory Technician,1,Divorced,5210,20308,1,No,Standard,0,18,3,1-2,6+ Years,4,6+ Years,Low,1,16-20%,1,11+ Years,21+ Years,2,24,High,3,24,9,9,11
45,45-54,0,No,Active,0,Travel_Rarely,0-2 Years,176,Human Resources,HR,0-5,4,3,Bachelor,Life Sciences,EMP-1744,High,3,6-10 Years,Female,56,$7000-$10000,Low,High,1,3,Human Resources,3,Married,9756,6595,4,No,Standard,0,21,4,9+,0-1 Years,1,0-2 Years,High,3,21%+,2,2-5 Years,6–10 Years,2,9,Very High,4,5,0,0,3
45,45-54,0,No,Active,0,Travel_Rarely,0-2 Years,192,Research & Development,R & D,6-10,10,2,College,Life Sciences,EMP-544,Low,1,6-10 Years,Male,69,$0-$3000,High,Very High,3,1,Research Scientist,4,Married,2654,9655,3,No,Standard,0,21,4,9+,0-1 Years,1,0-2 Years,Very High,4,21%+,2,2-5 Years,6–10 Years,3,8,Medium,2,2,2,0,2
45,45-54,0,No,Active,0,Travel_Rarely,0-2 Years,193,Research & Development,R & D,6-10,6,4,Master,Other,EMP-101,Very High,4,11-20 Years,Male,52,$10000-$15000,High,Low,3,3,Research Director,1,Married,13245,15067,4,Yes,Overtime,1,14,3,9+,0-1 Years,1,0-2 Years,Medium,2,11-15%,0,0-1 Years,16–20 Years,3,17,Very High,4,0,0,0,0
45,45-54,0,No,Active,0,Travel_Rarely,0-2 Years,252,Research & Development,R & D,0-5,1,3,Bachelor,Other,EMP-336,High,3,21+ Years,Male,70,$15000+,Very High,Very High,4,5,Manager,4,Married,19202,15970,0,No,Standard,0,11,3,0,0-1 Years,1,0-2 Years,High,3,11-15%,1,11+ Years,21+ Years,2,25,High,3,24,0,1,7
45,45-54,0,No,Active,0,Travel_Rarely,0-2 Years,252,Research & Development,R & D,0-5,2,3,Bachelor,Life Sciences,EMP-834,Medium,2,0-5 Years,Female,95,$0-$3000,Medium,High,2,1,Research Scientist,3,Single,2274,6153,1,No,Standard,0,14,3,1-2,0-1 Years,1,0-2 Years,Very High,4,11-15%,0,0-1 Years,0–5 Years,3,1,High,3,1,0,0,0
45,45-54,0,No,Active,0,Travel_Rarely,0-2 Years,1339,Research & Development,R & D,6-10,7,3,Bachelor,Life Sciences,EMP-86,Medium,2,21+ Years,Male,59,$7000-$10000,High,Low,3,3,Research Scientist,1,Divorced,9724,18787,2,No,Standard,0,17,3,1-2,0-1 Years,1,0-2 Years,High,3,16-20%,1,0-1 Years,21+ Years,2,25,High,3,1,0,0,0
45,45-54,0,No,Active,0,Travel_Rarely,0-2 Years,1448,Research & Development,R & D,21+,29,3,Bachelor,Technical Degree,EMP-1465,Medium,2,6-10 Years,Male,55,$7000-$10000,High,Very High,3,3,Manufacturing Director,4,Married,9380,14720,4,Yes,Overtime,1,18,3,9+,0-1 Years,1,0-2 Years,Very High,4,16-20%,2,2-5 Years,6–10 Years,4,10,Very High,4,3,1,1,2
45,45-54,0,No,Active,0,Travel_Rarely,0-2 Years,1457,Research & Development,R & D,6-10,7,3,Bachelor,Medical,EMP-1195,Low,1,6-10 Years,Female,83,$3000-$5000,High,High,3,1,Research Scientist,3,Married,4477,20100,4,Yes,Overtime,1,19,3,9+,0-1 Years,1,0-2 Years,High,3,16-20%,1,2-5 Years,6–10 Years,2,7,Medium,2,3,2,0,2
45,45-54,0,No,Active,0,Travel_Rarely,3-5 Years,374,Sales,Sales,11-20,20,3,Bachelor,Life Sciences,EMP-2046,Very High,4,6-10 Years,Female,50,$3000-$5000,High,High,3,2,Sales Executive,3,Single,4850,23333,8,No,Standard,0,15,3,9+,0-1 Years,1,0-2 Years,High,3,11-15%,0,2-5 Years,6–10 Years,3,8,High,3,5,3,0,1
45,45-54,0,No,Active,0,Travel_Rarely,3-5 Years,788,Human Resources,HR,21+,24,4,Master,Medical,EMP-1049,Medium,2,6-10 Years,Male,36,$0-$3000,High,Medium,3,1,Human Resources,2,Single,2177,8318,1,No,Standard,0,16,3,1-2,0-1 Years,1,0-2 Years,Low,1,16-20%,0,6-10 Years,6–10 Years,3,6,High,3,6,3,0,4
45,45-54,0,No,Active,0,Travel_Rarely,3-5 Years,930,Sales,Sales,6-10,9,3,Bachelor,Marketing,EMP-864,Very High,4,11-20 Years,Male,74,$10000-$15000,High,Low,3,3,Sales Executive,1,Divorced,10761,19239,4,Yes,Overtime,1,12,3,9+,0-1 Years,1,0-2 Years,High,3,11-15%,1,2-5 Years,16–20 Years,2,18,High,3,5,4,0,2
45,45-54,0,No,Active,0,Travel_Rarely,3-5 Years,950,Research & Development,R & D,21+,28,3,Bachelor,Technical Degree,EMP-1546,Very High,4,6-10 Years,Male,97,$0-$3000,High,Very High,3,1,Research Scientist,4,Married,2132,4585,4,No,Standard,0,20,4,9+,0-1 Years,1,0-2 Years,Very High,4,16-20%,1,2-5 Years,6–10 Years,3,8,High,3,5,4,0,3
45,45-54,0,No,Active,0,Travel_Rarely,3-5 Years,974,Research & Development,R & D,0-5,1,4,Master,Medical,EMP-996,Very High,4,6-10 Years,Female,91,$0-$3000,High,Very High,3,1,Laboratory Technician,4,Divorced,2270,11005,3,No,Standard,0,14,3,9+,0-1 Years,1,0-2 Years,Very High,4,11-15%,2,2-5 Years,6–10 Years,2,8,High,3,5,3,0,2
45,45-54,0,No,Active,0,Travel_Rarely,3-5 Years,1234,Sales,Sales,11-20,11,2,College,Life Sciences,EMP-1045,Very High,4,21+ Years,Female,90,$15000+,High,Very High,3,4,Manager,4,Married,17650,5404,3,No,Standard,0,13,3,9+,0-1 Years,1,0-2 Years,Medium,2,11-15%,1,6-10 Years,21+ Years,4,26,Very High,4,9,3,1,1
45,45-54,0,No,Active,0,Travel_Rarely,3-5 Years,1268,Sales,Sales,0-5,4,2,College,Life Sciences,EMP-240,High,3,6-10 Years,Female,30,$5000-$7000,High,Low,3,2,Sales Executive,1,Divorced,5006,6319,4,Yes,Overtime,1,11,3,9+,0-1 Years,1,0-2 Years,Low,1,11-15%,1,2-5 Years,6–10 Years,3,9,Very High,4,5,4,0,3
45,45-54,0,No,Active,0,Travel_Rarely,3-5 Years,1316,Research & Development,R & D,21+,29,3,Bachelor,Medical,EMP-192,High,3,6-10 Years,Male,83,$3000-$5000,High,Very High,3,1,Research Scientist,4,Single,3452,9752,5,No,Standard,0,13,3,9+,0-1 Years,1,0-2 Years,Medium,2,11-15%,0,6-10 Years,6–10 Years,2,9,Medium,2,6,5,0,3
45,45-54,0,No,Active,0,Travel_Rarely,6-10 Years,194,Research & Development,R & D,6-10,9,3,Bachelor,Life Sciences,EMP-206,Medium,2,11-20 Years,Male,60,$0-$3000,High,Medium,3,2,Laboratory Technician,2,Divorced,2348,10901,8,No,Standard,0,18,3,9+,0-1 Years,1,0-2 Years,High,3,16-20%,1,11+ Years,16–20 Years,2,20,Low,1,17,9,0,15
45,45-54,0,No,Active,0,Travel_Rarely,6-10 Years,538,Research & Development,R & D,0-5,1,4,Master,Technical Degree,EMP-1553,Low,1,6-10 Years,Male,66,$7000-$10000,High,Medium,3,3,Healthcare Representative,2,Divorced,7441,20933,1,No,Standard,0,12,3,1-2,6+ Years,4,6+ Years,Low,1,11-15%,3,6-10 Years,6–10 Years,4,10,High,3,10,8,7,7
45,45-54,0,No,Active,0,Travel_Rarely,6-10 Years,549,Research & Development,R & D,6-10,8,4,Master,Other,EMP-452,Very High,4,11-20 Years,Male,75,$3000-$5000,High,Very High,3,2,Research Scientist,4,Married,3697,9278,9,No,Standard,0,14,3,9+,6+ Years,4,6+ Years,Low,1,11-15%,2,6-10 Years,11–15 Years,3,12,High,3,10,9,9,8
45,45-54,0,No,Active,0,Travel_Rarely,6-10 Years,556,Research & Development,R & D,21+,25,2,College,Life Sciences,EMP-1888,Medium,2,6-10 Years,Female,93,$5000-$7000,Medium,Very High,2,2,Manufacturing Director,4,Married,5906,23888,0,No,Standard,0,13,3,0,2–3 Years,2,3-5 Years,Very High,4,11-15%,2,6-10 Years,6–10 Years,2,10,Medium,2,9,8,3,8
45,45-54,0,No,Active,0,Travel_Rarely,6-10 Years,561,Sales,Sales,0-5,2,3,Bachelor,Other,EMP-606,Very High,4,6-10 Years,Male,61,$3000-$5000,High,Medium,3,2,Sales Executive,2,Married,4805,16177,0,No,Standard,0,19,3,0,2–3 Years,2,3-5 Years,Medium,2,16-20%,1,6-10 Years,6–10 Years,3,9,Very High,4,8,7,3,7
45,45-54,0,No,Active,0,Travel_Rarely,6-10 Years,954,Sales,Sales,0-5,2,2,College,Technical Degree,EMP-783,Medium,2,6-10 Years,Male,46,$5000-$7000,Low,High,1,2,Sales Representative,3,Single,6632,12388,0,No,Standard,0,13,3,0,2–3 Years,2,3-5 Years,Low,1,11-15%,0,6-10 Years,6–10 Years,3,9,High,3,8,7,3,1
45,45-54,0,No,Active,0,Travel_Rarely,6-10 Years,1005,Research & Development,R & D,21+,28,2,College,Technical Degree,EMP-1719,Very High,4,21+ Years,Female,48,$15000+,Medium,Medium,2,4,Research Director,2,Single,16704,17119,1,No,Standard,0,11,3,1-2,6+ Years,4,6+ Years,High,3,11-15%,0,11+ Years,21+ Years,2,21,High,3,21,6,8,6
45,45-54,0,No,Active,0,Travel_Rarely,6-10 Years,1015,Research & Development,R & D,0-5,5,5,Doctor,Medical,EMP-1611,High,3,6-10 Years,Female,50,$5000-$7000,Low,Low,1,2,Laboratory Technician,1,Single,5769,23447,1,Yes,Overtime,1,14,3,1-2,0-1 Years,1,0-2 Years,Low,1,11-15%,0,6-10 Years,6–10 Years,3,10,High,3,10,7,1,4
45,45-54,0,No,Active,0,Travel_Rarely,6-10 Years,1038,Research & Development,R & D,11-20,20,3,Bachelor,Medical,EMP-1460,Medium,2,21+ Years,Male,95,$10000-$15000,Low,Low,1,3,Healthcare Representative,1,Divorced,10851,19863,2,Yes,Overtime,1,18,3,1-2,0-1 Years,1,0-2 Years,Medium,2,16-20%,1,6-10 Years,21+ Years,2,24,High,3,7,7,0,7
45,45-54,0,No,Active,0,Travel_Rarely,6-10 Years,1329,Research & Development,R & D,0-5,2,2,College,Other,EMP-1635,Very High,4,6-10 Years,Female,59,$5000-$7000,Medium,Very High,2,2,Manufacturing Director,4,Divorced,5770,5388,1,No,Standard,0,19,3,1-2,2–3 Years,2,3-5 Years,Low,1,16-20%,2,6-10 Years,6–10 Years,3,10,High,3,10,7,3,9
45,45-54,0,No,Active,0,Travel_Rarely,6-10 Years,1385,Research & Development,R & D,11-20,20,2,College,Medical,EMP-372,High,3,21+ Years,Male,79,$10000-$15000,High,Very High,3,4,Healthcare Representative,4,Married,13496,7501,0,Yes,Overtime,1,14,3,0,4–5 Years,3,3-5 Years,Medium,2,11-15%,0,11+ Years,21+ Years,2,21,High,3,20,7,4,10
45,45-54,1,Yes,Left,1,Travel_Frequently,0-2 Years,306,Sales,Sales,21+,26,4,Master,Life Sciences,EMP-684,Low,1,0-5 Years,Female,100,$3000-$5000,High,Low,3,2,Sales Executive,1,Married,4286,5630,2,No,Standard,0,14,3,1-2,0-1 Years,1,0-2 Years,Very High,4,11-15%,2,0-1 Years,0–5 Years,4,5,High,3,1,1,0,0
45,45-54,1,Yes,Left,1,Travel_Rarely,6-10 Years,1449,Sales,Sales,0-5,2,3,Bachelor,Marketing,EMP-1277,Low,1,21+ Years,Female,94,$15000+,Low,Medium,1,5,Manager,2,Single,18824,2493,2,Yes,Overtime,1,16,3,1-2,0-1 Years,1,0-2 Years,Low,1,16-20%,0,11+ Years,21+ Years,2,26,High,3,24,10,1,11
46,45-54,0,No,Active,0,Non-Travel,0-2 Years,849,Sales,Sales,21+,26,2,College,Life Sciences,EMP-1801,Medium,2,6-10 Years,Male,98,$7000-$10000,Medium,Medium,2,2,Sales Executive,2,Single,7991,25166,8,No,Standard,0,15,3,9+,2–3 Years,2,0-2 Years,High,3,11-15%,0,2-5 Years,6–10 Years,3,6,High,3,2,2,2,2
46,45-54,0,No,Active,0,Non-Travel,0-2 Years,1144,Research & Development,R & D,6-10,7,4,Master,Medical,EMP-487,High,3,6-10 Years,Female,30,$5000-$7000,High,High,3,2,Manufacturing Director,3,Married,5258,16044,2,No,Standard,0,14,3,1-2,0-1 Years,1,0-2 Years,High,3,11-15%,0,0-1 Years,6–10 Years,2,7,Very High,4,1,0,0,0
46,45-54,0,No,Active,0,Travel_Frequently,0-2 Years,1034,Research & Development,R & D,11-20,18,1,Below College,Medical,EMP-624,Low,1,21+ Years,Female,86,$10000-$15000,High,High,3,3,Healthcare Representative,3,Married,10527,8984,5,No,Standard,0,11,3,9+,0-1 Years,1,0-2 Years,Very High,4,11-15%,0,2-5 Years,21+ Years,3,28,Medium,2,2,2,1,2
46,45-54,0,No,Active,0,Travel_Frequently,6-10 Years,638,Research & Development,R & D,0-5,1,3,Bachelor,Medical,EMP-124,High,3,21+ Years,Male,40,$10000-$15000,Medium,Low,2,3,Healthcare Representative,1,Married,10673,3142,2,Yes,Overtime,1,13,3,1-2,6+ Years,4,6+ Years,High,3,11-15%,1,6-10 Years,21+ Years,5,21,Medium,2,10,9,9,5
46,45-54,0,No,Active,0,Travel_Frequently,6-10 Years,1211,Sales,Sales,0-5,5,4,Master,Marketing,EMP-62,Low,1,11-20 Years,Male,98,$5000-$7000,High,Very High,3,2,Sales Executive,4,Single,5772,20445,4,Yes,Overtime,1,21,4,9+,0-1 Years,1,0-2 Years,High,3,21%+,0,6-10 Years,11–15 Years,4,14,High,3,9,6,0,8
46,45-54,0,No,Active,0,Travel_Rarely,0-2 Years,430,Research & Development,R & D,0-5,1,4,Master,Medical,EMP-1069,Very High,4,21+ Years,Male,40,$15000+,High,Very High,3,5,Research Director,4,Divorced,19627,21445,9,No,Standard,0,17,3,9+,2–3 Years,2,0-2 Years,Very High,4,16-20%,2,2-5 Years,21+ Years,0,23,High,3,2,2,2,2
46,45-54,0,No,Active,0,Travel_Rarely,0-2 Years,563,Sales,Sales,0-5,1,4,Master,Life Sciences,EMP-1602,Very High,4,21+ Years,Male,56,$15000+,Very High,Low,4,4,Manager,1,Single,17567,3156,1,No,Standard,0,15,3,1-2,0-1 Years,1,0-2 Years,Medium,2,11-15%,0,11+ Years,21+ Years,5,27,Low,1,26,0,0,12
46,45-54,0,No,Active,0,Travel_Rarely,0-2 Years,644,Research & Development,R & D,0-5,1,4,Master,Medical,EMP-288,Very High,4,11-20 Years,Male,97,$7000-$10000,High,Low,3,3,Healthcare Representative,1,Divorced,9396,12368,7,No,Standard,0,16,3,9+,0-1 Years,1,0-2 Years,High,3,16-20%,1,2-5 Years,16–20 Years,3,17,High,3,4,2,0,3
46,45-54,0,No,Active,0,Travel_Rarely,0-2 Years,705,Sales,Sales,0-5,2,4,Master,Marketing,EMP-38,Medium,2,21+ Years,Female,83,$15000+,High,Low,3,5,Manager,1,Single,18947,22822,3,No,Standard,0,12,3,9+,2–3 Years,2,0-2 Years,Very High,4,11-15%,0,2-5 Years,21+ Years,2,22,Medium,2,2,2,2,1
46,45-54,0,No,Active,0,Travel_Rarely,0-2 Years,734,Research & Development,R & D,0-5,2,4,Master,Medical,EMP-1789,High,3,21+ Years,Male,46,$15000+,High,Very High,3,5,Research Director,4,Divorced,19328,14218,7,Yes,Overtime,1,17,3,9+,2–3 Years,2,0-2 Years,High,3,16-20%,1,2-5 Years,21+ Years,3,24,High,3,2,1,2,2
46,45-54,0,No,Active,0,Travel_Rarely,0-2 Years,945,Human Resources,HR,0-5,5,2,College,Medical,EMP-103,Medium,2,11-20 Years,Male,80,$5000-$7000,High,Medium,3,2,Human Resources,2,Divorced,5021,10425,8,Yes,Overtime,1,22,4,9+,0-1 Years,1,0-2 Years,Very High,4,21%+,1,2-5 Years,16–20 Years,2,16,High,3,4,2,0,2
46,45-54,0,No,Active,0,Travel_Rarely,0-2 Years,1009,Research & Development,R & D,0-5,2,3,Bachelor,Life Sciences,EMP-575,Low,1,21+ Years,Male,51,$15000+,High,High,3,4,Research Director,3,Married,17861,2288,6,No,Standard,0,13,3,9+,0-1 Years,1,0-2 Years,High,3,11-15%,0,2-5 Years,21+ Years,2,26,Low,1,3,2,0,1
46,45-54,0,No,Active,0,Travel_Rarely,0-2 Years,1125,Sales,Sales,6-10,10,3,Bachelor,Marketing,EMP-580,High,3,11-20 Years,Female,94,$7000-$10000,Medium,Very High,2,3,Sales Executive,4,Married,9071,11563,2,Yes,Overtime,1,19,3,1-2,0-1 Years,1,0-2 Years,High,3,16-20%,1,2-5 Years,11–15 Years,3,15,High,3,3,2,1,2
46,45-54,0,No,Active,0,Travel_Rarely,0-2 Years,1450,Research & Development,R & D,11-20,15,2,College,Life Sciences,EMP-1217,Very High,4,21+ Years,Male,52,$15000+,High,Medium,3,5,Research Director,2,Married,19081,10849,5,No,Standard,0,11,3,9+,0-1 Years,1,0-2 Years,Low,1,11-15%,1,2-5 Years,21+ Years,2,25,High,3,4,2,0,3
46,45-54,0,No,Active,0,Travel_Rarely,11+ Years,228,Sales,Sales,0-5,3,3,Bachelor,Life Sciences,EMP-1527,High,3,21+ Years,Female,51,$15000+,High,Medium,3,4,Manager,2,Married,16606,11380,8,No,Standard,0,12,3,9+,4–5 Years,3,3-5 Years,Very High,4,11-15%,1,11+ Years,21+ Years,2,23,Very High,4,13,12,5,1
46,45-54,0,No,Active,0,Travel_Rarely,11+ Years,526,Sales,Sales,0-5,1,2,College,Marketing,EMP-244,Medium,2,21+ Years,Female,92,$10000-$15000,High,Low,3,3,Sales Executive,1,Divorced,10453,2137,1,No,Standard,0,25,4,1-2,6+ Years,4,6+ Years,High,3,21%+,3,11+ Years,21+ Years,2,24,High,3,24,13,15,7
46,45-54,0,No,Active,0,Travel_Rarely,11+ Years,1003,Research & Development,R & D,6-10,8,4,Master,Life Sciences,EMP-1080,Very High,4,11-20 Years,Female,74,$3000-$5000,Medium,Low,2,2,Research Scientist,1,Divorced,4615,21029,8,Yes,Overtime,1,23,4,9+,0-1 Years,1,0-2 Years,Low,1,21%+,3,11+ Years,16–20 Years,2,19,High,3,16,13,1,7
46,45-54,0,No,Active,0,Travel_Rarely,11+ Years,1319,Sales,Sales,0-5,3,3,Bachelor,Technical Degree,EMP-1863,Low,1,21+ Years,Female,45,$10000-$15000,Very High,Low,4,4,Sales Executive,1,Divorced,13225,7739,2,No,Standard,0,12,3,1-2,2–3 Years,2,0-2 Years,Very High,4,11-15%,1,11+ Years,21+ Years,5,25,High,3,19,17,2,8
46,45-54,0,No,Active,0,Travel_Rarely,11+ Years,1402,Sales,Sales,0-5,2,3,Bachelor,Marketing,EMP-1204,High,3,21+ Years,Female,69,$15000+,High,Low,3,4,Manager,1,Married,17048,24097,8,No,Standard,0,23,4,9+,6+ Years,4,6+ Years,Low,1,21%+,0,11+ Years,21+ Years,2,28,High,3,26,15,15,9
46,45-54,0,No,Active,0,Travel_Rarely,3-5 Years,150,Research & Development,R & D,0-5,2,4,Master,Technical Degree,EMP-1228,Very High,4,11-20 Years,Male,60,$7000-$10000,High,Very High,3,2,Manufacturing Director,4,Divorced,7379,17433,2,No,Standard,0,11,3,1-2,0-1 Years,1,0-2 Years,High,3,11-15%,1,6-10 Years,11–15 Years,3,12,Medium,2,6,3,1,4
46,45-54,0,No,Active,0,Travel_Rarely,3-5 Years,168,Sales,Sales,0-5,4,2,College,Marketing,EMP-1280,Very High,4,21+ Years,Female,33,$15000+,Medium,Medium,2,5,Manager,2,Married,18789,9946,2,No,Standard,0,14,3,1-2,0-1 Years,1,0-2 Years,High,3,11-15%,1,11+ Years,21+ Years,2,26,High,3,11,4,0,8
46,45-54,0,No,Active,0,Travel_Rarely,6-10 Years,406,Sales,Sales,0-5,3,1,Below College,Marketing,EMP-1124,Low,1,21+ Years,Male,52,$15000+,High,High,3,4,Manager,3,Married,17465,15596,3,No,Standard,0,12,3,9+,4–5 Years,3,3-5 Years,Very High,4,11-15%,1,11+ Years,21+ Years,3,23,High,3,12,9,4,9
46,45-54,0,No,Active,0,Travel_Rarely,6-10 Years,488,Sales,Sales,0-5,2,3,Bachelor,Technical Degree,EMP-363,High,3,21+ Years,Female,75,$15000+,Low,Medium,1,4,Manager,2,Married,16872,14977,3,Yes,Overtime,1,12,3,9+,6+ Years,4,6+ Years,Medium,2,11-15%,1,6-10 Years,21+ Years,2,28,Medium,2,7,7,7,7
46,45-54,0,No,Active,0,Travel_Rarely,6-10 Years,566,Research & Development,R & D,6-10,7,2,College,Medical,EMP-1007,Very High,4,11-20 Years,Male,75,$10000-$15000,High,High,3,3,Manufacturing Director,3,Divorced,10845,24208,6,No,Standard,0,13,3,9+,0-1 Years,1,0-2 Years,Medium,2,11-15%,1,6-10 Years,11–15 Years,3,13,High,3,8,7,0,7
46,45-54,0,No,Active,0,Travel_Rarely,6-10 Years,706,Research & Development,R & D,0-5,2,2,College,Life Sciences,EMP-1857,Very High,4,11-20 Years,Male,82,$7000-$10000,High,Very High,3,3,Manufacturing Director,4,Divorced,8578,19989,3,No,Standard,0,14,3,9+,4–5 Years,3,3-5 Years,High,3,11-15%,1,6-10 Years,11–15 Years,4,12,Medium,2,9,8,4,7
46,45-54,0,No,Active,0,Travel_Rarely,6-10 Years,717,Research & Development,R & D,11-20,13,4,Master,Life Sciences,EMP-1727,High,3,11-20 Years,Male,34,$5000-$7000,High,Medium,3,2,Healthcare Representative,2,Single,5562,9697,6,No,Standard,0,14,3,9+,0-1 Years,1,0-2 Years,Very High,4,11-15%,0,6-10 Years,16–20 Years,3,19,High,3,10,7,0,9
46,45-54,0,No,Active,0,Travel_Rarely,6-10 Years,991,Human Resources,HR,0-5,1,2,College,Life Sciences,EMP-1314,Very High,4,6-10 Years,Female,44,$3000-$5000,High,Low,3,1,Human Resources,1,Single,3423,22957,6,No,Standard,0,12,3,9+,4–5 Years,3,3-5 Years,High,3,11-15%,0,6-10 Years,6–10 Years,3,10,Very High,4,7,6,5,7
46,45-54,0,No,Active,0,Travel_Rarely,6-10 Years,1277,Sales,Sales,0-5,2,3,Bachelor,Life Sciences,EMP-1732,High,3,11-20 Years,Male,74,$10000-$15000,High,Very High,3,3,Sales Executive,4,Divorced,10368,5596,4,Yes,Overtime,1,12,3,9+,0-1 Years,1,0-2 Years,Medium,2,11-15%,1,6-10 Years,11–15 Years,5,13,Medium,2,10,6,0,3
46,45-54,0,No,Active,0,Travel_Rarely,6-10 Years,1485,Research & Development,R & D,11-20,18,3,Bachelor,Medical,EMP-550,High,3,11-20 Years,Female,87,$3000-$5000,High,High,3,2,Manufacturing Director,3,Divorced,4810,26314,2,No,Standard,0,14,3,1-2,0-1 Years,1,0-2 Years,High,3,11-15%,1,6-10 Years,16–20 Years,5,19,Medium,2,10,7,0,8
46,45-54,1,Yes,Left,1,Travel_Rarely,6-10 Years,261,Research & Development,R & D,21+,21,2,College,Medical,EMP-1821,Very High,4,11-20 Years,Female,66,$7000-$10000,High,Medium,3,2,Healthcare Representative,2,Married,8926,10842,4,No,Standard,0,22,4,9+,2–3 Years,2,3-5 Years,Very High,4,21%+,1,6-10 Years,11–15 Years,2,13,Very High,4,9,7,3,7
46,45-54,1,Yes,Left,1,Travel_Rarely,6-10 Years,377,Sales,Sales,6-10,9,3,Bachelor,Marketing,EMP-1457,Low,1,21+ Years,Male,52,$10000-$15000,High,Very High,3,3,Sales Executive,4,Divorced,10096,15986,4,No,Standard,0,11,3,9+,4–5 Years,3,3-5 Years,Low,1,11-15%,1,6-10 Years,21+ Years,1,28,Very High,4,7,7,4,3
46,45-54,1,Yes,Left,1,Travel_Rarely,6-10 Years,669,Sales,Sales,6-10,9,2,College,Medical,EMP-118,High,3,6-10 Years,Male,64,$7000-$10000,Medium,Very High,2,3,Sales Executive,4,Single,9619,13596,1,No,Standard,0,16,3,1-2,4–5 Years,3,3-5 Years,Very High,4,16-20%,0,6-10 Years,6–10 Years,3,9,High,3,9,8,4,7
46,45-54,1,Yes,Left,1,Travel_Rarely,6-10 Years,1254,Sales,Sales,6-10,10,3,Bachelor,Life Sciences,EMP-1869,High,3,11-20 Years,Female,64,$7000-$10000,High,Medium,3,3,Sales Executive,2,Married,7314,14011,5,No,Standard,0,21,4,9+,0-1 Years,1,0-2 Years,High,3,21%+,3,6-10 Years,11–15 Years,2,14,High,3,8,7,0,7
47,45-54,0,No,Active,0,Non-Travel,0-2 Years,543,Sales,Sales,0-5,2,4,Master,Marketing,EMP-1731,High,3,0-5 Years,Male,87,$3000-$5000,High,Medium,3,2,Sales Executive,2,Married,4978,3536,7,No,Standard,0,11,3,9+,0-1 Years,1,0-2 Years,Very High,4,11-15%,1,0-1 Years,0–5 Years,3,4,Low,1,1,0,0,0
47,45-54,0,No,Active,0,Non-Travel,6-10 Years,1162,Research & Development,R & D,0-5,1,1,Below College,Medical,EMP-2000,High,3,11-20 Years,Female,98,$10000-$15000,High,Medium,3,3,Research Director,2,Married,11957,17231,0,No,Standard,0,18,3,0,4–5 Years,3,3-5 Years,Low,1,16-20%,2,11+ Years,11–15 Years,3,14,Low,1,13,8,5,12
47,45-54,0,No,Active,0,Non-Travel,6-10 Years,1169,Research & Development,R & D,11-20,14,4,Master,Technical Degree,EMP-1934,High,3,11-20 Years,Male,64,$5000-$7000,High,Medium,3,2,Research Scientist,2,Married,5467,2125,8,No,Standard,0,18,3,9+,0-1 Years,1,0-2 Years,High,3,16-20%,1,6-10 Years,16–20 Years,4,16,Very High,4,8,7,1,7
47,45-54,0,No,Active,0,Travel_Frequently,0-2 Years,217,Sales,Sales,0-5,3,3,Bachelor,Medical,EMP-746,Very High,4,21+ Years,Female,49,$10000-$15000,High,High,3,4,Sales Executive,3,Divorced,13770,10225,9,Yes,Overtime,1,12,3,9+,6+ Years,4,6+ Years,Very High,4,11-15%,2,11+ Years,21+ Years,2,28,Medium,2,22,2,11,13
47,45-54,0,No,Active,0,Travel_Frequently,0-2 Years,1309,Sales,Sales,0-5,4,1,Below College,Medical,EMP-467,Medium,2,0-5 Years,Male,99,$0-$3000,High,High,3,2,Sales Representative,3,Single,2976,25751,3,No,Standard,0,19,3,9+,0-1 Years,1,0-2 Years,Low,1,16-20%,0,0-1 Years,0–5 Years,3,5,High,3,0,0,0,0
47,45-54,0,No,Active,0,Travel_Frequently,6-10 Years,1379,Research & Development,R & D,11-20,16,4,Master,Medical,EMP-987,High,3,11-20 Years,Male,64,$5000-$7000,Very High,High,4,2,Manufacturing Director,3,Divorced,5067,6759,1,Yes,Overtime,1,19,3,1-2,2–3 Years,2,0-2 Years,High,3,16-20%,0,11+ Years,16–20 Years,3,20,Very High,4,19,10,2,7
47,45-54,0,No,Active,0,Travel_Rarely,0-2 Years,207,Research & Development,R & D,6-10,9,4,Master,Life Sciences,EMP-1856,Medium,2,6-10 Years,Female,64,$0-$3000,High,High,3,1,Laboratory Technician,3,Single,2105,5411,4,No,Standard,0,12,3,9+,2–3 Years,2,0-2 Years,High,3,11-15%,0,2-5 Years,6–10 Years,2,7,High,3,2,2,2,0
47,45-54,0,No,Active,0,Travel_Rarely,0-2 Years,955,Sales,Sales,0-5,4,2,College,Life Sciences,EMP-1003,Very High,4,6-10 Years,Female,83,$3000-$5000,High,Very High,3,2,Sales Executive,4,Single,4163,8571,1,Yes,Overtime,1,17,3,1-2,0-1 Years,1,0-2 Years,High,3,16-20%,0,6-10 Years,6–10 Years,0,9,High,3,9,0,0,7
47,45-54,0,No,Active,0,Travel_Rarely,0-2 Years,983,Research & Development,R & D,0-5,2,2,College,Medical,EMP-574,Low,1,11-20 Years,Female,65,$5000-$7000,High,Very High,3,2,Manufacturing Director,4,Divorced,5070,7389,5,No,Standard,0,13,3,9+,0-1 Years,1,0-2 Years,High,3,11-15%,3,2-5 Years,16–20 Years,2,20,High,3,5,0,0,4
47,45-54,0,No,Active,0,Travel_Rarely,0-2 Years,1176,Human Resources,HR,21+,26,4,Master,Life Sciences,EMP-1625,Very High,4,21+ Years,Female,98,$15000+,High,High,3,5,Manager,3,Married,19658,5220,3,No,Standard,0,11,3,9+,0-1 Years,1,0-2 Years,High,3,11-15%,1,2-5 Years,21+ Years,2,27,High,3,5,2,1,0
47,45-54,0,No,Active,0,Travel_Rarely,0-2 Years,1225,Sales,Sales,0-5,2,4,Master,Life Sciences,EMP-1676,Medium,2,21+ Years,Female,47,$15000+,Very High,Medium,4,4,Manager,2,Divorced,15972,21086,6,No,Standard,0,14,3,9+,0-1 Years,1,0-2 Years,High,3,11-15%,3,2-5 Years,21+ Years,2,29,High,3,3,2,1,2
47,45-54,0,No,Active,0,Travel_Rarely,0-2 Years,1454,Sales,Sales,0-5,2,4,Master,Life Sciences,EMP-925,Very High,4,0-5 Years,Female,65,$3000-$5000,Medium,Very High,2,1,Sales Representative,4,Single,3294,13137,1,Yes,Overtime,1,18,3,1-2,0-1 Years,1,0-2 Years,Low,1,16-20%,0,2-5 Years,0–5 Years,3,3,Medium,2,3,2,1,2
47,45-54,0,No,Active,0,Travel_Rarely,0-2 Years,1482,Research & Development,R & D,0-5,5,5,Doctor,Life Sciences,EMP-447,Very High,4,21+ Years,Male,42,$15000+,High,High,3,5,Research Director,3,Married,18300,16375,4,No,Standard,0,11,3,9+,0-1 Years,1,0-2 Years,Medium,2,11-15%,1,2-5 Years,21+ Years,2,21,High,3,3,2,1,1
47,45-54,0,No,Active,0,Travel_Rarely,11+ Years,202,Research & Development,R & D,0-5,2,2,College,Other,EMP-820,High,3,21+ Years,Female,33,$15000+,High,Very High,3,4,Manager,4,Married,16752,12982,1,Yes,Overtime,1,11,3,1-2,2–3 Years,2,3-5 Years,High,3,11-15%,1,11+ Years,21+ Years,3,26,Medium,2,26,14,3,0
47,45-54,0,No,Active,0,Travel_Rarely,11+ Years,359,Research & Development,R & D,0-5,2,4,Master,Medical,EMP-1443,Low,1,21+ Years,Female,82,$15000+,High,High,3,4,Research Director,3,Married,17169,26703,3,No,Standard,0,19,3,9+,4–5 Years,3,3-5 Years,Medium,2,16-20%,2,11+ Years,21+ Years,2,26,Very High,4,20,17,5,6
47,45-54,0,No,Active,0,Travel_Rarely,11+ Years,1001,Research & Development,R & D,0-5,4,3,Bachelor,Life Sciences,EMP-1827,High,3,21+ Years,Female,92,$10000-$15000,Medium,Medium,2,3,Manufacturing Director,2,Divorced,10333,19271,8,Yes,Overtime,1,12,3,9+,6+ Years,4,6+ Years,High,3,11-15%,1,11+ Years,21+ Years,4,28,High,3,22,11,14,10
47,45-54,0,No,Active,0,Travel_Rarely,11+ Years,1180,Research & Development,R & D,21+,25,3,Bachelor,Medical,EMP-1993,Low,1,21+ Years,Male,84,$7000-$10000,High,High,3,3,Healthcare Representative,3,Single,8633,13084,2,No,Standard,0,23,4,1-2,6+ Years,4,6+ Years,Medium,2,21%+,0,11+ Years,21+ Years,3,25,High,3,17,14,12,11
47,45-54,0,No,Active,0,Travel_Rarely,3-5 Years,465,Research & Development,R & D,0-5,1,3,Bachelor,Technical Degree,EMP-1438,Low,1,11-20 Years,Male,74,$3000-$5000,High,Very High,3,1,Research Scientist,4,Married,3420,10205,7,No,Standard,0,12,3,9+,0-1 Years,1,0-2 Years,High,3,11-15%,1,6-10 Years,16–20 Years,2,17,Medium,2,6,5,1,2
47,45-54,0,No,Active,0,Travel_Rarely,3-5 Years,571,Sales,Sales,11-20,14,3,Bachelor,Medical,EMP-1503,High,3,11-20 Years,Female,78,$3000-$5000,High,High,3,2,Sales Executive,3,Married,4591,24200,3,Yes,Overtime,1,17,3,9+,0-1 Years,1,0-2 Years,High,3,16-20%,1,2-5 Years,11–15 Years,4,11,Medium,2,5,4,1,2
47,45-54,0,No,Active,0,Travel_Rarely,6-10 Years,249,Sales,Sales,0-5,2,2,College,Marketing,EMP-903,High,3,6-10 Years,Female,35,$3000-$5000,High,Very High,3,2,Sales Executive,4,Married,4537,17783,0,Yes,Overtime,1,22,4,0,6+ Years,4,6+ Years,Low,1,21%+,1,6-10 Years,6–10 Years,2,8,High,3,7,6,7,7
47,45-54,0,No,Active,0,Travel_Rarely,6-10 Years,703,Sales,Sales,11-20,14,4,Master,Marketing,EMP-728,Very High,4,11-20 Years,Male,42,$3000-$5000,High,Low,3,2,Sales Executive,1,Single,4960,11825,2,No,Standard,0,12,3,1-2,0-1 Years,1,0-2 Years,Very High,4,11-15%,0,6-10 Years,16–20 Years,2,20,High,3,7,7,1,7
47,45-54,1,Yes,Left,1,Non-Travel,6-10 Years,666,Research & Development,R & D,21+,29,4,Master,Life Sciences,EMP-376,Low,1,6-10 Years,Male,88,$10000-$15000,High,Medium,3,3,Manager,2,Married,11849,10268,1,Yes,Overtime,1,12,3,1-2,6+ Years,4,6+ Years,Very High,4,11-15%,1,6-10 Years,6–10 Years,2,10,Medium,2,10,7,9,9
47,45-54,1,Yes,Left,1,Travel_Frequently,3-5 Years,719,Sales,Sales,21+,27,2,College,Life Sciences,EMP-785,Medium,2,6-10 Years,Female,77,$5000-$7000,Very High,High,4,2,Sales Executive,3,Single,6397,10339,4,Yes,Overtime,1,12,3,9+,0-1 Years,1,0-2 Years,Very High,4,11-15%,0,2-5 Years,6–10 Years,2,8,High,3,5,4,1,3
47,45-54,1,Yes,Left,1,Travel_Frequently,3-5 Years,1093,Sales,Sales,6-10,9,3,Bachelor,Life Sciences,EMP-1716,High,3,21+ Years,Male,82,$10000-$15000,Low,High,1,4,Sales Executive,3,Married,12936,24164,7,No,Standard,0,11,3,9+,6+ Years,4,6+ Years,High,3,11-15%,0,11+ Years,21+ Years,3,25,Low,1,23,5,14,10
48,45-54,0,No,Active,0,Non-Travel,3-5 Years,1262,Research & Development,R & D,0-5,1,4,Master,Medical,EMP-1116,Low,1,21+ Years,Male,35,$15000+,Very High,Very High,4,4,Manager,4,Single,16885,16154,2,No,Standard,0,22,4,1-2,2–3 Years,2,0-2 Years,High,3,21%+,0,2-5 Years,21+ Years,3,27,Medium,2,5,4,2,1
48,45-54,0,No,Active,0,Travel_Frequently,0-2 Years,365,Research & Development,R & D,0-5,4,5,Doctor,Medical,EMP-1644,High,3,21+ Years,Male,89,$15000+,Medium,Very High,2,4,Manager,4,Married,15202,5602,2,No,Standard,0,25,4,1-2,2–3 Years,2,0-2 Years,Medium,2,21%+,1,2-5 Years,21+ Years,3,23,High,3,2,2,2,2
48,45-54,0,No,Active,0,Travel_Frequently,11+ Years,117,Research & Development,R & D,21+,22,3,Bachelor,Medical,EMP-1900,Very High,4,21+ Years,Female,58,$15000+,High,Very High,3,4,Manager,4,Divorced,17174,2437,3,No,Standard,0,11,3,9+,4–5 Years,3,3-5 Years,Medium,2,11-15%,1,11+ Years,21+ Years,3,24,High,3,22,17,4,7
48,45-54,0,No,Active,0,Travel_Rarely,0-2 Years,277,Research & Development,R & D,6-10,6,3,Bachelor,Life Sciences,EMP-1022,Low,1,11-20 Years,Male,97,$3000-$5000,Medium,High,2,2,Healthcare Representative,3,Single,4240,13119,2,No,Standard,0,13,3,1-2,2–3 Years,2,0-2 Years,Very High,4,11-15%,0,2-5 Years,16–20 Years,0,19,High,3,2,2,2,2
48,45-54,0,No,Active,0,Travel_Rarely,0-2 Years,530,Sales,Sales,21+,29,1,Below College,Medical,EMP-473,Low,1,11-20 Years,Female,91,$10000-$15000,High,High,3,3,Manager,3,Married,12504,23978,3,No,Standard,0,21,4,9+,0-1 Years,1,0-2 Years,Medium,2,21%+,1,0-1 Years,11–15 Years,3,15,Low,1,0,0,0,0
48,45-54,0,No,Active,0,Travel_Rarely,0-2 Years,715,Research & Development,R & D,0-5,1,3,Bachelor,Life Sciences,EMP-1263,Very High,4,21+ Years,Male,76,$15000+,Medium,Very High,2,5,Research Director,4,Single,18265,8733,6,No,Standard,0,12,3,9+,0-1 Years,1,0-2 Years,High,3,11-15%,0,0-1 Years,21+ Years,3,25,Very High,4,1,0,0,0
48,45-54,0,No,Active,0,Travel_Rarely,0-2 Years,817,Sales,Sales,0-5,2,1,Below College,Marketing,EMP-712,Medium,2,11-20 Years,Male,56,$7000-$10000,Very High,Medium,4,2,Sales Executive,2,Married,8120,18597,3,No,Standard,0,12,3,9+,2–3 Years,2,0-2 Years,Very High,4,11-15%,0,2-5 Years,11–15 Years,3,12,High,3,2,2,2,2
48,45-54,0,No,Active,0,Travel_Rarely,0-2 Years,969,Research & Development,R & D,0-5,2,2,College,Technical Degree,EMP-1258,Very High,4,6-10 Years,Male,76,$0-$3000,Very High,Medium,4,1,Laboratory Technician,2,Single,2559,16620,5,No,Standard,0,11,3,9+,0-1 Years,1,0-2 Years,High,3,11-15%,0,0-1 Years,6–10 Years,4,7,Medium,2,1,0,0,0
48,45-54,0,No,Active,0,Travel_Rarely,0-2 Years,1108,Research & Development,R & D,11-20,15,4,Master,Other,EMP-1576,High,3,6-10 Years,Female,65,$0-$3000,High,Low,3,1,Research Scientist,1,Married,2367,16530,8,No,Standard,0,12,3,9+,6+ Years,4,6+ Years,Very High,4,11-15%,1,6-10 Years,6–10 Years,3,10,Medium,2,8,2,7,6
48,45-54,0,No,Active,0,Travel_Rarely,0-2 Years,1221,Sales,Sales,6-10,7,3,Bachelor,Marketing,EMP-1466,High,3,11-20 Years,Male,96,$5000-$7000,High,Low,3,2,Sales Executive,1,Divorced,5486,24795,4,No,Standard,0,11,3,9+,2–3 Years,2,0-2 Years,Low,1,11-15%,3,2-5 Years,11–15 Years,3,15,High,3,2,2,2,2
48,45-54,0,No,Active,0,Travel_Rarely,0-2 Years,1236,Research & Development,R & D,0-5,1,4,Master,Life Sciences,EMP-664,Very High,4,21+ Years,Female,40,$15000+,Medium,Low,2,4,Manager,1,Married,15402,17997,7,No,Standard,0,11,3,9+,0-1 Years,1,0-2 Years,Low,1,11-15%,1,2-5 Years,21+ Years,3,21,Low,1,3,2,0,2
48,45-54,0,No,Active,0,Travel_Rarely,0-2 Years,1469,Research & Development,R & D,11-20,20,4,Master,Medical,EMP-945,Very High,4,11-20 Years,Male,51,$0-$3000,High,High,3,1,Research Scientist,3,Married,2259,5543,4,No,Standard,0,17,3,9+,0-1 Years,1,0-2 Years,Low,1,16-20%,2,0-1 Years,11–15 Years,2,13,Medium,2,0,0,0,0
48,45-54,0,No,Active,0,Travel_Rarely,11+ Years,1355,Research & Development,R & D,0-5,4,4,Master,Life Sciences,EMP-1024,High,3,21+ Years,Male,78,$10000-$15000,Medium,High,2,3,Healthcare Representative,3,Single,10999,22245,7,No,Standard,0,14,3,9+,4–5 Years,3,3-5 Years,Medium,2,11-15%,0,11+ Years,21+ Years,3,27,High,3,15,11,4,8
48,45-54,0,No,Active,0,Travel_Rarely,6-10 Years,163,Sales,Sales,0-5,2,5,Doctor,Marketing,EMP-595,Medium,2,11-20 Years,Female,37,$3000-$5000,High,Very High,3,2,Sales Executive,4,Married,4051,19658,2,No,Standard,0,14,3,1-2,6+ Years,4,6+ Years,Low,1,11-15%,1,6-10 Years,11–15 Years,2,14,High,3,9,7,6,7
48,45-54,0,No,Active,0,Travel_Rarely,6-10 Years,492,Sales,Sales,11-20,16,4,Master,Life Sciences,EMP-1557,High,3,11-20 Years,Female,96,$5000-$7000,High,High,3,2,Sales Executive,3,Divorced,6439,13693,8,No,Standard,0,14,3,9+,6+ Years,4,6+ Years,High,3,11-15%,1,6-10 Years,16–20 Years,2,18,High,3,8,7,7,7
48,45-54,0,No,Active,0,Travel_Rarely,6-10 Years,855,Research & Development,R & D,0-5,4,3,Bachelor,Life Sciences,EMP-1363,Very High,4,11-20 Years,Male,54,$7000-$10000,High,Very High,3,3,Manufacturing Director,4,Single,7898,18706,1,No,Standard,0,11,3,1-2,0-1 Years,1,0-2 Years,High,3,11-15%,0,6-10 Years,11–15 Years,2,11,High,3,10,9,0,8
48,45-54,0,No,Active,0,Travel_Rarely,6-10 Years,1224,Research & Development,R & D,6-10,10,3,Bachelor,Life Sciences,EMP-1867,Very High,4,21+ Years,Male,91,$15000+,Medium,Medium,2,5,Research Director,2,Married,19665,13583,4,No,Standard,0,12,3,9+,6+ Years,4,6+ Years,Very High,4,11-15%,0,11+ Years,21+ Years,3,29,High,3,22,10,12,9
48,45-54,1,Yes,Left,1,Travel_Frequently,6-10 Years,708,Sales,Sales,6-10,7,2,College,Medical,EMP-1691,Very High,4,11-20 Years,Female,95,$0-$3000,High,High,3,1,Sales Representative,3,Married,2655,11740,2,Yes,Overtime,1,11,3,1-2,6+ Years,4,6+ Years,High,3,11-15%,2,6-10 Years,16–20 Years,3,19,High,3,9,7,7,7
48,45-54,1,Yes,Left,1,Travel_Rarely,0-2 Years,626,Research & Development,R & D,0-5,1,2,College,Life Sciences,EMP-64,Low,1,21+ Years,Male,98,$5000-$7000,Medium,High,2,3,Laboratory Technician,3,Single,5381,19294,9,Yes,Overtime,1,13,3,9+,0-1 Years,1,0-2 Years,Very High,4,11-15%,0,0-1 Years,21+ Years,2,23,High,3,1,0,0,0
49,45-54,0,No,Active,0,Non-Travel,6-10 Years,1002,Research & Development,R & D,11-20,18,4,Master,Life Sciences,EMP-275,Very High,4,6-10 Years,Male,92,$5000-$7000,High,Very High,3,2,Manufacturing Director,4,Divorced,6804,23793,1,Yes,Overtime,1,15,3,1-2,0-1 Years,1,0-2 Years,Low,1,11-15%,2,6-10 Years,6–10 Years,0,7,High,3,7,7,1,7
49,45-54,0,No,Active,0,Travel_Frequently,0-2 Years,636,Research & Development,R & D,6-10,10,4,Master,Life Sciences,EMP-396,High,3,21+ Years,Female,35,$15000+,High,Low,3,5,Research Director,1,Single,18665,25594,9,Yes,Overtime,1,11,3,9+,0-1 Years,1,0-2 Years,Very High,4,11-15%,0,2-5 Years,21+ Years,4,22,High,3,3,2,1,2
49,45-54,0,No,Active,0,Travel_Frequently,3-5 Years,1064,Research & Development,R & D,0-5,2,1,Below College,Life Sciences,EMP-1941,Medium,2,21+ Years,Male,42,$15000+,High,Very High,3,5,Research Director,4,Married,19161,13738,3,No,Standard,0,15,3,9+,4–5 Years,3,3-5 Years,Very High,4,11-15%,0,2-5 Years,21+ Years,3,28,High,3,5,4,4,3
49,45-54,0,No,Active,0,Travel_Frequently,6-10 Years,279,Research & Development,R & D,6-10,8,1,Below College,Life Sciences,EMP-2,High,3,6-10 Years,Male,61,$5000-$7000,Medium,Medium,2,2,Research Scientist,2,Married,5130,24907,1,No,Standard,0,23,4,1-2,0-1 Years,1,0-2 Years,Very High,4,21%+,1,6-10 Years,6–10 Years,3,10,High,3,10,7,1,7
49,45-54,0,No,Active,0,Travel_Frequently,6-10 Years,1023,Sales,Sales,0-5,2,3,Bachelor,Medical,EMP-2065,Very High,4,11-20 Years,Male,63,$5000-$7000,Medium,Medium,2,2,Sales Executive,2,Married,5390,13243,2,No,Standard,0,14,3,1-2,0-1 Years,1,0-2 Years,Very High,4,11-15%,0,6-10 Years,16–20 Years,3,17,Medium,2,9,6,0,8
49,45-54,0,No,Active,0,Travel_Rarely,0-2 Years,271,Research & Development,R & D,0-5,3,2,College,Medical,EMP-1509,High,3,6-10 Years,Female,43,$3000-$5000,Medium,Low,2,2,Laboratory Technician,1,Married,4789,23070,4,No,Standard,0,25,4,9+,0-1 Years,1,0-2 Years,Low,1,21%+,1,2-5 Years,6–10 Years,3,10,High,3,3,2,1,2
49,45-54,0,No,Active,0,Travel_Rarely,0-2 Years,301,Research & Development,R & D,21+,22,4,Master,Other,EMP-1655,Low,1,21+ Years,Female,72,$15000+,High,Medium,3,4,Research Director,2,Married,16413,3498,3,No,Standard,0,16,3,9+,0-1 Years,1,0-2 Years,Medium,2,16-20%,2,2-5 Years,21+ Years,2,27,High,3,4,2,1,2
49,45-54,0,No,Active,0,Travel_Rarely,0-2 Years,464,Research & Development,R & D,11-20,16,3,Bachelor,Medical,EMP-1674,Very High,4,11-20 Years,Female,74,$0-$3000,High,Low,3,1,Laboratory Technician,1,Divorced,2587,24941,4,Yes,Overtime,1,16,3,9+,2–3 Years,2,0-2 Years,Medium,2,16-20%,1,2-5 Years,16–20 Years,2,17,Medium,2,2,2,2,2
49,45-54,0,No,Active,0,Travel_Rarely,0-2 Years,1091,Research & Development,R & D,0-5,1,2,College,Technical Degree,EMP-431,High,3,21+ Years,Female,90,$10000-$15000,Medium,High,2,4,Healthcare Representative,3,Single,13964,17810,7,Yes,Overtime,1,12,3,9+,0-1 Years,1,0-2 Years,Very High,4,11-15%,0,6-10 Years,21+ Years,2,25,High,3,7,1,0,7
49,45-54,0,No,Active,0,Travel_Rarely,0-2 Years,1098,Research & Development,R & D,0-5,4,2,College,Medical,EMP-1256,Low,1,21+ Years,Male,85,$15000+,Medium,High,2,5,Manager,3,Married,18711,12124,2,No,Standard,0,13,3,1-2,0-1 Years,1,0-2 Years,High,3,11-15%,1,0-1 Years,21+ Years,2,23,Very High,4,1,0,0,0
49,45-54,0,No,Active,0,Travel_Rarely,0-2 Years,1261,Research & Development,R & D,6-10,7,3,Bachelor,Other,EMP-499,Medium,2,21+ Years,Male,31,$10000-$15000,Medium,High,2,3,Healthcare Representative,3,Single,10965,12066,8,No,Standard,0,24,4,9+,0-1 Years,1,0-2 Years,High,3,21%+,0,2-5 Years,21+ Years,2,26,High,3,5,2,0,0
49,45-54,0,No,Active,0,Travel_Rarely,0-2 Years,1313,Sales,Sales,11-20,11,4,Master,Marketing,EMP-1757,Very High,4,6-10 Years,Female,80,$3000-$5000,High,Very High,3,2,Sales Executive,4,Single,4507,8191,3,No,Standard,0,12,3,9+,0-1 Years,1,0-2 Years,High,3,11-15%,0,2-5 Years,6–10 Years,1,8,Very High,4,5,1,0,4
49,45-54,0,No,Active,0,Travel_Rarely,0-2 Years,1418,Research & Development,R & D,0-5,1,3,Bachelor,Technical Degree,EMP-887,High,3,6-10 Years,Female,36,$3000-$5000,High,Low,3,1,Research Scientist,1,Married,3580,10554,2,No,Standard,0,16,3,1-2,0-1 Years,1,0-2 Years,Medium,2,16-20%,1,2-5 Years,6–10 Years,2,7,High,3,4,2,0,2
49,45-54,0,No,Active,0,Travel_Rarely,0-2 Years,1495,Research & Development,R & D,0-5,5,4,Master,Technical Degree,EMP-1473,Low,1,11-20 Years,Male,96,$5000-$7000,High,High,3,2,Healthcare Representative,3,Married,6651,21534,2,No,Standard,0,14,3,1-2,0-1 Years,1,0-2 Years,Medium,2,11-15%,1,2-5 Years,16–20 Years,0,20,Medium,2,3,2,1,2
49,45-54,0,No,Active,0,Travel_Rarely,11+ Years,465,Research & Development,R & D,6-10,6,1,Below College,Life Sciences,EMP-1661,High,3,21+ Years,Female,41,$10000-$15000,Medium,High,2,4,Healthcare Representative,3,Married,13966,11652,2,Yes,Overtime,1,19,3,1-2,2–3 Years,2,0-2 Years,Medium,2,16-20%,1,11+ Years,21+ Years,3,30,High,3,15,11,2,12
49,45-54,0,No,Active,0,Travel_Rarely,11+ Years,470,Research & Development,R & D,11-20,20,4,Master,Medical,EMP-170,High,3,11-20 Years,Female,96,$5000-$7000,High,Low,3,2,Manufacturing Director,1,Married,6567,5549,1,No,Standard,0,14,3,1-2,4–5 Years,3,3-5 Years,High,3,11-15%,0,11+ Years,16–20 Years,2,16,Medium,2,15,11,5,11
49,45-54,0,No,Active,0,Travel_Rarely,6-10 Years,174,Sales,Sales,6-10,8,4,Master,Technical Degree,EMP-1138,Very High,4,21+ Years,Male,56,$10000-$15000,Medium,Medium,2,4,Sales Executive,2,Married,13120,11879,6,No,Standard,0,17,3,9+,2–3 Years,2,0-2 Years,Medium,2,16-20%,1,6-10 Years,21+ Years,3,22,High,3,9,8,2,3
49,45-54,0,No,Active,0,Travel_Rarely,6-10 Years,527,Research & Development,R & D,6-10,8,2,College,Other,EMP-944,Low,1,21+ Years,Female,51,$7000-$10000,High,Medium,3,3,Laboratory Technician,2,Married,7403,22477,4,No,Standard,0,11,3,9+,0-1 Years,1,0-2 Years,High,3,11-15%,1,11+ Years,21+ Years,3,29,Medium,2,26,9,1,7
49,45-54,0,No,Active,0,Travel_Rarely,6-10 Years,722,Research & Development,R & D,21+,25,4,Master,Life Sciences,EMP-1617,High,3,6-10 Years,Female,84,$3000-$5000,High,Low,3,1,Laboratory Technician,1,Married,3211,22102,1,No,Standard,0,14,3,1-2,0-1 Years,1,0-2 Years,Very High,4,11-15%,1,6-10 Years,6–10 Years,3,10,Medium,2,9,6,1,4
49,45-54,0,No,Active,0,Travel_Rarely,6-10 Years,809,Research & Development,R & D,0-5,1,3,Bachelor,Life Sciences,EMP-1677,High,3,21+ Years,Male,36,$15000+,High,High,3,4,Manager,3,Single,15379,22384,4,No,Standard,0,14,3,9+,0-1 Years,1,0-2 Years,Low,1,11-15%,0,6-10 Years,21+ Years,2,23,High,3,8,7,0,0
49,45-54,0,No,Active,0,Travel_Rarely,6-10 Years,1245,Research & Development,R & D,11-20,18,4,Master,Life Sciences,EMP-638,Very High,4,21+ Years,Male,58,$15000+,Medium,High,2,5,Research Director,3,Divorced,19502,2125,1,Yes,Overtime,1,17,3,1-2,0-1 Years,1,0-2 Years,High,3,16-20%,1,11+ Years,21+ Years,5,31,High,3,31,9,0,9
49,45-54,0,No,Active,0,Travel_Rarely,6-10 Years,1490,Research & Development,R & D,6-10,7,4,Master,Life Sciences,EMP-1484,High,3,21+ Years,Male,35,$10000-$15000,High,Medium,3,3,Healthcare Representative,2,Divorced,10466,20948,3,No,Standard,0,14,3,9+,0-1 Years,1,0-2 Years,Medium,2,11-15%,2,6-10 Years,21+ Years,3,29,High,3,8,7,0,7
49,45-54,1,Yes,Left,1,Travel_Frequently,3-5 Years,1475,Research & Development,R & D,21+,28,2,College,Life Sciences,EMP-1420,Low,1,11-20 Years,Male,97,$3000-$5000,Medium,Low,2,2,Laboratory Technician,1,Single,4284,22710,3,No,Standard,0,20,4,9+,0-1 Years,1,0-2 Years,Low,1,16-20%,0,2-5 Years,16–20 Years,2,20,High,3,4,3,1,3
49,45-54,1,Yes,Left,1,Travel_Rarely,6-10 Years,1184,Sales,Sales,11-20,11,3,Bachelor,Marketing,EMP-840,High,3,6-10 Years,Female,43,$7000-$10000,High,Very High,3,3,Sales Executive,4,Married,7654,5860,1,No,Standard,0,18,3,1-2,6+ Years,4,6+ Years,Low,1,16-20%,2,6-10 Years,6–10 Years,3,9,Very High,4,9,8,7,7
50,45-54,0,No,Active,0,Non-Travel,6-10 Years,145,Sales,Sales,0-5,1,3,Bachelor,Life Sciences,EMP-1040,Very High,4,11-20 Years,Female,95,$5000-$7000,High,High,3,2,Sales Executive,3,Married,6347,24920,0,No,Standard,0,12,3,0,0-1 Years,1,0-2 Years,Low,1,11-15%,1,11+ Years,16–20 Years,3,19,High,3,18,7,0,13
50,45-54,0,No,Active,0,Non-Travel,6-10 Years,881,Research & Development,R & D,0-5,2,4,Master,Life Sciences,EMP-905,Low,1,21+ Years,Male,98,$15000+,High,Low,3,4,Manager,1,Divorced,17924,4544,1,No,Standard,0,11,3,1-2,6+ Years,4,6+ Years,Very High,4,11-15%,1,11+ Years,21+ Years,3,31,High,3,31,6,14,7
50,45-54,0,No,Active,0,Travel_Frequently,0-2 Years,809,Sales,Sales,11-20,12,3,Bachelor,Marketing,EMP-174,High,3,11-20 Years,Female,77,$7000-$10000,High,Very High,3,3,Sales Executive,4,Single,9208,6645,4,No,Standard,0,11,3,9+,2–3 Years,2,0-2 Years,Very High,4,11-15%,0,2-5 Years,16–20 Years,3,16,High,3,2,2,2,1
50,45-54,0,No,Active,0,Travel_Frequently,0-2 Years,1421,Research & Development,R & D,0-5,2,3,Bachelor,Medical,EMP-1215,Very High,4,21+ Years,Female,30,$15000+,High,Low,3,4,Manager,1,Married,17856,9490,2,No,Standard,0,22,4,1-2,2–3 Years,2,0-2 Years,High,3,21%+,1,2-5 Years,21+ Years,3,32,High,3,2,2,2,2
50,45-54,0,No,Active,0,Travel_Frequently,3-5 Years,1115,Research & Development,R & D,0-5,1,3,Bachelor,Life Sciences,EMP-141,Low,1,21+ Years,Female,73,$15000+,High,Medium,3,5,Research Director,2,Married,18172,9755,3,Yes,Overtime,1,19,3,9+,0-1 Years,1,0-2 Years,Low,1,16-20%,0,6-10 Years,21+ Years,1,28,Medium,2,8,3,0,7
50,45-54,0,No,Active,0,Travel_Frequently,3-5 Years,1246,Human Resources,HR,0-5,3,3,Bachelor,Medical,EMP-644,Low,1,21+ Years,Male,99,$15000+,High,Medium,3,5,Manager,2,Married,18200,7999,1,No,Standard,0,11,3,1-2,6+ Years,4,6+ Years,High,3,11-15%,1,11+ Years,21+ Years,2,32,High,3,32,5,10,7
50,45-54,0,No,Active,0,Travel_Frequently,6-10 Years,333,Research & Development,R & D,21+,22,5,Doctor,Medical,EMP-1539,High,3,21+ Years,Male,88,$10000-$15000,Low,Very High,1,4,Research Director,4,Single,14411,24450,1,Yes,Overtime,1,13,3,1-2,6+ Years,4,6+ Years,Very High,4,11-15%,0,11+ Years,21+ Years,2,32,High,3,32,6,13,9
50,45-54,0,No,Active,0,Travel_Frequently,6-10 Years,1234,Research & Development,R & D,11-20,20,5,Doctor,Medical,EMP-1606,Medium,2,21+ Years,Male,41,$10000-$15000,High,High,3,4,Healthcare Representative,3,Married,11245,20689,2,Yes,Overtime,1,15,3,1-2,6+ Years,4,6+ Years,High,3,11-15%,1,11+ Years,21+ Years,3,32,High,3,30,8,12,13
50,45-54,0,No,Active,0,Travel_Rarely,0-2 Years,264,Sales,Sales,6-10,9,3,Bachelor,Marketing,EMP-1591,High,3,21+ Years,Male,59,$15000+,High,High,3,5,Manager,3,Married,19331,19519,4,Yes,Overtime,1,16,3,9+,0-1 Years,1,0-2 Years,High,3,16-20%,1,0-1 Years,21+ Years,2,27,High,3,1,0,0,0
50,45-54,0,No,Active,0,Travel_Rarely,0-2 Years,316,Sales,Sales,6-10,8,4,Master,Marketing,EMP-738,Very High,4,0-5 Years,Male,54,$3000-$5000,High,Medium,3,1,Sales Representative,2,Married,3875,9983,7,No,Standard,0,15,3,9+,2–3 Years,2,0-2 Years,Very High,4,11-15%,1,2-5 Years,0–5 Years,2,4,High,3,2,2,2,2
50,45-54,0,No,Active,0,Travel_Rarely,0-2 Years,328,Research & Development,R & D,0-5,1,3,Bachelor,Medical,EMP-249,High,3,0-5 Years,Male,86,$3000-$5000,Medium,High,2,1,Laboratory Technician,3,Married,3690,3425,2,No,Standard,0,15,3,1-2,0-1 Years,1,0-2 Years,Very High,4,11-15%,1,2-5 Years,0–5 Years,2,5,Medium,2,3,2,0,2
50,45-54,0,No,Active,0,Travel_Rarely,0-2 Years,804,Research & Development,R & D,6-10,9,3,Bachelor,Life Sciences,EMP-1030,Low,1,6-10 Years,Male,64,$0-$3000,High,Very High,3,1,Laboratory Technician,4,Married,2380,20165,4,No,Standard,0,18,3,9+,0-1 Years,1,0-2 Years,Medium,2,16-20%,0,0-1 Years,6–10 Years,5,8,High,3,1,0,0,0
50,45-54,0,No,Active,0,Travel_Rarely,0-2 Years,854,Sales,Sales,0-5,1,4,Master,Medical,EMP-323,Very High,4,21+ Years,Female,68,$15000+,High,Very High,3,5,Manager,4,Divorced,19517,24118,3,No,Standard,0,11,3,9+,0-1 Years,1,0-2 Years,High,3,11-15%,1,6-10 Years,21+ Years,3,32,Medium,2,7,0,0,6
50,45-54,0,No,Active,0,Travel_Rarely,0-2 Years,1322,Research & Development,R & D,21+,28,3,Bachelor,Life Sciences,EMP-1317,Very High,4,21+ Years,Female,43,$15000+,High,Low,3,4,Research Director,1,Married,16880,22422,4,Yes,Overtime,1,11,3,9+,0-1 Years,1,0-2 Years,Medium,2,11-15%,0,2-5 Years,21+ Years,2,25,High,3,3,2,1,2
50,45-54,0,No,Active,0,Travel_Rarely,0-2 Years,1464,Research & Development,R & D,0-5,2,4,Master,Medical,EMP-1061,Medium,2,21+ Years,Male,62,$15000+,High,High,3,5,Research Director,3,Married,19237,12853,2,Yes,Overtime,1,11,3,1-2,6+ Years,4,6+ Years,Very High,4,11-15%,1,6-10 Years,21+ Years,2,29,Medium,2,8,1,7,7
50,45-54,0,No,Active,0,Travel_Rarely,11+ Years,813,Research & Development,R & D,11-20,17,5,Doctor,Life Sciences,EMP-1656,Very High,4,11-20 Years,Female,50,$10000-$15000,Medium,Low,2,3,Research Director,1,Divorced,13269,21981,5,No,Standard,0,15,3,9+,0-1 Years,1,0-2 Years,High,3,11-15%,3,11+ Years,16–20 Years,3,19,High,3,14,11,1,11
50,45-54,0,No,Active,0,Travel_Rarely,11+ Years,939,Research & Development,R & D,21+,24,3,Bachelor,Life Sciences,EMP-1005,Very High,4,21+ Years,Male,95,$10000-$15000,High,High,3,4,Manufacturing Director,3,Married,13973,4161,3,Yes,Overtime,1,18,3,9+,0-1 Years,1,0-2 Years,Very High,4,16-20%,1,11+ Years,21+ Years,2,22,High,3,12,11,1,5
50,45-54,0,No,Active,0,Travel_Rarely,3-5 Years,691,Research & Development,R & D,0-5,2,3,Bachelor,Medical,EMP-815,High,3,21+ Years,Male,64,$15000+,High,High,3,4,Research Director,3,Married,17639,6881,5,No,Standard,0,16,3,9+,0-1 Years,1,0-2 Years,Very High,4,16-20%,0,2-5 Years,21+ Years,3,30,High,3,4,3,0,3
50,45-54,0,No,Active,0,Travel_Rarely,3-5 Years,797,Research & Development,R & D,0-5,4,1,Below College,Life Sciences,EMP-385,Low,1,21+ Years,Male,96,$15000+,High,Medium,3,5,Research Director,2,Divorced,19144,15815,3,No,Standard,0,14,3,9+,0-1 Years,1,0-2 Years,Low,1,11-15%,2,6-10 Years,21+ Years,4,28,Medium,2,10,4,1,6
50,45-54,0,No,Active,0,Travel_Rarely,3-5 Years,989,Research & Development,R & D,6-10,7,2,College,Medical,EMP-80,Medium,2,21+ Years,Female,43,$15000+,Medium,High,2,5,Research Director,3,Divorced,18740,16701,5,Yes,Overtime,1,12,3,9+,6+ Years,4,6+ Years,Very High,4,11-15%,1,11+ Years,21+ Years,2,29,Medium,2,27,3,13,8
50,45-54,0,No,Active,0,Travel_Rarely,3-5 Years,1046,Research & Development,R & D,6-10,10,3,Bachelor,Technical Degree,EMP-491,Very High,4,11-20 Years,Male,100,$10000-$15000,Medium,Very High,2,3,Healthcare Representative,4,Single,10496,2755,6,No,Standard,0,15,3,9+,0-1 Years,1,0-2 Years,Very High,4,11-15%,0,2-5 Years,16–20 Years,2,20,High,3,4,3,1,3
50,45-54,0,No,Active,0,Travel_Rarely,3-5 Years,1126,Research & Development,R & D,0-5,1,2,College,Medical,EMP-997,Very High,4,21+ Years,Male,66,$15000+,High,Very High,3,4,Research Director,4,Divorced,17399,6615,9,No,Standard,0,22,4,9+,0-1 Years,1,0-2 Years,High,3,21%+,1,2-5 Years,21+ Years,1,32,Medium,2,5,4,1,3
50,45-54,0,No,Active,0,Travel_Rarely,3-5 Years,1452,Research & Development,R & D,11-20,11,3,Bachelor,Life Sciences,EMP-226,High,3,21+ Years,Female,53,$15000+,High,Medium,3,5,Manager,2,Single,19926,17053,3,No,Standard,0,15,3,9+,4–5 Years,3,3-5 Years,Medium,2,11-15%,0,2-5 Years,21+ Years,5,21,High,3,5,4,4,4
50,45-54,0,No,Active,0,Travel_Rarely,6-10 Years,1099,Research & Development,R & D,21+,29,4,Master,Life Sciences,EMP-569,Medium,2,21+ Years,Male,88,$15000+,Medium,High,2,4,Manager,3,Married,17046,9314,0,No,Standard,0,15,3,0,6+ Years,4,6+ Years,Medium,2,11-15%,1,11+ Years,21+ Years,2,28,High,3,27,10,15,7
50,45-54,0,No,Active,0,Travel_Rarely,6-10 Years,1207,Research & Development,R & D,21+,28,1,Below College,Medical,EMP-716,Very High,4,11-20 Years,Male,74,$3000-$5000,Very High,High,4,1,Laboratory Technician,3,Married,3221,3297,1,Yes,Overtime,1,11,3,1-2,2–3 Years,2,3-5 Years,High,3,11-15%,3,11+ Years,16–20 Years,3,20,High,3,20,8,3,8
50,45-54,1,Yes,Left,1,Travel_Frequently,0-2 Years,959,Sales,Sales,0-5,1,4,Master,Other,EMP-1113,Very High,4,0-5 Years,Male,81,$3000-$5000,High,High,3,2,Sales Executive,3,Single,4728,17251,3,Yes,Overtime,1,14,3,9+,0-1 Years,1,0-2 Years,Very High,4,11-15%,0,0-1 Years,0–5 Years,4,5,High,3,0,0,0,0
50,45-54,1,Yes,Left,1,Travel_Frequently,3-5 Years,562,Sales,Sales,6-10,8,2,College,Technical Degree,EMP-723,Medium,2,11-20 Years,Male,50,$5000-$7000,High,High,3,2,Sales Executive,3,Married,6796,23452,3,Yes,Overtime,1,14,3,9+,0-1 Years,1,0-2 Years,Low,1,11-15%,1,2-5 Years,16–20 Years,4,18,High,3,4,3,1,3
50,45-54,1,Yes,Left,1,Travel_Frequently,3-5 Years,878,Sales,Sales,0-5,1,4,Master,Life Sciences,EMP-2044,Medium,2,11-20 Years,Male,94,$5000-$7000,High,High,3,2,Sales Executive,3,Divorced,6728,14255,7,No,Standard,0,12,3,9+,0-1 Years,1,0-2 Years,Very High,4,11-15%,2,6-10 Years,11–15 Years,3,12,High,3,6,3,0,1
50,45-54,1,Yes,Left,1,Travel_Rarely,0-2 Years,410,Sales,Sales,21+,28,3,Bachelor,Marketing,EMP-2055,Very High,4,11-20 Years,Male,39,$10000-$15000,Medium,Low,2,3,Sales Executive,1,Divorced,10854,16586,4,Yes,Overtime,1,13,3,9+,2–3 Years,2,0-2 Years,Medium,2,11-15%,1,2-5 Years,16–20 Years,3,20,High,3,3,2,2,0
50,45-54,1,Yes,Left,1,Travel_Rarely,0-2 Years,869,Sales,Sales,0-5,3,2,College,Marketing,EMP-47,Low,1,0-5 Years,Male,86,$0-$3000,Medium,High,2,1,Sales Representative,3,Married,2683,3810,1,Yes,Overtime,1,14,3,1-2,0-1 Years,1,0-2 Years,High,3,11-15%,0,2-5 Years,0–5 Years,2,3,High,3,3,2,0,2
51,45-54,0,No,Active,0,Travel_Frequently,0-2 Years,541,Sales,Sales,0-5,2,3,Bachelor,Marketing,EMP-1391,Medium,2,11-20 Years,Male,52,$10000-$15000,High,Medium,3,3,Sales Executive,2,Married,10596,15395,2,No,Standard,0,11,3,1-2,2–3 Years,2,3-5 Years,Medium,2,11-15%,0,2-5 Years,11–15 Years,5,14,High,3,4,2,3,2
51,45-54,0,No,Active,0,Travel_Frequently,0-2 Years,968,Research & Development,R & D,6-10,6,2,College,Medical,EMP-1297,Medium,2,6-10 Years,Female,40,$0-$3000,Medium,High,2,1,Laboratory Technician,3,Single,2838,4257,0,No,Standard,0,14,3,0,6+ Years,4,6+ Years,Medium,2,11-15%,0,6-10 Years,6–10 Years,6,8,Medium,2,7,0,7,7
51,45-54,0,No,Active,0,Travel_Frequently,11+ Years,1456,Research & Development,R & D,0-5,1,4,Master,Medical,EMP-145,Low,1,21+ Years,Female,30,$7000-$10000,Medium,Low,2,3,Healthcare Representative,1,Single,7484,25796,3,No,Standard,0,20,4,9+,6+ Years,4,6+ Years,High,3,16-20%,0,11+ Years,21+ Years,1,23,Medium,2,13,12,12,8
51,45-54,0,No,Active,0,Travel_Frequently,6-10 Years,237,Sales,Sales,6-10,9,3,Bachelor,Life Sciences,EMP-1282,Very High,4,21+ Years,Male,83,$15000+,High,Medium,3,5,Manager,2,Divorced,19847,19196,4,Yes,Overtime,1,24,4,9+,6+ Years,4,6+ Years,Low,1,21%+,1,11+ Years,21+ Years,5,31,Medium,2,29,10,11,10
51,45-54,0,No,Active,0,Travel_Rarely,0-2 Years,432,Research & Development,R & D,6-10,9,4,Master,Life Sciences,EMP-116,Very High,4,6-10 Years,Male,96,$0-$3000,High,Very High,3,1,Laboratory Technician,4,Married,2075,18725,3,No,Standard,0,23,4,9+,0-1 Years,1,0-2 Years,Medium,2,21%+,2,2-5 Years,6–10 Years,4,10,High,3,4,2,0,3
51,45-54,0,No,Active,0,Travel_Rarely,0-2 Years,833,Research & Development,R & D,0-5,1,3,Bachelor,Life Sciences,EMP-353,High,3,0-5 Years,Male,96,$0-$3000,High,Very High,3,1,Research Scientist,4,Married,2723,23231,1,No,Standard,0,11,3,1-2,0-1 Years,1,0-2 Years,Medium,2,11-15%,0,0-1 Years,0–5 Years,0,1,Medium,2,1,0,0,0
51,45-54,0,No,Active,0,Travel_Rarely,0-2 Years,942,Research & Development,R & D,0-5,3,3,Bachelor,Technical Degree,EMP-1786,Low,1,11-20 Years,Female,53,$10000-$15000,High,High,3,3,Manager,3,Married,13116,22984,2,No,Standard,0,11,3,1-2,2–3 Years,2,0-2 Years,Very High,4,11-15%,0,2-5 Years,11–15 Years,2,15,High,3,2,2,2,2
51,45-54,0,No,Active,0,Travel_Rarely,0-2 Years,1169,Research & Development,R & D,6-10,7,4,Master,Medical,EMP-211,Medium,2,6-10 Years,Male,34,$5000-$7000,Medium,High,2,2,Manufacturing Director,3,Married,6132,13983,2,No,Standard,0,17,3,1-2,0-1 Years,1,0-2 Years,High,3,16-20%,0,0-1 Years,6–10 Years,2,10,High,3,1,0,0,0
51,45-54,0,No,Active,0,Travel_Rarely,0-2 Years,1302,Research & Development,R & D,0-5,2,3,Bachelor,Medical,EMP-408,Very High,4,11-20 Years,Male,84,$5000-$7000,Low,Medium,1,2,Manufacturing Director,2,Divorced,5482,16321,5,No,Standard,0,18,3,9+,0-1 Years,1,0-2 Years,Very High,4,16-20%,1,2-5 Years,11–15 Years,3,13,High,3,4,1,1,2
51,45-54,0,No,Active,0,Travel_Rarely,0-2 Years,1405,Research & Development,R & D,11-20,11,2,College,Technical Degree,EMP-1367,Very High,4,21+ Years,Female,82,$10000-$15000,Medium,Medium,2,4,Manufacturing Director,2,Single,13142,24439,3,No,Standard,0,16,3,9+,0-1 Years,1,0-2 Years,Medium,2,16-20%,0,2-5 Years,21+ Years,1,29,Medium,2,5,2,0,3
51,45-54,0,No,Active,0,Travel_Rarely,11+ Years,684,Research & Development,R & D,6-10,6,3,Bachelor,Life Sciences,EMP-162,Low,1,21+ Years,Male,51,$15000+,High,High,3,5,Research Director,3,Single,19537,6462,7,No,Standard,0,13,3,9+,6+ Years,4,6+ Years,High,3,11-15%,0,11+ Years,21+ Years,5,23,High,3,20,18,15,15
51,45-54,0,No,Active,0,Travel_Rarely,6-10 Years,313,Research & Development,R & D,0-5,3,3,Bachelor,Medical,EMP-258,Very High,4,21+ Years,Female,98,$10000-$15000,High,Medium,3,4,Healthcare Representative,2,Single,13734,7192,3,No,Standard,0,18,3,9+,0-1 Years,1,0-2 Years,High,3,16-20%,0,6-10 Years,21+ Years,6,21,High,3,7,7,1,0
51,45-54,0,No,Active,0,Travel_Rarely,6-10 Years,632,Sales,Sales,21+,21,4,Master,Marketing,EMP-120,High,3,11-20 Years,Male,71,$5000-$7000,High,Very High,3,2,Sales Executive,4,Single,5441,8423,0,Yes,Overtime,1,22,4,0,0-1 Years,1,0-2 Years,Very High,4,21%+,0,6-10 Years,11–15 Years,2,11,Low,1,10,7,1,0
51,45-54,0,No,Active,0,Travel_Rarely,6-10 Years,770,Human Resources,HR,0-5,5,3,Bachelor,Life Sciences,EMP-1352,High,3,21+ Years,Male,84,$10000-$15000,High,Medium,3,4,Manager,2,Divorced,14026,17588,1,Yes,Overtime,1,11,3,1-2,0-1 Years,1,0-2 Years,Medium,2,11-15%,1,11+ Years,21+ Years,2,33,High,3,33,9,0,10
51,45-54,0,No,Active,0,Travel_Rarely,6-10 Years,1178,Sales,Sales,11-20,14,2,College,Life Sciences,EMP-500,High,3,11-20 Years,Female,87,$3000-$5000,High,Very High,3,2,Sales Executive,4,Married,4936,14862,4,No,Standard,0,11,3,9+,0-1 Years,1,0-2 Years,High,3,11-15%,1,6-10 Years,16–20 Years,2,18,Medium,2,7,7,0,7
51,45-54,0,No,Active,0,Travel_Rarely,6-10 Years,1318,Sales,Sales,21+,26,4,Master,Marketing,EMP-851,Low,1,21+ Years,Female,66,$15000+,High,High,3,4,Manager,3,Married,16307,5594,2,No,Standard,0,14,3,1-2,4–5 Years,3,3-5 Years,High,3,11-15%,1,11+ Years,21+ Years,2,29,Medium,2,20,6,4,17
51,45-54,0,No,Active,0,Travel_Rarely,6-10 Years,1469,Research & Development,R & D,6-10,8,4,Master,Life Sciences,EMP-296,Medium,2,11-20 Years,Male,81,$10000-$15000,Medium,Medium,2,3,Research Director,2,Married,12490,15736,5,No,Standard,0,16,3,9+,4–5 Years,3,3-5 Years,Very High,4,16-20%,2,6-10 Years,16–20 Years,5,16,Low,1,10,9,4,7
51,45-54,1,Yes,Left,1,Travel_Frequently,0-2 Years,1150,Research & Development,R & D,6-10,8,4,Master,Life Sciences,EMP-179,Low,1,11-20 Years,Male,53,$10000-$15000,Low,Very High,1,3,Manufacturing Director,4,Single,10650,25150,2,No,Standard,0,15,3,1-2,0-1 Years,1,0-2 Years,Very High,4,11-15%,0,2-5 Years,16–20 Years,2,18,High,3,4,2,0,3
51,45-54,1,Yes,Left,1,Travel_Rarely,0-2 Years,1323,Research & Development,R & D,0-5,4,4,Master,Life Sciences,EMP-1081,Low,1,11-20 Years,Male,34,$0-$3000,High,High,3,1,Research Scientist,3,Married,2461,10332,9,Yes,Overtime,1,12,3,9+,2–3 Years,2,0-2 Years,High,3,11-15%,3,6-10 Years,16–20 Years,2,18,Very High,4,10,0,2,7
52,45-54,0,No,Active,0,Non-Travel,3-5 Years,715,Research & Development,R & D,11-20,19,4,Master,Medical,EMP-791,Very High,4,0-5 Years,Male,41,$3000-$5000,High,Very High,3,1,Research Scientist,4,Married,4258,26589,0,No,Standard,0,18,3,0,0-1 Years,1,0-2 Years,Low,1,16-20%,1,2-5 Years,0–5 Years,3,5,High,3,4,3,1,2
52,45-54,0,No,Active,0,Non-Travel,6-10 Years,585,Sales,Sales,21+,29,4,Master,Life Sciences,EMP-2019,Low,1,11-20 Years,Male,40,$3000-$5000,High,Very High,3,1,Sales Representative,4,Divorced,3482,19788,2,No,Standard,0,15,3,1-2,0-1 Years,1,0-2 Years,Medium,2,11-15%,2,6-10 Years,16–20 Years,3,16,Medium,2,9,8,0,0
52,45-54,0,No,Active,0,Non-Travel,6-10 Years,771,Sales,Sales,0-5,2,4,Master,Life Sciences,EMP-329,Low,1,21+ Years,Male,79,$15000+,Medium,High,2,5,Manager,3,Single,19068,21030,1,Yes,Overtime,1,18,3,1-2,6+ Years,4,6+ Years,Very High,4,16-20%,0,11+ Years,21+ Years,2,33,Very High,4,33,7,15,12
52,45-54,0,No,Active,0,Travel_Frequently,3-5 Years,322,Research & Development,R & D,21+,28,2,College,Medical,EMP-1401,Very High,4,21+ Years,Female,59,$10000-$15000,Very High,High,4,4,Manufacturing Director,3,Married,13247,9731,2,Yes,Overtime,1,11,3,1-2,0-1 Years,1,0-2 Years,Medium,2,11-15%,1,2-5 Years,21+ Years,3,24,Medium,2,5,3,0,2
52,45-54,0,No,Active,0,Travel_Frequently,6-10 Years,890,Research & Development,R & D,21+,25,4,Master,Medical,EMP-867,High,3,21+ Years,Female,81,$10000-$15000,Medium,Very High,2,4,Manufacturing Director,4,Married,13826,19028,3,No,Standard,0,22,4,9+,0-1 Years,1,0-2 Years,High,3,21%+,0,6-10 Years,21+ Years,3,31,High,3,9,8,0,0
52,45-54,0,No,Active,0,Travel_Rarely,0-2 Years,1323,Research & Development,R & D,0-5,2,3,Bachelor,Life Sciences,EMP-316,High,3,6-10 Years,Female,89,$3000-$5000,Medium,Very High,2,1,Laboratory Technician,4,Single,3212,3300,7,No,Standard,0,15,3,9+,2–3 Years,2,0-2 Years,Medium,2,11-15%,0,2-5 Years,6–10 Years,3,6,Medium,2,2,2,2,2
52,45-54,0,No,Active,0,Travel_Rarely,0-2 Years,1325,Research & Development,R & D,11-20,11,4,Master,Life Sciences,EMP-813,Very High,4,6-10 Years,Female,82,$3000-$5000,High,High,3,2,Laboratory Technician,3,Married,3149,21821,8,No,Standard,0,20,4,9+,0-1 Years,1,0-2 Years,Medium,2,16-20%,1,2-5 Years,6–10 Years,3,9,High,3,5,2,1,4
52,45-54,0,No,Active,0,Travel_Rarely,0-2 Years,1490,Research & Development,R & D,0-5,4,2,College,Life Sciences,EMP-546,Very High,4,21+ Years,Female,30,$15000+,High,Very High,3,4,Manager,4,Married,16555,10310,2,No,Standard,0,13,3,1-2,0-1 Years,1,0-2 Years,Very High,4,11-15%,0,2-5 Years,21+ Years,2,31,Low,1,5,2,1,4
52,45-54,0,No,Active,0,Travel_Rarely,11+ Years,699,Research & Development,R & D,0-5,1,4,Master,Life Sciences,EMP-259,High,3,21+ Years,Male,65,$15000+,Medium,High,2,5,Manager,3,Married,19999,5678,0,No,Standard,0,14,3,0,6+ Years,4,6+ Years,Low,1,11-15%,1,11+ Years,21+ Years,5,34,High,3,33,18,11,9
52,45-54,0,No,Active,0,Travel_Rarely,3-5 Years,258,Research & Development,R & D,6-10,8,4,Master,Other,EMP-1409,High,3,11-20 Years,Female,54,$0-$3000,High,Low,3,1,Laboratory Technician,1,Married,2950,17363,9,No,Standard,0,13,3,9+,0-1 Years,1,0-2 Years,High,3,11-15%,0,2-5 Years,11–15 Years,2,12,Low,1,5,4,0,4
52,45-54,0,No,Active,0,Travel_Rarely,3-5 Years,319,Research & Development,R & D,0-5,3,3,Bachelor,Medical,EMP-543,Very High,4,21+ Years,Male,39,$7000-$10000,Medium,High,2,3,Manufacturing Director,3,Married,7969,19609,2,Yes,Overtime,1,14,3,1-2,0-1 Years,1,0-2 Years,High,3,11-15%,0,2-5 Years,21+ Years,4,28,High,3,5,4,0,4
52,45-54,0,No,Active,0,Travel_Rarely,6-10 Years,621,Sales,Sales,0-5,3,4,Master,Marketing,EMP-776,High,3,21+ Years,Male,31,$15000+,Medium,Low,2,4,Manager,1,Married,16856,10084,1,No,Standard,0,11,3,1-2,0-1 Years,1,0-2 Years,Low,1,11-15%,0,11+ Years,21+ Years,3,34,Very High,4,34,6,1,16
52,45-54,0,No,Active,0,Travel_Rarely,6-10 Years,956,Research & Development,R & D,6-10,6,2,College,Technical Degree,EMP-630,Very High,4,11-20 Years,Male,78,$5000-$7000,High,Low,3,2,Research Scientist,1,Divorced,5577,22087,3,Yes,Overtime,1,12,3,9+,6+ Years,4,6+ Years,Medium,2,11-15%,2,6-10 Years,16–20 Years,3,18,High,3,10,9,6,9
52,45-54,0,No,Active,0,Travel_Rarely,6-10 Years,994,Research & Development,R & D,6-10,7,4,Master,Life Sciences,EMP-1118,Medium,2,11-20 Years,Male,87,$10000-$15000,High,Medium,3,3,Healthcare Representative,2,Single,10445,15322,7,No,Standard,0,19,3,9+,4–5 Years,3,3-5 Years,Very High,4,16-20%,0,6-10 Years,16–20 Years,4,18,High,3,8,6,4,0
52,45-54,0,No,Active,0,Travel_Rarely,6-10 Years,1053,Research & Development,R & D,0-5,1,2,College,Life Sciences,EMP-976,Very High,4,21+ Years,Male,70,$15000+,High,Very High,3,4,Manager,4,Married,17099,13829,2,No,Standard,0,15,3,1-2,6+ Years,4,6+ Years,Medium,2,11-15%,1,6-10 Years,21+ Years,2,26,Medium,2,9,8,7,8
52,45-54,1,Yes,Left,1,Travel_Rarely,0-2 Years,723,Research & Development,R & D,6-10,8,4,Master,Medical,EMP-433,High,3,11-20 Years,Male,85,$3000-$5000,Medium,Medium,2,2,Research Scientist,2,Married,4941,17747,2,No,Standard,0,15,3,1-2,6+ Years,4,6+ Years,Low,1,11-15%,0,6-10 Years,11–15 Years,3,11,Medium,2,8,2,7,7
52,45-54,1,Yes,Left,1,Travel_Rarely,11+ Years,266,Sales,Sales,0-5,2,1,Below College,Marketing,EMP-1038,Low,1,21+ Years,Female,57,$15000+,Low,Very High,1,5,Manager,4,Married,19845,25846,1,No,Standard,0,15,3,1-2,6+ Years,4,6+ Years,Very High,4,11-15%,1,11+ Years,21+ Years,3,33,High,3,32,14,6,9
52,45-54,1,Yes,Left,1,Travel_Rarely,6-10 Years,1030,Sales,Sales,0-5,5,3,Bachelor,Life Sciences,EMP-1319,Medium,2,6-10 Years,Male,64,$7000-$10000,High,Medium,3,3,Sales Executive,2,Single,8446,21534,9,Yes,Overtime,1,19,3,9+,6+ Years,4,6+ Years,High,3,16-20%,0,6-10 Years,6–10 Years,2,10,Medium,2,8,7,7,7
53,45-54,0,No,Active,0,Non-Travel,0-2 Years,661,Research & Development,R & D,0-5,1,4,Master,Medical,EMP-1775,Low,1,21+ Years,Female,60,$10000-$15000,Medium,High,2,4,Manufacturing Director,3,Married,12965,22308,4,Yes,Overtime,1,20,4,9+,0-1 Years,1,0-2 Years,Very High,4,16-20%,3,2-5 Years,21+ Years,2,27,Medium,2,3,2,0,2
53,45-54,0,No,Active,0,Travel_Frequently,6-10 Years,124,Sales,Sales,0-5,2,3,Bachelor,Marketing,EMP-1050,High,3,21+ Years,Female,38,$7000-$10000,Medium,Medium,2,3,Sales Executive,2,Married,7525,23537,2,No,Standard,0,12,3,1-2,6+ Years,4,6+ Years,Low,1,11-15%,1,11+ Years,21+ Years,2,30,High,3,15,7,6,12
53,45-54,0,No,Active,0,Travel_Rarely,0-2 Years,346,Research & Development,R & D,6-10,6,3,Bachelor,Life Sciences,EMP-769,Very High,4,11-20 Years,Male,86,$0-$3000,High,Very High,3,2,Laboratory Technician,4,Single,2450,10919,2,No,Standard,0,17,3,1-2,2–3 Years,2,0-2 Years,Very High,4,16-20%,0,2-5 Years,16–20 Years,4,19,High,3,2,2,2,2
53,45-54,0,No,Active,0,Travel_Rarely,0-2 Years,661,Sales,Sales,6-10,7,2,College,Marketing,EMP-862,Low,1,21+ Years,Female,78,$10000-$15000,Medium,Very High,2,3,Sales Executive,4,Married,10934,20715,7,Yes,Overtime,1,18,3,9+,0-1 Years,1,0-2 Years,Very High,4,16-20%,1,2-5 Years,21+ Years,3,35,High,3,5,2,0,4
53,45-54,0,No,Active,0,Travel_Rarely,0-2 Years,868,Sales,Sales,6-10,8,3,Bachelor,Marketing,EMP-897,Low,1,21+ Years,Male,73,$10000-$15000,High,Very High,3,4,Sales Executive,4,Married,11836,22789,5,No,Standard,0,14,3,9+,2–3 Years,2,0-2 Years,High,3,11-15%,1,2-5 Years,21+ Years,3,28,High,3,2,0,2,2
53,45-54,0,No,Active,0,Travel_Rarely,0-2 Years,970,Research & Development,R & D,6-10,7,3,Bachelor,Life Sciences,EMP-730,High,3,21+ Years,Male,59,$10000-$15000,Very High,High,4,4,Research Director,3,Married,14814,13514,3,No,Standard,0,19,3,9+,0-1 Years,1,0-2 Years,High,3,16-20%,0,2-5 Years,21+ Years,3,32,High,3,5,1,1,3
53,45-54,0,No,Active,0,Travel_Rarely,0-2 Years,1084,Research & Development,R & D,11-20,13,2,College,Medical,EMP-250,Very High,4,0-5 Years,Female,57,$3000-$5000,Very High,Low,4,2,Manufacturing Director,1,Divorced,4450,26250,1,No,Standard,0,11,3,1-2,0-1 Years,1,0-2 Years,High,3,11-15%,2,2-5 Years,0–5 Years,3,5,High,3,4,2,1,3
53,45-54,0,No,Active,0,Travel_Rarely,11+ Years,1282,Research & Development,R & D,0-5,5,3,Bachelor,Other,EMP-32,High,3,21+ Years,Female,58,$15000+,High,High,3,5,Manager,3,Divorced,19094,10735,4,No,Standard,0,11,3,9+,4–5 Years,3,3-5 Years,Very High,4,11-15%,1,11+ Years,21+ Years,3,26,Medium,2,14,13,4,8
53,45-54,0,No,Active,0,Travel_Rarely,11+ Years,1376,Sales,Sales,0-5,2,2,College,Medical,EMP-981,High,3,21+ Years,Male,45,$10000-$15000,High,High,3,4,Manager,3,Divorced,14852,13938,6,No,Standard,0,13,3,9+,6+ Years,4,6+ Years,High,3,11-15%,1,11+ Years,21+ Years,3,22,Very High,4,17,13,15,2
53,45-54,0,No,Active,0,Travel_Rarely,3-5 Years,1070,Research & Development,R & D,0-5,3,4,Master,Medical,EMP-386,High,3,21+ Years,Male,45,$15000+,High,High,3,4,Research Director,3,Married,17584,21016,3,Yes,Overtime,1,16,3,9+,0-1 Years,1,0-2 Years,Very High,4,16-20%,3,2-5 Years,21+ Years,5,21,Medium,2,5,3,1,3
53,45-54,0,No,Active,0,Travel_Rarely,3-5 Years,1395,Research & Development,R & D,21+,24,4,Master,Medical,EMP-1689,Medium,2,11-20 Years,Male,48,$7000-$10000,Very High,Very High,4,3,Healthcare Representative,4,Married,7005,3458,3,No,Standard,0,15,3,9+,0-1 Years,1,0-2 Years,High,3,11-15%,0,2-5 Years,11–15 Years,2,11,High,3,4,3,1,2
53,45-54,0,No,Active,0,Travel_Rarely,6-10 Years,102,Research & Development,R & D,21+,23,4,Master,Life Sciences,EMP-901,Very High,4,21+ Years,Female,72,$10000-$15000,High,Very High,3,4,Research Director,4,Single,14275,20206,6,No,Standard,0,18,3,9+,2–3 Years,2,3-5 Years,High,3,16-20%,0,11+ Years,21+ Years,0,33,High,3,12,9,3,8
53,45-54,0,No,Active,0,Travel_Rarely,6-10 Years,238,Sales,Sales,0-5,1,1,Below College,Medical,EMP-682,Very High,4,11-20 Years,Female,34,$7000-$10000,High,Low,3,2,Sales Executive,1,Single,8381,7507,7,No,Standard,0,20,4,9+,6+ Years,4,6+ Years,Very High,4,16-20%,0,11+ Years,16–20 Years,2,18,Very High,4,14,7,8,10
53,45-54,0,No,Active,0,Travel_Rarely,6-10 Years,447,Research & Development,R & D,0-5,2,3,Bachelor,Medical,EMP-1472,Very High,4,21+ Years,Male,39,$15000+,Very High,Medium,4,4,Research Director,2,Single,16598,19764,4,No,Standard,0,12,3,9+,6+ Years,4,6+ Years,Medium,2,11-15%,0,6-10 Years,21+ Years,2,35,Medium,2,9,8,8,8
53,45-54,0,No,Active,0,Travel_Rarely,6-10 Years,1219,Sales,Sales,0-5,2,4,Master,Life Sciences,EMP-23,Low,1,21+ Years,Female,78,$15000+,Medium,Very High,2,4,Manager,4,Married,15427,22021,2,No,Standard,0,16,3,1-2,2–3 Years,2,3-5 Years,High,3,16-20%,0,11+ Years,21+ Years,3,31,High,3,25,8,3,7
53,45-54,0,No,Active,0,Travel_Rarely,6-10 Years,1223,Research & Development,R & D,6-10,7,2,College,Medical,EMP-1201,Very High,4,21+ Years,Female,50,$15000+,High,High,3,5,Manager,3,Divorced,18606,18640,3,No,Standard,0,18,3,9+,4–5 Years,3,3-5 Years,Medium,2,16-20%,1,6-10 Years,21+ Years,6,26,High,3,7,7,4,7
53,45-54,0,No,Active,0,Travel_Rarely,6-10 Years,1436,Sales,Sales,6-10,6,2,College,Marketing,EMP-205,Medium,2,11-20 Years,Male,34,$0-$3000,High,High,3,2,Sales Representative,3,Married,2306,16047,2,Yes,Overtime,1,20,4,1-2,4–5 Years,3,3-5 Years,Very High,4,16-20%,1,6-10 Years,11–15 Years,3,13,Low,1,7,7,4,5
53,45-54,1,Yes,Left,1,Travel_Rarely,0-2 Years,1168,Sales,Sales,21+,24,4,Master,Life Sciences,EMP-1968,Low,1,11-20 Years,Male,66,$10000-$15000,High,Low,3,3,Sales Executive,1,Single,10448,5843,6,Yes,Overtime,1,13,3,9+,2–3 Years,2,0-2 Years,Medium,2,11-15%,0,2-5 Years,11–15 Years,2,15,Medium,2,2,2,2,2
53,45-54,1,Yes,Left,1,Travel_Rarely,6-10 Years,607,Research & Development,R & D,0-5,2,5,Doctor,Technical Degree,EMP-1572,High,3,21+ Years,Female,78,$10000-$15000,Medium,Very High,2,3,Manufacturing Director,4,Married,10169,14618,0,No,Standard,0,16,3,0,0-1 Years,1,0-2 Years,Medium,2,16-20%,1,11+ Years,21+ Years,4,34,High,3,33,7,1,9
54,45-54,0,No,Active,0,Non-Travel,3-5 Years,142,Human Resources,HR,21+,26,3,Bachelor,Human Resources,EMP-148,Very High,4,21+ Years,Female,30,$15000+,Very High,Very High,4,4,Manager,4,Single,17328,13871,2,Yes,Overtime,1,12,3,1-2,4–5 Years,3,3-5 Years,High,3,11-15%,0,2-5 Years,21+ Years,3,23,High,3,5,3,4,4
54,45-54,0,No,Active,0,Travel_Frequently,3-5 Years,928,Research & Development,R & D,11-20,20,4,Master,Life Sciences,EMP-450,Very High,4,11-20 Years,Female,31,$3000-$5000,High,High,3,2,Research Scientist,3,Single,4869,16885,3,No,Standard,0,12,3,9+,0-1 Years,1,0-2 Years,Very High,4,11-15%,0,2-5 Years,16–20 Years,4,20,Medium,2,4,3,0,3
54,45-54,0,No,Active,0,Travel_Frequently,3-5 Years,966,Research & Development,R & D,0-5,1,4,Master,Life Sciences,EMP-1245,Very High,4,21+ Years,Female,53,$10000-$15000,High,High,3,3,Manufacturing Director,3,Divorced,10502,9659,7,No,Standard,0,17,3,9+,0-1 Years,1,0-2 Years,Low,1,16-20%,1,2-5 Years,21+ Years,2,33,Low,1,5,4,1,4
54,45-54,0,No,Active,0,Travel_Frequently,6-10 Years,1050,Research & Development,R & D,11-20,11,4,Master,Medical,EMP-1520,Medium,2,21+ Years,Female,87,$15000+,High,Very High,3,4,Manager,4,Divorced,16032,24456,3,No,Standard,0,20,4,9+,0-1 Years,1,0-2 Years,Low,1,16-20%,1,11+ Years,21+ Years,2,26,High,3,14,9,1,12
54,45-54,0,No,Active,0,Travel_Rarely,0-2 Years,157,Research & Development,R & D,6-10,10,3,Bachelor,Medical,EMP-1980,High,3,6-10 Years,Female,77,$3000-$5000,High,Low,3,2,Manufacturing Director,1,Single,4440,25198,6,Yes,Overtime,1,19,3,9+,0-1 Years,1,0-2 Years,Very High,4,16-20%,0,2-5 Years,6–10 Years,3,9,High,3,5,2,1,4
54,45-54,0,No,Active,0,Travel_Rarely,0-2 Years,431,Research & Development,R & D,6-10,7,4,Master,Medical,EMP-1830,Very High,4,11-20 Years,Female,68,$5000-$7000,High,Very High,3,2,Research Scientist,4,Married,6854,15696,4,No,Standard,0,15,3,9+,0-1 Years,1,0-2 Years,Medium,2,11-15%,1,6-10 Years,11–15 Years,2,14,Medium,2,7,1,1,7
54,45-54,0,No,Active,0,Travel_Rarely,0-2 Years,548,Research & Development,R & D,6-10,8,4,Master,Life Sciences,EMP-578,High,3,11-20 Years,Female,42,$3000-$5000,High,High,3,2,Laboratory Technician,3,Single,3780,23428,7,No,Standard,0,11,3,9+,0-1 Years,1,0-2 Years,High,3,11-15%,0,0-1 Years,16–20 Years,3,19,High,3,1,0,0,0
54,45-54,0,No,Active,0,Travel_Rarely,0-2 Years,821,Research & Development,R & D,0-5,5,2,College,Medical,EMP-522,Low,1,21+ Years,Male,86,$15000+,High,Low,3,5,Research Director,1,Married,19406,8509,4,No,Standard,0,11,3,9+,0-1 Years,1,0-2 Years,High,3,11-15%,1,2-5 Years,21+ Years,4,24,Medium,2,4,2,1,2
54,45-54,0,No,Active,0,Travel_Rarely,0-2 Years,1147,Sales,Sales,0-5,3,3,Bachelor,Marketing,EMP-303,Very High,4,11-20 Years,Female,52,$5000-$7000,High,Low,3,2,Sales Executive,1,Married,5940,17011,2,No,Standard,0,14,3,1-2,0-1 Years,1,0-2 Years,Very High,4,11-15%,1,6-10 Years,16–20 Years,4,16,High,3,6,2,0,5
54,45-54,0,No,Active,0,Travel_Rarely,3-5 Years,155,Research & Development,R & D,6-10,9,2,College,Life Sciences,EMP-1969,Low,1,6-10 Years,Female,67,$0-$3000,High,High,3,2,Research Scientist,3,Married,2897,22474,3,No,Standard,0,11,3,9+,2–3 Years,2,0-2 Years,High,3,11-15%,2,2-5 Years,6–10 Years,6,9,Medium,2,4,3,2,3
54,45-54,0,No,Active,0,Travel_Rarely,3-5 Years,376,Research & Development,R & D,11-20,19,4,Master,Medical,EMP-799,Very High,4,6-10 Years,Female,95,$5000-$7000,High,Low,3,2,Manufacturing Director,1,Divorced,5485,22670,9,Yes,Overtime,1,11,3,9+,0-1 Years,1,0-2 Years,Medium,2,11-15%,2,2-5 Years,6–10 Years,4,9,High,3,5,3,1,4
54,45-54,0,No,Active,0,Travel_Rarely,3-5 Years,1082,Sales,Sales,0-5,2,4,Master,Life Sciences,EMP-1070,High,3,11-20 Years,Female,41,$10000-$15000,Medium,High,2,3,Sales Executive,3,Married,10686,8392,6,No,Standard,0,11,3,9+,6+ Years,4,6+ Years,Medium,2,11-15%,1,6-10 Years,11–15 Years,4,13,High,3,9,4,7,0
54,45-54,0,No,Active,0,Travel_Rarely,3-5 Years,1217,Research & Development,R & D,0-5,2,4,Master,Technical Degree,EMP-126,Low,1,11-20 Years,Female,60,$10000-$15000,High,High,3,3,Research Director,3,Married,13549,24001,9,No,Standard,0,12,3,9+,0-1 Years,1,0-2 Years,Low,1,11-15%,1,2-5 Years,16–20 Years,5,16,Low,1,4,3,0,3
54,45-54,0,No,Active,0,Travel_Rarely,6-10 Years,397,Human Resources,HR,11-20,19,4,Master,Medical,EMP-698,High,3,11-20 Years,Male,88,$10000-$15000,High,Medium,3,3,Human Resources,2,Married,10725,6729,2,No,Standard,0,15,3,1-2,6+ Years,4,6+ Years,High,3,11-15%,1,6-10 Years,16–20 Years,1,16,Very High,4,9,7,7,1
54,45-54,0,No,Active,0,Travel_Rarely,6-10 Years,584,Research & Development,R & D,21+,22,5,Doctor,Medical,EMP-1665,Medium,2,21+ Years,Female,91,$15000+,High,High,3,4,Manager,3,Married,17426,18685,3,No,Standard,0,25,4,9+,4–5 Years,3,3-5 Years,High,3,21%+,1,6-10 Years,21+ Years,6,36,High,3,10,8,4,7
54,45-54,0,No,Active,0,Travel_Rarely,6-10 Years,685,Research & Development,R & D,0-5,3,3,Bachelor,Life Sciences,EMP-1250,Very High,4,21+ Years,Male,85,$15000+,High,Very High,3,4,Research Director,4,Married,17779,23474,3,No,Standard,0,14,3,9+,0-1 Years,1,0-2 Years,Low,1,11-15%,0,6-10 Years,21+ Years,2,36,High,3,10,9,0,9
54,45-54,0,No,Active,0,Travel_Rarely,6-10 Years,971,Research & Development,R & D,0-5,1,3,Bachelor,Medical,EMP-1422,Very High,4,21+ Years,Female,54,$15000+,High,Very High,3,4,Research Director,4,Single,17328,5652,6,No,Standard,0,19,3,9+,6+ Years,4,6+ Years,Very High,4,16-20%,0,11+ Years,21+ Years,3,29,Medium,2,20,7,12,7
54,45-54,0,No,Active,0,Travel_Rarely,6-10 Years,1441,Research & Development,R & D,11-20,17,3,Bachelor,Technical Degree,EMP-1013,High,3,21+ Years,Female,56,$10000-$15000,High,High,3,3,Manufacturing Director,3,Married,10739,13943,8,No,Standard,0,11,3,9+,0-1 Years,1,0-2 Years,High,3,11-15%,1,6-10 Years,21+ Years,2,22,High,3,10,7,0,8
55,55+,0,No,Active,0,Non-Travel,6-10 Years,177,Research & Development,R & D,6-10,8,1,Below College,Medical,EMP-1278,Very High,4,21+ Years,Male,37,$10000-$15000,Medium,Medium,2,4,Healthcare Representative,2,Divorced,13577,25592,1,Yes,Overtime,1,15,3,1-2,6+ Years,4,6+ Years,Very High,4,11-15%,1,11+ Years,21+ Years,3,34,High,3,33,9,15,0
55,55+,0,No,Active,0,Non-Travel,6-10 Years,444,Research & Development,R & D,0-5,2,1,Below College,Medical,EMP-1074,High,3,21+ Years,Male,40,$15000+,Medium,Low,2,4,Manager,1,Single,16756,17323,7,No,Standard,0,15,3,9+,6+ Years,4,6+ Years,Medium,2,11-15%,0,6-10 Years,21+ Years,3,31,Very High,4,9,7,6,2
55,55+,0,No,Active,0,Travel_Frequently,0-2 Years,1091,Research & Development,R & D,0-5,2,1,Below College,Life Sciences,EMP-1096,Very High,4,21+ Years,Male,65,$10000-$15000,High,Medium,3,3,Manufacturing Director,2,Married,10976,15813,3,No,Standard,0,18,3,9+,0-1 Years,1,0-2 Years,Medium,2,16-20%,1,2-5 Years,21+ Years,4,23,High,3,3,2,1,2
55,55+,0,No,Active,0,Travel_Frequently,6-10 Years,135,Research & Development,R & D,11-20,18,4,Master,Medical,EMP-1034,High,3,11-20 Years,Male,62,$5000-$7000,High,Medium,3,2,Healthcare Representative,2,Married,6385,12992,3,Yes,Overtime,1,14,3,9+,6+ Years,4,6+ Years,Very High,4,11-15%,2,6-10 Years,16–20 Years,3,17,High,3,8,7,6,7
55,55+,0,No,Active,0,Travel_Rarely,0-2 Years,111,Sales,Sales,0-5,1,2,College,Life Sciences,EMP-106,Low,1,21+ Years,Male,70,$10000-$15000,High,Very High,3,3,Sales Executive,4,Married,10239,18092,3,No,Standard,0,14,3,9+,0-1 Years,1,0-2 Years,Very High,4,11-15%,1,0-1 Years,21+ Years,4,24,High,3,1,0,1,0
55,55+,0,No,Active,0,Travel_Rarely,0-2 Years,478,Research & Development,R & D,0-5,2,3,Bachelor,Medical,EMP-1770,High,3,21+ Years,Male,60,$15000+,Medium,Low,2,5,Research Director,1,Married,19038,19805,8,No,Standard,0,12,3,9+,0-1 Years,1,0-2 Years,Medium,2,11-15%,3,0-1 Years,21+ Years,2,34,High,3,1,0,0,0
55,55+,0,No,Active,0,Travel_Rarely,0-2 Years,836,Research & Development,R & D,0-5,2,4,Master,Technical Degree,EMP-1873,Medium,2,11-20 Years,Male,98,$0-$3000,Medium,Very High,2,1,Research Scientist,4,Married,2662,7975,8,No,Standard,0,20,4,9+,0-1 Years,1,0-2 Years,Medium,2,16-20%,1,2-5 Years,16–20 Years,2,19,Very High,4,5,2,0,4
55,55+,0,No,Active,0,Travel_Rarely,0-2 Years,836,Research & Development,R & D,6-10,8,3,Bachelor,Medical,EMP-84,Very High,4,21+ Years,Female,33,$10000-$15000,High,High,3,4,Manager,3,Divorced,14756,19730,2,Yes,Overtime,1,14,3,1-2,0-1 Years,1,0-2 Years,High,3,11-15%,3,2-5 Years,21+ Years,2,21,High,3,5,0,0,2
55,55+,0,No,Active,0,Travel_Rarely,0-2 Years,1229,Research & Development,R & D,0-5,4,4,Master,Life Sciences,EMP-1501,Very High,4,0-5 Years,Male,30,$3000-$5000,High,High,3,2,Healthcare Representative,3,Married,4035,16143,0,Yes,Overtime,1,16,3,0,0-1 Years,1,0-2 Years,Medium,2,16-20%,0,2-5 Years,0–5 Years,2,4,High,3,3,2,1,2
55,55+,0,No,Active,0,Travel_Rarely,0-2 Years,1441,Research & Development,R & D,21+,22,3,Bachelor,Technical Degree,EMP-1694,Low,1,6-10 Years,Male,94,$3000-$5000,Medium,Medium,2,1,Research Scientist,2,Divorced,3537,23737,5,No,Standard,0,12,3,9+,0-1 Years,1,0-2 Years,Very High,4,11-15%,1,2-5 Years,6–10 Years,1,8,High,3,4,2,1,2
55,55+,0,No,Active,0,Travel_Rarely,11+ Years,692,Research & Development,R & D,11-20,14,4,Master,Medical,EMP-254,High,3,21+ Years,Male,61,$15000+,Very High,Medium,4,5,Research Director,2,Single,18722,13339,8,No,Standard,0,11,3,9+,2–3 Years,2,0-2 Years,Very High,4,11-15%,0,11+ Years,21+ Years,3,36,High,3,24,15,2,15
55,55+,0,No,Active,0,Travel_Rarely,3-5 Years,1311,Research & Development,R & D,0-5,2,3,Bachelor,Life Sciences,EMP-505,High,3,21+ Years,Female,97,$15000+,High,Very High,3,4,Manager,4,Single,16659,23258,2,Yes,Overtime,1,13,3,1-2,0-1 Years,1,0-2 Years,High,3,11-15%,0,2-5 Years,21+ Years,2,30,High,3,5,4,1,2
55,55+,0,No,Active,0,Travel_Rarely,6-10 Years,147,Research & Development,R & D,11-20,20,2,College,Technical Degree,EMP-389,Medium,2,11-20 Years,Male,37,$5000-$7000,High,Very High,3,2,Laboratory Technician,4,Married,5415,15972,3,Yes,Overtime,1,19,3,9+,0-1 Years,1,0-2 Years,Very High,4,16-20%,1,6-10 Years,11–15 Years,4,12,High,3,10,7,0,8
55,55+,0,No,Active,0,Travel_Rarely,6-10 Years,189,Human Resources,HR,21+,26,4,Master,Human Resources,EMP-1973,High,3,21+ Years,Male,71,$15000+,Very High,Medium,4,5,Manager,2,Married,19636,25811,4,Yes,Overtime,1,18,3,9+,0-1 Years,1,0-2 Years,Low,1,16-20%,1,6-10 Years,21+ Years,0,35,High,3,10,9,1,4
55,55+,0,No,Active,0,Travel_Rarely,6-10 Years,282,Research & Development,R & D,0-5,2,2,College,Medical,EMP-1336,Very High,4,21+ Years,Female,58,$15000+,Low,High,1,5,Manager,3,Married,19187,6992,4,No,Standard,0,14,3,9+,6+ Years,4,6+ Years,Very High,4,11-15%,1,11+ Years,21+ Years,5,23,High,3,19,9,9,11
55,55+,0,No,Active,0,Travel_Rarely,6-10 Years,452,Research & Development,R & D,0-5,1,3,Bachelor,Medical,EMP-374,Very High,4,21+ Years,Male,81,$15000+,High,Low,3,5,Manager,1,Single,19045,18938,0,Yes,Overtime,1,14,3,0,4–5 Years,3,3-5 Years,High,3,11-15%,0,11+ Years,21+ Years,2,37,High,3,36,10,4,13
55,55+,0,No,Active,0,Travel_Rarely,6-10 Years,685,Sales,Sales,21+,26,5,Doctor,Marketing,EMP-1578,High,3,21+ Years,Male,60,$15000+,Medium,Very High,2,5,Manager,4,Married,19586,23037,1,No,Standard,0,21,4,1-2,2–3 Years,2,0-2 Years,High,3,21%+,1,11+ Years,21+ Years,3,36,High,3,36,6,2,13
55,55+,0,No,Active,0,Travel_Rarely,6-10 Years,1117,Sales,Sales,11-20,18,5,Doctor,Life Sciences,EMP-597,Low,1,21+ Years,Female,83,$15000+,High,Medium,3,4,Manager,2,Single,16835,9873,3,No,Standard,0,23,4,9+,6+ Years,4,6+ Years,Very High,4,21%+,0,6-10 Years,21+ Years,2,37,High,3,10,9,7,7
55,55+,0,No,Active,0,Travel_Rarely,6-10 Years,1136,Research & Development,R & D,0-5,1,4,Master,Medical,EMP-1424,Medium,2,21+ Years,Male,81,$10000-$15000,Very High,Very High,4,4,Research Director,4,Divorced,14732,12414,2,No,Standard,0,13,3,1-2,0-1 Years,1,0-2 Years,Very High,4,11-15%,2,6-10 Years,21+ Years,4,31,Very High,4,7,7,0,0
55,55+,1,Yes,Left,1,Travel_Rarely,0-2 Years,725,Research & Development,R & D,0-5,2,3,Bachelor,Medical,EMP-787,Very High,4,21+ Years,Male,78,$15000+,High,Low,3,5,Manager,1,Married,19859,21199,5,Yes,Overtime,1,13,3,9+,0-1 Years,1,0-2 Years,Very High,4,11-15%,1,2-5 Years,21+ Years,2,24,High,3,5,2,1,4
55,55+,1,Yes,Left,1,Travel_Rarely,6-10 Years,267,Sales,Sales,11-20,13,4,Master,Marketing,EMP-1372,Low,1,21+ Years,Male,85,$10000-$15000,Very High,High,4,4,Sales Executive,3,Single,13695,9277,6,Yes,Overtime,1,17,3,9+,2–3 Years,2,3-5 Years,High,3,16-20%,0,11+ Years,21+ Years,2,24,Medium,2,19,7,3,8
55,55+,1,Yes,Left,1,Travel_Rarely,6-10 Years,436,Sales,Sales,0-5,2,1,Below College,Medical,EMP-842,High,3,11-20 Years,Male,37,$5000-$7000,High,Very High,3,2,Sales Executive,4,Single,5160,21519,4,No,Standard,0,16,3,9+,6+ Years,4,6+ Years,High,3,16-20%,0,6-10 Years,11–15 Years,3,12,Medium,2,9,7,7,3
56,55+,0,No,Active,0,Non-Travel,11+ Years,667,Research & Development,R & D,0-5,1,4,Master,Life Sciences,EMP-2026,High,3,11-20 Years,Male,57,$5000-$7000,High,High,3,2,Healthcare Representative,3,Divorced,6306,26236,1,No,Standard,0,21,4,1-2,0-1 Years,1,0-2 Years,Low,1,21%+,1,11+ Years,11–15 Years,2,13,Medium,2,13,12,1,9
56,55+,0,No,Active,0,Travel_Frequently,3-5 Years,1240,Research & Development,R & D,6-10,9,3,Bachelor,Medical,EMP-1071,Low,1,11-20 Years,Female,63,$0-$3000,High,High,3,1,Research Scientist,3,Married,2942,12154,2,No,Standard,0,19,3,1-2,0-1 Years,1,0-2 Years,Medium,2,16-20%,1,2-5 Years,16–20 Years,4,18,High,3,5,4,0,3
56,55+,0,No,Active,0,Travel_Frequently,6-10 Years,906,Sales,Sales,6-10,6,3,Bachelor,Life Sciences,EMP-532,High,3,21+ Years,Female,86,$10000-$15000,Very High,Low,4,4,Sales Executive,1,Married,13212,18256,9,No,Standard,0,11,3,9+,6+ Years,4,6+ Years,Very High,4,11-15%,3,6-10 Years,21+ Years,0,36,Medium,2,7,7,7,7
56,55+,0,No,Active,0,Travel_Rarely,0-2 Years,713,Research & Development,R & D,6-10,8,3,Bachelor,Life Sciences,EMP-241,High,3,11-20 Years,Female,67,$3000-$5000,High,Low,3,1,Research Scientist,1,Divorced,4257,13939,4,Yes,Overtime,1,18,3,9+,2–3 Years,2,0-2 Years,High,3,16-20%,1,2-5 Years,16–20 Years,3,19,High,3,2,2,2,2
56,55+,0,No,Active,0,Travel_Rarely,0-2 Years,718,Research & Development,R & D,0-5,4,4,Master,Technical Degree,EMP-1191,Very High,4,21+ Years,Female,92,$15000+,High,Low,3,5,Manager,1,Divorced,19943,18575,4,No,Standard,0,13,3,9+,4–5 Years,3,3-5 Years,Very High,4,11-15%,1,2-5 Years,21+ Years,2,28,High,3,5,2,4,2
56,55+,0,No,Active,0,Travel_Rarely,0-2 Years,1255,Research & Development,R & D,0-5,1,2,College,Life Sciences,EMP-1441,Low,1,0-5 Years,Female,90,$0-$3000,High,Low,3,1,Research Scientist,1,Married,2066,10494,2,No,Standard,0,22,4,1-2,0-1 Years,1,0-2 Years,Very High,4,21%+,1,2-5 Years,0–5 Years,3,5,Very High,4,3,2,1,0
56,55+,0,No,Active,0,Travel_Rarely,0-2 Years,1443,Sales,Sales,11-20,11,5,Doctor,Marketing,EMP-1935,Very High,4,6-10 Years,Female,89,$5000-$7000,Medium,Low,2,2,Sales Executive,1,Married,5380,20328,4,No,Standard,0,16,3,9+,0-1 Years,1,0-2 Years,High,3,16-20%,1,0-1 Years,6–10 Years,3,6,High,3,0,0,0,0
56,55+,0,No,Active,0,Travel_Rarely,11+ Years,1369,Research & Development,R & D,21+,23,3,Bachelor,Life Sciences,EMP-1373,Very High,4,21+ Years,Male,68,$10000-$15000,High,Medium,3,4,Manufacturing Director,2,Married,13402,18235,4,Yes,Overtime,1,12,3,9+,6+ Years,4,6+ Years,Low,1,11-15%,1,11+ Years,21+ Years,0,33,High,3,19,16,15,9
56,55+,0,No,Active,0,Travel_Rarely,3-5 Years,206,Human Resources,HR,6-10,8,4,Master,Life Sciences,EMP-1338,Very High,4,21+ Years,Male,99,$15000+,High,Medium,3,5,Manager,2,Single,19717,4022,6,No,Standard,0,14,3,9+,6+ Years,4,6+ Years,Low,1,11-15%,0,6-10 Years,21+ Years,4,36,High,3,7,3,7,7
56,55+,0,No,Active,0,Travel_Rarely,3-5 Years,1400,Research & Development,R & D,6-10,7,3,Bachelor,Life Sciences,EMP-112,Very High,4,21+ Years,Male,49,$7000-$10000,Low,Very High,1,3,Manufacturing Director,4,Single,7260,21698,4,No,Standard,0,11,3,9+,0-1 Years,1,0-2 Years,Low,1,11-15%,0,6-10 Years,21+ Years,3,37,Medium,2,6,4,0,2
56,55+,0,No,Active,0,Travel_Rarely,6-10 Years,832,Research & Development,R & D,6-10,9,3,Bachelor,Medical,EMP-762,High,3,21+ Years,Male,81,$10000-$15000,High,Very High,3,4,Healthcare Representative,4,Married,11103,20420,7,No,Standard,0,11,3,9+,0-1 Years,1,0-2 Years,High,3,11-15%,0,6-10 Years,21+ Years,1,30,Medium,2,10,7,1,1
56,55+,1,Yes,Left,1,Travel_Rarely,0-2 Years,1162,Research & Development,R & D,21+,24,2,College,Life Sciences,EMP-1907,Low,1,0-5 Years,Male,97,$0-$3000,High,Very High,3,1,Laboratory Technician,4,Single,2587,10261,1,No,Standard,0,16,3,1-2,0-1 Years,1,0-2 Years,Very High,4,16-20%,0,2-5 Years,0–5 Years,3,5,High,3,4,2,1,0
56,55+,1,Yes,Left,1,Travel_Rarely,3-5 Years,441,Research & Development,R & D,11-20,14,4,Master,Life Sciences,EMP-161,Medium,2,6-10 Years,Female,72,$3000-$5000,High,Medium,3,1,Research Scientist,2,Married,4963,4510,9,Yes,Overtime,1,18,3,9+,4–5 Years,3,3-5 Years,Low,1,16-20%,3,2-5 Years,6–10 Years,2,7,High,3,5,4,4,3
56,55+,1,Yes,Left,1,Travel_Rarely,6-10 Years,310,Research & Development,R & D,6-10,7,2,College,Technical Degree,EMP-2032,Very High,4,11-20 Years,Male,72,$0-$3000,High,High,3,1,Laboratory Technician,3,Married,2339,3666,8,No,Standard,0,11,3,9+,6+ Years,4,6+ Years,Very High,4,11-15%,1,6-10 Years,11–15 Years,4,14,Low,1,10,9,9,8
57,55+,0,No,Active,0,Travel_Rarely,0-2 Years,210,Sales,Sales,21+,29,3,Bachelor,Marketing,EMP-568,Low,1,21+ Years,Male,56,$10000-$15000,Medium,Very High,2,4,Manager,4,Divorced,14118,22102,3,No,Standard,0,12,3,9+,0-1 Years,1,0-2 Years,High,3,11-15%,1,0-1 Years,21+ Years,3,32,Medium,2,1,0,0,0
57,55+,0,No,Active,0,Travel_Rarely,0-2 Years,593,Research & Development,R & D,0-5,1,4,Master,Medical,EMP-482,Very High,4,11-20 Years,Male,88,$5000-$7000,High,High,3,2,Healthcare Representative,3,Married,6755,2967,2,No,Standard,0,11,3,1-2,0-1 Years,1,0-2 Years,High,3,11-15%,0,2-5 Years,11–15 Years,2,15,High,3,3,2,1,2
57,55+,0,No,Active,0,Travel_Rarely,3-5 Years,334,Research & Development,R & D,21+,24,2,College,Life Sciences,EMP-223,High,3,11-20 Years,Male,83,$7000-$10000,Very High,Very High,4,3,Healthcare Representative,4,Divorced,9439,23402,3,Yes,Overtime,1,16,3,9+,0-1 Years,1,0-2 Years,Medium,2,16-20%,1,2-5 Years,11–15 Years,2,12,Low,1,5,3,1,4
57,55+,0,No,Active,0,Travel_Rarely,6-10 Years,405,Research & Development,R & D,0-5,1,2,College,Life Sciences,EMP-1483,Medium,2,11-20 Years,Male,93,$3000-$5000,Very High,High,4,2,Research Scientist,3,Married,4900,2721,0,No,Standard,0,24,4,0,2–3 Years,2,0-2 Years,Low,1,21%+,1,11+ Years,11–15 Years,2,13,Medium,2,12,9,2,8
58,55+,0,No,Active,0,Non-Travel,3-5 Years,390,Research & Development,R & D,0-5,1,4,Master,Life Sciences,EMP-422,Very High,4,11-20 Years,Male,32,$5000-$7000,Low,High,1,2,Healthcare Representative,3,Divorced,5660,17056,2,Yes,Overtime,1,13,3,1-2,0-1 Years,1,0-2 Years,Very High,4,11-15%,1,2-5 Years,11–15 Years,2,12,High,3,5,3,1,2
58,55+,0,No,Active,0,Non-Travel,6-10 Years,350,Sales,Sales,0-5,2,3,Bachelor,Medical,EMP-1824,Medium,2,21+ Years,Male,52,$15000+,High,Medium,3,4,Manager,2,Divorced,16291,22577,4,No,Standard,0,22,4,9+,6+ Years,4,6+ Years,Very High,4,21%+,1,11+ Years,21+ Years,0,37,Medium,2,16,9,14,14
58,55+,0,No,Active,0,Travel_Frequently,0-2 Years,1216,Research & Development,R & D,11-20,15,4,Master,Life Sciences,EMP-1837,Low,1,21+ Years,Male,87,$15000+,High,High,3,4,Research Director,3,Married,15787,21624,2,Yes,Overtime,1,14,3,1-2,2–3 Years,2,0-2 Years,Medium,2,11-15%,0,2-5 Years,21+ Years,3,23,High,3,2,2,2,2
58,55+,0,No,Active,0,Travel_Rarely,0-2 Years,605,Sales,Sales,21+,21,3,Bachelor,Life Sciences,EMP-1938,Very High,4,21+ Years,Female,72,$15000+,High,Very High,3,4,Manager,4,Married,17875,11761,4,Yes,Overtime,1,13,3,9+,0-1 Years,1,0-2 Years,High,3,11-15%,1,0-1 Years,21+ Years,2,29,Medium,2,1,0,0,0
58,55+,0,No,Active,0,Travel_Rarely,0-2 Years,848,Research & Development,R & D,21+,23,4,Master,Life Sciences,EMP-1308,Low,1,0-5 Years,Male,88,$0-$3000,High,High,3,1,Research Scientist,3,Divorced,2372,26076,1,No,Standard,0,12,3,1-2,2–3 Years,2,0-2 Years,Very High,4,11-15%,2,2-5 Years,0–5 Years,3,2,High,3,2,2,2,2
58,55+,0,No,Active,0,Travel_Rarely,0-2 Years,1145,Research & Development,R & D,6-10,9,3,Bachelor,Medical,EMP-214,Medium,2,6-10 Years,Female,75,$3000-$5000,Medium,Medium,2,1,Research Scientist,2,Married,3346,11873,4,Yes,Overtime,1,20,4,9+,0-1 Years,1,0-2 Years,Medium,2,16-20%,1,0-1 Years,6–10 Years,3,9,Medium,2,1,0,0,0
58,55+,0,No,Active,0,Travel_Rarely,0-2 Years,1272,Research & Development,R & D,0-5,5,3,Bachelor,Technical Degree,EMP-940,High,3,21+ Years,Female,37,$10000-$15000,Medium,Medium,2,3,Healthcare Representative,2,Divorced,10552,9255,2,Yes,Overtime,1,13,3,1-2,0-1 Years,1,0-2 Years,Very High,4,11-15%,1,6-10 Years,21+ Years,3,24,High,3,6,0,0,4
58,55+,0,No,Active,0,Travel_Rarely,6-10 Years,682,Sales,Sales,6-10,10,4,Master,Medical,EMP-131,Very High,4,21+ Years,Male,37,$10000-$15000,High,High,3,4,Sales Executive,3,Single,13872,24409,0,No,Standard,0,13,3,0,0-1 Years,1,0-2 Years,High,3,11-15%,0,11+ Years,21+ Years,1,38,Medium,2,37,10,1,8
58,55+,0,No,Active,0,Travel_Rarely,6-10 Years,1055,Research & Development,R & D,0-5,1,3,Bachelor,Medical,EMP-1423,Very High,4,21+ Years,Female,76,$15000+,High,Low,3,5,Research Director,1,Married,19701,22456,3,Yes,Overtime,1,21,4,9+,0-1 Years,1,0-2 Years,High,3,21%+,1,6-10 Years,21+ Years,3,32,High,3,9,8,1,5
58,55+,1,Yes,Left,1,Travel_Frequently,0-2 Years,781,Research & Development,R & D,0-5,2,1,Below College,Life Sciences,EMP-918,Very High,4,0-5 Years,Male,57,$0-$3000,Medium,Very High,2,1,Laboratory Technician,4,Divorced,2380,13384,9,Yes,Overtime,1,14,3,9+,0-1 Years,1,0-2 Years,Very High,4,11-15%,1,0-1 Years,0–5 Years,3,3,Medium,2,1,0,0,0
58,55+,1,Yes,Left,1,Travel_Rarely,0-2 Years,289,Research & Development,R & D,0-5,2,3,Bachelor,Technical Degree,EMP-977,Very High,4,6-10 Years,Male,51,$0-$3000,High,High,3,1,Research Scientist,3,Single,2479,26227,4,No,Standard,0,24,4,9+,0-1 Years,1,0-2 Years,Low,1,21%+,0,0-1 Years,6–10 Years,4,7,High,3,1,0,0,0
58,55+,1,Yes,Left,1,Travel_Rarely,11+ Years,286,Research & Development,R & D,0-5,2,4,Master,Life Sciences,EMP-825,Very High,4,21+ Years,Male,31,$15000+,High,Medium,3,5,Research Director,2,Single,19246,25761,7,Yes,Overtime,1,12,3,9+,6+ Years,4,6+ Years,Very High,4,11-15%,0,11+ Years,21+ Years,2,40,High,3,31,15,13,8
58,55+,1,Yes,Left,1,Travel_Rarely,6-10 Years,147,Research & Development,R & D,21+,23,4,Master,Medical,EMP-165,Very High,4,21+ Years,Female,94,$10000-$15000,High,Very High,3,3,Healthcare Representative,4,Married,10312,3465,1,No,Standard,0,12,3,1-2,6+ Years,4,6+ Years,Very High,4,11-15%,1,11+ Years,21+ Years,3,40,Medium,2,40,10,15,6
58,55+,1,Yes,Left,1,Travel_Rarely,6-10 Years,601,Research & Development,R & D,6-10,7,4,Master,Medical,EMP-1360,High,3,21+ Years,Female,53,$10000-$15000,Medium,Low,2,3,Manufacturing Director,1,Married,10008,12023,7,Yes,Overtime,1,14,3,9+,4–5 Years,3,3-5 Years,Very High,4,11-15%,0,6-10 Years,21+ Years,0,31,Medium,2,10,9,5,9
59,55+,0,No,Active,0,Non-Travel,0-2 Years,1420,Human Resources,HR,0-5,2,4,Master,Human Resources,EMP-140,High,3,21+ Years,Female,32,$15000+,Medium,Very High,2,5,Manager,4,Married,18844,21922,9,No,Standard,0,21,4,9+,2–3 Years,2,0-2 Years,Very High,4,21%+,1,2-5 Years,21+ Years,3,30,High,3,3,2,2,2
59,55+,0,No,Active,0,Travel_Frequently,3-5 Years,1225,Sales,Sales,0-5,1,1,Below College,Life Sciences,EMP-91,Low,1,11-20 Years,Female,57,$5000-$7000,Medium,High,2,2,Sales Executive,3,Single,5473,24668,7,No,Standard,0,11,3,9+,0-1 Years,1,0-2 Years,Very High,4,11-15%,0,2-5 Years,16–20 Years,2,20,Medium,2,4,3,1,3
59,55+,0,No,Active,0,Travel_Rarely,0-2 Years,142,Research & Development,R & D,0-5,3,3,Bachelor,Life Sciences,EMP-309,High,3,6-10 Years,Male,70,$0-$3000,Medium,Very High,2,1,Research Scientist,4,Married,2177,8456,3,No,Standard,0,17,3,9+,0-1 Years,1,0-2 Years,Low,1,16-20%,1,0-1 Years,6–10 Years,6,7,High,3,1,0,0,0
59,55+,0,No,Active,0,Travel_Rarely,0-2 Years,326,Sales,Sales,0-5,3,3,Bachelor,Life Sciences,EMP-1254,High,3,11-20 Years,Female,48,$5000-$7000,Medium,Very High,2,2,Sales Executive,4,Single,5171,16490,5,No,Standard,0,17,3,9+,0-1 Years,1,0-2 Years,Very High,4,16-20%,0,6-10 Years,11–15 Years,2,13,High,3,6,1,0,5
59,55+,0,No,Active,0,Travel_Rarely,0-2 Years,818,Human Resources,HR,6-10,6,2,College,Medical,EMP-321,Medium,2,6-10 Years,Male,52,$0-$3000,High,High,3,1,Human Resources,3,Married,2267,25657,8,No,Standard,0,17,3,9+,2–3 Years,2,0-2 Years,Very High,4,16-20%,0,2-5 Years,6–10 Years,2,7,Medium,2,2,2,2,2
59,55+,0,No,Active,0,Travel_Rarely,0-2 Years,1324,Research & Development,R & D,0-5,3,3,Bachelor,Medical,EMP-10,High,3,11-20 Years,Female,81,$0-$3000,Very High,Low,4,1,Laboratory Technician,1,Married,2670,9964,4,Yes,Overtime,1,20,4,9+,0-1 Years,1,0-2 Years,Low,1,16-20%,3,0-1 Years,11–15 Years,3,12,Medium,2,1,0,0,0
59,55+,0,No,Active,0,Travel_Rarely,11+ Years,1435,Sales,Sales,21+,25,3,Bachelor,Life Sciences,EMP-81,Low,1,21+ Years,Female,99,$7000-$10000,High,Low,3,3,Sales Executive,1,Single,7637,2354,7,No,Standard,0,11,3,9+,6+ Years,4,6+ Years,Very High,4,11-15%,0,11+ Years,21+ Years,3,28,Medium,2,21,16,7,9
59,55+,0,No,Active,0,Travel_Rarely,3-5 Years,715,Research & Development,R & D,0-5,2,3,Bachelor,Life Sciences,EMP-1032,High,3,21+ Years,Female,69,$10000-$15000,Medium,Very High,2,4,Manufacturing Director,4,Single,13726,21829,3,Yes,Overtime,1,13,3,9+,4–5 Years,3,3-5 Years,Low,1,11-15%,0,2-5 Years,21+ Years,4,30,High,3,5,3,4,3
59,55+,0,No,Active,0,Travel_Rarely,3-5 Years,1089,Sales,Sales,0-5,1,2,College,Technical Degree,EMP-1048,Medium,2,11-20 Years,Male,66,$10000-$15000,High,Very High,3,3,Manager,4,Married,11904,11038,3,Yes,Overtime,1,14,3,9+,0-1 Years,1,0-2 Years,High,3,11-15%,1,6-10 Years,11–15 Years,1,14,Low,1,6,4,0,4
59,55+,0,No,Active,0,Travel_Rarely,6-10 Years,1429,Research & Development,R & D,11-20,18,4,Master,Medical,EMP-1283,Very High,4,21+ Years,Male,67,$10000-$15000,High,Very High,3,3,Manufacturing Director,4,Single,10512,20002,6,No,Standard,0,12,3,9+,4–5 Years,3,3-5 Years,Very High,4,11-15%,0,6-10 Years,21+ Years,6,25,Medium,2,9,7,5,4
60,55+,0,No,Active,0,Travel_Frequently,11+ Years,1499,Sales,Sales,21+,28,3,Bachelor,Marketing,EMP-573,High,3,21+ Years,Female,80,$10000-$15000,Medium,Low,2,3,Sales Executive,1,Married,10266,2845,4,No,Standard,0,19,3,9+,6+ Years,4,6+ Years,Very High,4,16-20%,0,11+ Years,21+ Years,5,22,Very High,4,18,13,13,11
60,55+,0,No,Active,0,Travel_Rarely,0-2 Years,370,Research & Development,R & D,0-5,1,4,Master,Medical,EMP-1697,High,3,11-20 Years,Male,92,$10000-$15000,Low,Very High,1,3,Healthcare Representative,4,Divorced,10883,20467,3,No,Standard,0,20,4,9+,0-1 Years,1,0-2 Years,High,3,16-20%,1,0-1 Years,16–20 Years,2,19,Very High,4,1,0,0,0
60,55+,0,No,Active,0,Travel_Rarely,0-2 Years,1179,Sales,Sales,11-20,16,4,Master,Marketing,EMP-732,Low,1,6-10 Years,Male,84,$5000-$7000,High,Low,3,2,Sales Executive,1,Single,5405,11924,8,No,Standard,0,14,3,9+,2–3 Years,2,0-2 Years,Very High,4,11-15%,0,2-5 Years,6–10 Years,1,10,High,3,2,2,2,2
60,55+,0,No,Active,0,Travel_Rarely,6-10 Years,422,Research & Development,R & D,6-10,7,3,Bachelor,Life Sciences,EMP-549,Low,1,21+ Years,Female,41,$15000+,High,Low,3,5,Manager,1,Married,19566,3854,5,No,Standard,0,11,3,9+,6+ Years,4,6+ Years,Very High,4,11-15%,0,11+ Years,21+ Years,5,33,Low,1,29,8,11,10
60,55+,0,No,Active,0,Travel_Rarely,6-10 Years,696,Sales,Sales,6-10,7,4,Master,Marketing,EMP-1233,Medium,2,11-20 Years,Male,52,$5000-$7000,Very High,Very High,4,2,Sales Executive,4,Divorced,5220,10893,0,Yes,Overtime,1,18,3,0,0-1 Years,1,0-2 Years,Medium,2,16-20%,1,11+ Years,11–15 Years,3,12,High,3,11,7,1,9
